架次编号,时刻（s）,阶段,状态,链路裕量（dB）
T01,2203.9,climb,直连,45.925
T01,2204.897,climb,直连,57.332
T01,2205.894,climb,直连,59.011
T01,2206.89,climb,直连,61.095
T01,2207.887,climb,直连,63.842
T01,2208.884,climb,直连,67.884
T01,2209.881,climb,直连,75.679
T01,2210.878,climb,直连,82.548
T01,2211.874,climb,直连,70.073
T01,2212.871,climb,直连,65.151
T01,2213.868,climb,直连,62.029
T01,2214.865,climb,直连,59.738
T01,2215.862,climb,直连,57.926
T01,2216.859,climb,直连,56.428
T01,2217.855,climb,直连,55.15
T01,2218.852,climb,直连,54.037
T01,2219.849,climb,直连,53.05
T01,2220.846,climb,直连,52.164
T01,2221.843,climb,直连,51.36
T01,2222.839,climb,直连,50.625
T01,2223.836,climb,直连,49.946
T01,2224.833,climb,直连,49.317
T01,2225.83,climb,直连,48.73
T01,2226.827,climb,直连,48.181
T01,2227.823,climb,直连,47.664
T01,2228.82,climb,直连,47.176
T01,2229.817,climb,直连,46.715
T01,2230.814,climb,直连,46.276
T01,2231.811,climb,直连,45.859
T01,2232.807,climb,直连,45.46
T01,2233.804,climb,直连,45.08
T01,2234.801,climb,直连,44.715
T01,2235.798,climb,直连,44.365
T01,2236.795,climb,直连,44.028
T01,2237.791,climb,直连,43.704
T01,2238.788,climb,直连,43.392
T01,2239.785,climb,直连,43.09
T01,2240.782,climb,直连,42.799
T01,2241.779,climb,直连,42.517
T01,2242.776,climb,直连,42.244
T01,2243.772,climb,直连,41.979
T01,2244.769,climb,直连,41.722
T01,2245.766,climb,直连,41.473
T01,2246.763,climb,直连,41.23
T01,2247.76,climb,直连,40.994
T01,2248.756,climb,直连,40.764
T01,2249.753,climb,直连,40.541
T01,2250.75,climb,直连,40.322
T01,2251.747,climb,直连,40.11
T01,2252.744,climb,直连,39.902
T01,2253.74,climb,直连,39.699
T01,2254.737,climb,直连,39.501
T01,2255.734,climb,直连,39.307
T01,2256.731,climb,直连,39.117
T01,2257.728,climb,直连,38.932
T01,2258.724,climb,直连,38.75
T01,2259.721,climb,直连,38.572
T01,2260.718,climb,直连,38.398
T01,2261.715,climb,直连,38.227
T01,2262.712,climb,直连,38.059
T01,2263.709,climb,直连,37.895
T01,2264.705,climb,直连,37.733
T01,2265.702,climb,直连,37.575
T01,2266.699,climb,直连,37.419
T01,2267.696,climb,直连,37.266
T01,2268.693,climb,直连,37.116
T01,2269.689,climb,直连,36.968
T01,2270.686,climb,直连,36.823
T01,2271.683,climb,直连,36.68
T01,2272.68,climb,直连,36.54
T01,2273.677,climb,直连,36.401
T01,2274.673,climb,直连,36.265
T01,2275.67,climb,直连,36.131
T01,2276.667,climb,直连,35.999
T01,2277.664,climb,直连,35.869
T01,2278.661,climb,直连,35.741
T01,2279.657,climb,直连,35.615
T01,2280.654,climb,直连,35.491
T01,2281.651,climb,直连,35.368
T01,2282.648,climb,直连,35.247
T01,2283.645,climb,直连,35.128
T01,2284.641,climb,直连,35.01
T01,2285.638,climb,直连,34.894
T01,2286.635,climb,直连,34.779
T01,2287.632,climb,直连,34.666
T01,2288.629,climb,直连,34.555
T01,2289.626,climb,直连,34.444
T01,2290.622,climb,直连,34.336
T01,2291.619,climb,直连,34.228
T01,2292.616,climb,直连,34.122
T01,2293.613,climb,直连,34.017
T01,2294.61,climb,直连,33.913
T01,2295.606,climb,直连,33.811
T01,2296.603,climb,直连,33.71
T01,2297.6,climb,直连,33.61
T01,2298.597,climb,直连,33.511
T01,2299.594,climb,直连,33.413
T01,2300.59,climb,直连,33.316
T01,2301.587,climb,直连,33.221
T01,2302.584,climb,直连,33.126
T01,2303.581,climb,直连,33.032
T01,2304.578,climb,直连,32.94
T01,2305.574,climb,直连,32.848
T01,2305.574,cruise,直连,32.848
T01,2306.574,cruise,直连,32.836
T01,2307.574,cruise,直连,32.8
T01,2308.574,cruise,直连,32.741
T01,2309.573,cruise,直连,32.66
T01,2310.573,cruise,直连,32.557
T01,2311.573,cruise,直连,32.435
T01,2312.572,cruise,直连,32.296
T01,2313.572,cruise,直连,32.14
T01,2314.572,cruise,直连,31.969
T01,2315.572,cruise,直连,31.787
T01,2316.571,cruise,直连,31.593
T01,2317.571,cruise,直连,31.391
T01,2318.571,cruise,直连,31.181
T01,2319.57,cruise,直连,30.965
T01,2320.57,cruise,直连,30.745
T01,2321.57,cruise,直连,30.521
T01,2322.57,cruise,直连,30.295
T01,2323.569,cruise,直连,30.067
T01,2324.569,cruise,直连,29.839
T01,2325.569,cruise,直连,29.61
T01,2326.568,cruise,直连,29.382
T01,2327.568,cruise,直连,29.155
T01,2328.568,cruise,直连,28.93
T01,2329.568,cruise,直连,28.707
T01,2330.567,cruise,直连,28.485
T01,2331.567,cruise,直连,28.266
T01,2332.567,cruise,直连,28.05
T01,2333.566,cruise,直连,27.836
T01,2334.566,cruise,直连,27.625
T01,2335.566,cruise,直连,27.417
T01,2336.565,cruise,直连,27.212
T01,2337.565,cruise,直连,27.01
T01,2338.565,cruise,直连,26.811
T01,2339.565,cruise,直连,26.614
T01,2340.564,cruise,直连,26.421
T01,2341.564,cruise,直连,26.231
T01,2342.564,cruise,直连,26.044
T01,2343.563,cruise,直连,25.86
T01,2344.563,cruise,直连,25.678
T01,2345.563,cruise,直连,25.5
T01,2346.563,cruise,直连,25.324
T01,2347.562,cruise,直连,25.151
T01,2348.562,cruise,直连,24.98
T01,2349.562,cruise,直连,24.813
T01,2350.561,cruise,直连,24.648
T01,2351.561,cruise,直连,24.485
T01,2352.561,cruise,直连,24.325
T01,2353.561,cruise,直连,24.167
T01,2354.56,cruise,直连,24.012
T01,2355.56,cruise,直连,23.859
T01,2356.56,cruise,直连,23.709
T01,2357.559,cruise,直连,23.56
T01,2358.559,cruise,直连,23.414
T01,2359.559,cruise,直连,23.27
T01,2360.559,cruise,直连,23.128
T01,2361.558,cruise,直连,22.988
T01,2362.558,cruise,直连,22.849
T01,2363.558,cruise,直连,22.713
T01,2364.557,cruise,直连,22.579
T01,2365.557,cruise,直连,22.446
T01,2366.557,cruise,直连,22.316
T01,2367.557,cruise,直连,22.187
T01,2368.556,cruise,直连,22.06
T01,2369.556,cruise,直连,21.934
T01,2370.556,cruise,直连,21.81
T01,2371.555,cruise,直连,21.688
T01,2372.555,cruise,直连,21.567
T01,2373.555,cruise,直连,21.448
T01,2374.554,cruise,直连,21.33
T01,2375.554,cruise,直连,21.214
T01,2376.554,cruise,直连,21.099
T01,2377.554,cruise,直连,20.986
T01,2378.553,cruise,直连,20.873
T01,2379.553,cruise,直连,20.763
T01,2380.553,cruise,直连,20.653
T01,2381.552,cruise,直连,20.545
T01,2382.552,cruise,直连,20.438
T01,2383.552,cruise,直连,20.332
T01,2384.552,cruise,直连,20.228
T01,2385.551,cruise,直连,20.124
T01,2386.551,cruise,直连,20.022
T01,2387.551,cruise,直连,19.921
T01,2388.55,cruise,直连,19.821
T01,2389.55,cruise,直连,19.722
T01,2390.55,cruise,直连,19.624
T01,2391.55,cruise,直连,19.528
T01,2392.549,cruise,直连,19.432
T01,2393.549,cruise,直连,19.337
T01,2394.549,cruise,直连,19.243
T01,2395.548,cruise,直连,19.15
T01,2396.548,cruise,直连,19.058
T01,2397.548,cruise,直连,18.967
T01,2398.548,cruise,直连,18.877
T01,2399.547,cruise,直连,18.788
T01,2400.547,cruise,直连,18.7
T01,2401.547,cruise,直连,18.612
T01,2402.546,cruise,直连,18.526
T01,2403.546,cruise,直连,18.44
T01,2404.546,cruise,直连,18.355
T01,2405.546,cruise,直连,18.271
T01,2406.545,cruise,直连,18.187
T01,2407.545,cruise,直连,18.104
T01,2408.545,cruise,直连,18.023
T01,2409.544,cruise,直连,17.941
T01,2410.544,cruise,直连,17.861
T01,2411.544,cruise,直连,17.781
T01,2412.543,cruise,直连,17.702
T01,2413.543,cruise,直连,17.624
T01,2414.543,cruise,直连,17.546
T01,2415.543,cruise,直连,17.469
T01,2416.542,cruise,直连,17.393
T01,2417.542,cruise,直连,17.317
T01,2418.542,cruise,直连,17.242
T01,2419.541,cruise,直连,17.168
T01,2420.541,cruise,直连,17.094
T01,2421.541,cruise,直连,17.02
T01,2422.541,cruise,直连,16.948
T01,2423.54,cruise,直连,16.876
T01,2424.54,cruise,直连,16.804
T01,2425.54,cruise,直连,16.733
T01,2426.539,cruise,直连,6.663
T01,2427.539,cruise,直连,6.593
T01,2428.539,cruise,直连,6.524
T01,2429.539,cruise,直连,6.455
T01,2430.538,cruise,直连,6.387
T01,2431.538,cruise,直连,6.32
T01,2432.538,cruise,直连,6.252
T01,2433.537,cruise,直连,6.186
T01,2434.537,cruise,直连,6.12
T01,2435.537,cruise,直连,6.054
T01,2436.537,cruise,直连,5.989
T01,2437.536,cruise,直连,5.924
T01,2438.536,cruise,直连,5.86
T01,2439.536,cruise,直连,5.796
T01,2440.535,cruise,直连,5.733
T01,2441.535,cruise,直连,5.67
T01,2442.535,cruise,直连,5.608
T01,2443.535,cruise,直连,5.546
T01,2444.534,cruise,直连,5.484
T01,2445.534,cruise,直连,5.423
T01,2446.534,cruise,直连,5.362
T01,2447.533,cruise,直连,5.302
T01,2448.533,cruise,直连,5.242
T01,2449.533,cruise,直连,5.182
T01,2450.532,cruise,直连,5.123
T01,2451.532,cruise,直连,5.065
T01,2452.532,cruise,直连,5.006
T01,2453.532,cruise,直连,4.948
T01,2454.531,cruise,直连,4.891
T01,2455.531,cruise,直连,4.834
T01,2456.531,cruise,直连,4.777
T01,2457.53,cruise,直连,4.72
T01,2458.53,cruise,直连,4.664
T01,2459.53,cruise,直连,4.609
T01,2460.53,cruise,直连,4.553
T01,2461.529,cruise,直连,4.498
T01,2462.529,cruise,直连,4.444
T01,2463.529,cruise,直连,4.389
T01,2464.528,cruise,直连,4.335
T01,2465.528,cruise,直连,4.281
T01,2466.528,cruise,直连,4.228
T01,2467.528,cruise,直连,4.175
T01,2468.527,cruise,直连,4.122
T01,2469.527,cruise,直连,4.07
T01,2470.527,cruise,直连,4.018
T01,2471.526,cruise,直连,3.966
T01,2472.526,cruise,直连,3.915
T01,2473.526,cruise,直连,3.863
T01,2474.526,cruise,直连,3.812
T01,2475.525,cruise,直连,3.762
T01,2476.525,cruise,直连,3.711
T01,2477.525,cruise,直连,3.661
T01,2478.524,cruise,直连,3.612
T01,2479.524,cruise,直连,3.562
T01,2480.524,cruise,直连,3.513
T01,2481.524,cruise,直连,3.464
T01,2482.523,cruise,直连,3.415
T01,2483.523,cruise,直连,3.367
T01,2484.523,cruise,直连,3.319
T01,2485.522,cruise,直连,3.271
T01,2486.522,cruise,直连,3.224
T01,2487.522,cruise,直连,3.176
T01,2488.521,cruise,直连,3.129
T01,2489.521,cruise,直连,3.082
T01,2490.521,cruise,直连,3.036
T01,2491.521,cruise,直连,2.989
T01,2492.52,cruise,直连,2.943
T01,2493.52,cruise,直连,2.897
T01,2494.52,cruise,直连,2.852
T01,2495.519,cruise,直连,2.806
T01,2496.519,cruise,直连,2.761
T01,2497.519,cruise,直连,2.716
T01,2498.519,cruise,直连,2.672
T01,2499.518,cruise,直连,2.627
T01,2500.518,cruise,直连,2.583
T01,2501.518,cruise,直连,2.539
T01,2502.517,cruise,直连,2.495
T01,2503.517,cruise,直连,2.452
T01,2504.517,cruise,直连,2.408
T01,2505.517,cruise,直连,2.365
T01,2506.516,cruise,直连,2.322
T01,2507.516,cruise,直连,2.279
T01,2508.516,cruise,直连,2.237
T01,2509.515,cruise,直连,2.195
T01,2510.515,cruise,直连,2.153
T01,2511.515,cruise,直连,2.111
T01,2512.515,cruise,直连,2.069
T01,2513.514,cruise,直连,2.027
T01,2514.514,cruise,直连,1.986
T01,2515.514,cruise,直连,1.945
T01,2516.513,cruise,直连,1.904
T01,2517.513,cruise,直连,1.863
T01,2518.513,cruise,直连,1.823
T01,2519.513,cruise,直连,1.782
T01,2520.512,cruise,直连,1.742
T01,2521.512,cruise,直连,1.702
T01,2522.512,cruise,直连,1.662
T01,2523.511,cruise,直连,1.623
T01,2524.511,cruise,直连,1.583
T01,2525.511,cruise,直连,1.544
T01,2526.51,cruise,直连,1.505
T01,2527.51,cruise,直连,1.466
T01,2528.51,cruise,直连,1.427
T01,2529.51,cruise,直连,1.389
T01,2530.509,cruise,直连,1.35
T01,2531.509,cruise,直连,1.312
T01,2532.509,cruise,直连,1.274
T01,2533.508,cruise,直连,1.236
T01,2534.508,cruise,直连,1.198
T01,2535.508,cruise,直连,1.161
T01,2536.508,cruise,直连,1.123
T01,2537.507,cruise,直连,1.086
T01,2538.507,cruise,直连,1.049
T01,2539.507,cruise,直连,1.012
T01,2540.506,cruise,直连,0.975
T01,2541.506,cruise,直连,0.938
T01,2542.506,cruise,直连,0.902
T01,2543.506,cruise,直连,0.866
T01,2544.505,cruise,直连,0.829
T01,2545.505,cruise,直连,0.793
T01,2546.505,cruise,直连,0.758
T01,2547.504,cruise,直连,0.722
T01,2548.504,cruise,直连,0.686
T01,2549.504,cruise,直连,0.651
T01,2550.504,cruise,直连,0.615
T01,2551.503,cruise,直连,0.58
T01,2552.503,cruise,直连,0.545
T01,2553.503,cruise,直连,0.51
T01,2554.502,cruise,直连,0.476
T01,2555.502,cruise,直连,0.441
T01,2556.502,cruise,直连,0.406
T01,2557.501,cruise,直连,0.372
T01,2558.501,cruise,直连,0.338
T01,2559.501,cruise,直连,0.304
T01,2560.501,cruise,直连,0.27
T01,2561.5,cruise,直连,0.236
T01,2562.5,cruise,直连,0.202
T01,2563.5,cruise,直连,0.169
T01,2564.499,cruise,直连,0.135
T01,2565.499,cruise,直连,0.102
T01,2566.499,cruise,直连,0.069
T01,2567.499,cruise,直连,0.036
T01,2568.498,cruise,直连,0.003
T01,2569.498,cruise,中继,2.306
T01,2570.498,cruise,中继,2.306
T01,2571.497,cruise,中继,2.306
T01,2572.497,cruise,中继,2.306
T01,2573.497,cruise,中继,2.306
T01,2574.497,cruise,中继,2.306
T01,2575.496,cruise,中继,2.306
T01,2576.496,cruise,中继,2.306
T01,2577.496,cruise,中继,2.306
T01,2578.495,cruise,中继,2.306
T01,2579.495,cruise,中继,2.306
T01,2580.495,cruise,中继,2.306
T01,2581.495,cruise,中继,2.306
T01,2582.494,cruise,中继,2.306
T01,2583.494,cruise,中继,2.306
T01,2584.494,cruise,中继,2.306
T01,2585.493,cruise,中继,2.306
T01,2586.493,cruise,中继,2.306
T01,2587.493,cruise,中继,2.306
T01,2588.493,cruise,中继,2.306
T01,2589.492,cruise,中继,2.306
T01,2590.492,cruise,中继,2.306
T01,2591.492,cruise,中继,2.306
T01,2592.491,cruise,中继,2.306
T01,2593.491,cruise,中继,2.306
T01,2594.491,cruise,中继,2.306
T01,2595.49,cruise,中继,2.306
T01,2596.49,cruise,中继,2.306
T01,2597.49,cruise,中继,2.306
T01,2598.49,cruise,中继,2.306
T01,2599.489,cruise,中继,2.306
T01,2600.489,cruise,中继,2.306
T01,2601.489,cruise,中继,2.306
T01,2602.488,cruise,中继,2.306
T01,2603.488,cruise,中继,2.306
T01,2604.488,cruise,中继,2.306
T01,2605.488,cruise,中继,2.306
T01,2606.487,cruise,中继,2.306
T01,2607.487,cruise,中继,2.306
T01,2608.487,cruise,中继,2.306
T01,2609.486,cruise,中继,2.306
T01,2610.486,cruise,中继,2.306
T01,2611.486,cruise,中继,2.306
T01,2612.486,cruise,中继,2.306
T01,2613.485,cruise,中继,2.306
T01,2614.485,cruise,中继,2.306
T01,2615.485,cruise,中继,2.306
T01,2616.484,cruise,中继,2.306
T01,2617.484,cruise,中继,2.306
T01,2618.484,cruise,中继,2.306
T01,2619.484,cruise,中继,2.306
T01,2620.483,cruise,中继,2.306
T01,2621.483,cruise,中继,2.306
T01,2622.483,cruise,中继,2.306
T01,2623.482,cruise,中继,2.306
T01,2624.482,cruise,中继,2.306
T01,2624.482,descent,中继,2.306
T01,2625.465,descent,中继,2.306
T01,2626.449,descent,中继,2.306
T01,2627.432,descent,中继,2.306
T01,2628.415,descent,中继,2.306
T01,2629.399,descent,中继,2.306
T01,2630.382,descent,中继,2.306
T01,2631.365,descent,中继,2.306
T01,2632.349,descent,中继,2.306
T01,2633.332,descent,中继,2.306
T01,2634.315,descent,中继,2.306
T01,2635.299,descent,中继,2.306
T01,2636.282,descent,中继,2.306
T01,2637.265,descent,中继,2.306
T01,2638.248,descent,中继,2.306
T01,2639.232,descent,中继,2.306
T01,2640.215,descent,中继,2.306
T01,2641.198,descent,中继,2.306
T01,2642.182,descent,中继,2.306
T01,2643.165,descent,中继,2.306
T01,2644.148,descent,中继,2.306
T01,2645.132,descent,中继,2.306
T01,2646.115,descent,中继,2.306
T01,2647.098,descent,中继,2.306
T01,2648.082,descent,中继,2.306
T01,2649.065,descent,中继,2.306
T01,2650.048,descent,中继,2.306
T01,2651.032,descent,中继,2.306
T01,2652.015,descent,中继,2.306
T01,2652.998,descent,中继,2.306
T01,2653.982,descent,中继,2.306
T01,2654.965,descent,中继,2.306
T01,2655.948,descent,中继,2.306
T01,2656.931,descent,中继,2.306
T01,2656.931,handover,中继,2.306
T01,2896.931,handover,中继,2.306
T01,2896.931,climb,中继,2.306
T01,2897.897,climb,中继,2.306
T01,2898.863,climb,中继,2.306
T01,2899.829,climb,中继,2.306
T01,2900.794,climb,中继,2.306
T01,2901.76,climb,中继,2.306
T01,2902.726,climb,中继,2.306
T01,2903.692,climb,中继,2.306
T01,2904.658,climb,中继,2.306
T01,2905.623,climb,中继,2.306
T01,2906.589,climb,中继,2.306
T01,2907.555,climb,中继,2.306
T01,2908.521,climb,中继,2.306
T01,2909.486,climb,中继,2.306
T01,2910.452,climb,中继,2.306
T01,2911.418,climb,中继,2.306
T01,2912.384,climb,中继,2.306
T01,2913.349,climb,中继,2.306
T01,2914.315,climb,中继,2.306
T01,2915.281,climb,中继,2.306
T01,2916.247,climb,中继,2.306
T01,2917.212,climb,中继,2.306
T01,2918.178,climb,中继,2.306
T01,2919.144,climb,中继,2.306
T01,2920.11,climb,中继,2.306
T01,2921.075,climb,中继,2.306
T01,2922.041,climb,中继,2.306
T01,2923.007,climb,中继,2.306
T01,2923.973,climb,中继,2.306
T01,2923.973,cruise,中继,2.306
T01,2924.972,cruise,中继,2.306
T01,2925.972,cruise,中继,2.306
T01,2926.972,cruise,中继,2.306
T01,2927.971,cruise,中继,2.306
T01,2928.971,cruise,中继,2.306
T01,2929.971,cruise,中继,2.306
T01,2930.971,cruise,中继,2.306
T01,2931.97,cruise,中继,2.306
T01,2932.97,cruise,中继,2.306
T01,2933.97,cruise,中继,2.306
T01,2934.969,cruise,中继,2.306
T01,2935.969,cruise,中继,2.306
T01,2936.969,cruise,中继,2.306
T01,2937.969,cruise,中继,2.306
T01,2938.968,cruise,中继,2.306
T01,2939.968,cruise,中继,2.306
T01,2940.968,cruise,中继,2.306
T01,2941.967,cruise,中继,2.306
T01,2942.967,cruise,中继,2.306
T01,2943.967,cruise,中继,2.306
T01,2944.967,cruise,中继,2.306
T01,2945.966,cruise,中继,2.306
T01,2946.966,cruise,中继,2.306
T01,2947.966,cruise,中继,2.306
T01,2948.965,cruise,中继,2.306
T01,2949.965,cruise,中继,2.306
T01,2950.965,cruise,中继,2.306
T01,2951.965,cruise,中继,2.306
T01,2952.964,cruise,中继,2.306
T01,2953.964,cruise,中继,2.306
T01,2954.964,cruise,中继,2.306
T01,2955.963,cruise,中继,2.306
T01,2956.963,cruise,中继,2.306
T01,2957.963,cruise,中继,2.306
T01,2958.962,cruise,中继,2.306
T01,2959.962,cruise,中继,2.306
T01,2960.962,cruise,中继,2.306
T01,2961.962,cruise,中继,2.306
T01,2962.961,cruise,中继,2.306
T01,2963.961,cruise,中继,2.306
T01,2964.961,cruise,中继,2.306
T01,2965.96,cruise,中继,2.306
T01,2966.96,cruise,中继,2.306
T01,2967.96,cruise,中继,2.306
T01,2968.96,cruise,中继,2.306
T01,2969.959,cruise,中继,2.306
T01,2970.959,cruise,中继,2.306
T01,2971.959,cruise,中继,2.306
T01,2972.958,cruise,中继,2.306
T01,2973.958,cruise,中继,2.306
T01,2974.958,cruise,中继,2.306
T01,2975.958,cruise,中继,2.306
T01,2976.957,cruise,中继,2.306
T01,2977.957,cruise,中继,2.306
T01,2978.957,cruise,中继,2.306
T01,2979.956,cruise,直连,0.003
T01,2980.956,cruise,直连,0.036
T01,2981.956,cruise,直连,0.069
T01,2982.956,cruise,直连,0.102
T01,2983.955,cruise,直连,0.135
T01,2984.955,cruise,直连,0.169
T01,2985.955,cruise,直连,0.202
T01,2986.954,cruise,直连,0.236
T01,2987.954,cruise,直连,0.27
T01,2988.954,cruise,直连,0.304
T01,2989.953,cruise,直连,0.338
T01,2990.953,cruise,直连,0.372
T01,2991.953,cruise,直连,0.406
T01,2992.953,cruise,直连,0.441
T01,2993.952,cruise,直连,0.476
T01,2994.952,cruise,直连,0.51
T01,2995.952,cruise,直连,0.545
T01,2996.951,cruise,直连,0.58
T01,2997.951,cruise,直连,0.615
T01,2998.951,cruise,直连,0.651
T01,2999.951,cruise,直连,0.686
T01,3000.95,cruise,直连,0.722
T01,3001.95,cruise,直连,0.758
T01,3002.95,cruise,直连,0.793
T01,3003.949,cruise,直连,0.829
T01,3004.949,cruise,直连,0.866
T01,3005.949,cruise,直连,0.902
T01,3006.949,cruise,直连,0.938
T01,3007.948,cruise,直连,0.975
T01,3008.948,cruise,直连,1.012
T01,3009.948,cruise,直连,1.049
T01,3010.947,cruise,直连,1.086
T01,3011.947,cruise,直连,1.123
T01,3012.947,cruise,直连,1.161
T01,3013.947,cruise,直连,1.198
T01,3014.946,cruise,直连,1.236
T01,3015.946,cruise,直连,1.274
T01,3016.946,cruise,直连,1.312
T01,3017.945,cruise,直连,1.35
T01,3018.945,cruise,直连,1.389
T01,3019.945,cruise,直连,1.427
T01,3020.945,cruise,直连,1.466
T01,3021.944,cruise,直连,1.505
T01,3022.944,cruise,直连,1.544
T01,3023.944,cruise,直连,1.583
T01,3024.943,cruise,直连,1.623
T01,3025.943,cruise,直连,1.662
T01,3026.943,cruise,直连,1.702
T01,3027.942,cruise,直连,1.742
T01,3028.942,cruise,直连,1.782
T01,3029.942,cruise,直连,1.823
T01,3030.942,cruise,直连,1.863
T01,3031.941,cruise,直连,1.904
T01,3032.941,cruise,直连,1.945
T01,3033.941,cruise,直连,1.986
T01,3034.94,cruise,直连,2.027
T01,3035.94,cruise,直连,2.069
T01,3036.94,cruise,直连,2.111
T01,3037.94,cruise,直连,2.153
T01,3038.939,cruise,直连,2.195
T01,3039.939,cruise,直连,2.237
T01,3040.939,cruise,直连,2.279
T01,3041.938,cruise,直连,2.322
T01,3042.938,cruise,直连,2.365
T01,3043.938,cruise,直连,2.408
T01,3044.938,cruise,直连,2.452
T01,3045.937,cruise,直连,2.495
T01,3046.937,cruise,直连,2.539
T01,3047.937,cruise,直连,2.583
T01,3048.936,cruise,直连,2.627
T01,3049.936,cruise,直连,2.672
T01,3050.936,cruise,直连,2.716
T01,3051.936,cruise,直连,2.761
T01,3052.935,cruise,直连,2.806
T01,3053.935,cruise,直连,2.852
T01,3054.935,cruise,直连,2.897
T01,3055.934,cruise,直连,2.943
T01,3056.934,cruise,直连,2.989
T01,3057.934,cruise,直连,3.036
T01,3058.934,cruise,直连,3.082
T01,3059.933,cruise,直连,3.129
T01,3060.933,cruise,直连,3.176
T01,3061.933,cruise,直连,3.224
T01,3062.932,cruise,直连,3.271
T01,3063.932,cruise,直连,3.319
T01,3064.932,cruise,直连,3.367
T01,3065.931,cruise,直连,3.415
T01,3066.931,cruise,直连,3.464
T01,3067.931,cruise,直连,3.513
T01,3068.931,cruise,直连,3.562
T01,3069.93,cruise,直连,3.612
T01,3070.93,cruise,直连,3.661
T01,3071.93,cruise,直连,3.711
T01,3072.929,cruise,直连,3.762
T01,3073.929,cruise,直连,3.812
T01,3074.929,cruise,直连,3.863
T01,3075.929,cruise,直连,3.915
T01,3076.928,cruise,直连,3.966
T01,3077.928,cruise,直连,4.018
T01,3078.928,cruise,直连,4.07
T01,3079.927,cruise,直连,4.122
T01,3080.927,cruise,直连,4.175
T01,3081.927,cruise,直连,4.228
T01,3082.927,cruise,直连,4.281
T01,3083.926,cruise,直连,4.335
T01,3084.926,cruise,直连,4.389
T01,3085.926,cruise,直连,4.444
T01,3086.925,cruise,直连,4.498
T01,3087.925,cruise,直连,4.553
T01,3088.925,cruise,直连,4.609
T01,3089.925,cruise,直连,4.664
T01,3090.924,cruise,直连,4.72
T01,3091.924,cruise,直连,4.777
T01,3092.924,cruise,直连,4.834
T01,3093.923,cruise,直连,4.891
T01,3094.923,cruise,直连,4.948
T01,3095.923,cruise,直连,5.006
T01,3096.923,cruise,直连,5.065
T01,3097.922,cruise,直连,5.123
T01,3098.922,cruise,直连,5.182
T01,3099.922,cruise,直连,5.242
T01,3100.921,cruise,直连,5.302
T01,3101.921,cruise,直连,5.362
T01,3102.921,cruise,直连,5.423
T01,3103.92,cruise,直连,5.484
T01,3104.92,cruise,直连,5.546
T01,3105.92,cruise,直连,5.608
T01,3106.92,cruise,直连,5.67
T01,3107.919,cruise,直连,5.733
T01,3108.919,cruise,直连,5.796
T01,3109.919,cruise,直连,5.86
T01,3110.918,cruise,直连,5.924
T01,3111.918,cruise,直连,5.989
T01,3112.918,cruise,直连,6.054
T01,3113.918,cruise,直连,6.12
T01,3114.917,cruise,直连,6.186
T01,3115.917,cruise,直连,6.252
T01,3116.917,cruise,直连,6.32
T01,3117.916,cruise,直连,6.387
T01,3118.916,cruise,直连,6.455
T01,3119.916,cruise,直连,6.524
T01,3120.916,cruise,直连,6.593
T01,3121.915,cruise,直连,6.663
T01,3122.915,cruise,直连,16.733
T01,3123.915,cruise,直连,16.804
T01,3124.914,cruise,直连,16.876
T01,3125.914,cruise,直连,16.948
T01,3126.914,cruise,直连,17.02
T01,3127.914,cruise,直连,17.094
T01,3128.913,cruise,直连,17.168
T01,3129.913,cruise,直连,17.242
T01,3130.913,cruise,直连,17.317
T01,3131.912,cruise,直连,17.393
T01,3132.912,cruise,直连,17.469
T01,3133.912,cruise,直连,17.546
T01,3134.912,cruise,直连,17.624
T01,3135.911,cruise,直连,17.702
T01,3136.911,cruise,直连,17.781
T01,3137.911,cruise,直连,17.861
T01,3138.91,cruise,直连,17.941
T01,3139.91,cruise,直连,18.023
T01,3140.91,cruise,直连,18.104
T01,3141.909,cruise,直连,18.187
T01,3142.909,cruise,直连,18.271
T01,3143.909,cruise,直连,18.355
T01,3144.909,cruise,直连,18.44
T01,3145.908,cruise,直连,18.526
T01,3146.908,cruise,直连,18.612
T01,3147.908,cruise,直连,18.7
T01,3148.907,cruise,直连,18.788
T01,3149.907,cruise,直连,18.877
T01,3150.907,cruise,直连,18.967
T01,3151.907,cruise,直连,19.058
T01,3152.906,cruise,直连,19.15
T01,3153.906,cruise,直连,19.243
T01,3154.906,cruise,直连,19.337
T01,3155.905,cruise,直连,19.432
T01,3156.905,cruise,直连,19.528
T01,3157.905,cruise,直连,19.624
T01,3158.905,cruise,直连,19.722
T01,3159.904,cruise,直连,19.821
T01,3160.904,cruise,直连,19.921
T01,3161.904,cruise,直连,20.022
T01,3162.903,cruise,直连,20.124
T01,3163.903,cruise,直连,20.228
T01,3164.903,cruise,直连,20.332
T01,3165.903,cruise,直连,20.438
T01,3166.902,cruise,直连,20.545
T01,3167.902,cruise,直连,20.653
T01,3168.902,cruise,直连,20.763
T01,3169.901,cruise,直连,20.873
T01,3170.901,cruise,直连,20.986
T01,3171.901,cruise,直连,21.099
T01,3172.901,cruise,直连,21.214
T01,3173.9,cruise,直连,21.33
T01,3174.9,cruise,直连,21.448
T01,3175.9,cruise,直连,21.567
T01,3176.899,cruise,直连,21.688
T01,3177.899,cruise,直连,21.81
T01,3178.899,cruise,直连,21.934
T01,3179.898,cruise,直连,22.06
T01,3180.898,cruise,直连,22.187
T01,3181.898,cruise,直连,22.316
T01,3182.898,cruise,直连,22.446
T01,3183.897,cruise,直连,22.579
T01,3184.897,cruise,直连,22.713
T01,3185.897,cruise,直连,22.849
T01,3186.896,cruise,直连,22.988
T01,3187.896,cruise,直连,23.128
T01,3188.896,cruise,直连,23.27
T01,3189.896,cruise,直连,23.414
T01,3190.895,cruise,直连,23.56
T01,3191.895,cruise,直连,23.709
T01,3192.895,cruise,直连,23.859
T01,3193.894,cruise,直连,24.012
T01,3194.894,cruise,直连,24.167
T01,3195.894,cruise,直连,24.325
T01,3196.894,cruise,直连,24.485
T01,3197.893,cruise,直连,24.648
T01,3198.893,cruise,直连,24.813
T01,3199.893,cruise,直连,24.98
T01,3200.892,cruise,直连,25.151
T01,3201.892,cruise,直连,25.324
T01,3202.892,cruise,直连,25.5
T01,3203.892,cruise,直连,25.678
T01,3204.891,cruise,直连,25.86
T01,3205.891,cruise,直连,26.044
T01,3206.891,cruise,直连,26.231
T01,3207.89,cruise,直连,26.421
T01,3208.89,cruise,直连,26.614
T01,3209.89,cruise,直连,26.811
T01,3210.889,cruise,直连,27.01
T01,3211.889,cruise,直连,27.212
T01,3212.889,cruise,直连,27.417
T01,3213.889,cruise,直连,27.625
T01,3214.888,cruise,直连,27.836
T01,3215.888,cruise,直连,28.05
T01,3216.888,cruise,直连,28.266
T01,3217.887,cruise,直连,28.485
T01,3218.887,cruise,直连,28.707
T01,3219.887,cruise,直连,28.93
T01,3220.887,cruise,直连,29.155
T01,3221.886,cruise,直连,29.382
T01,3222.886,cruise,直连,29.61
T01,3223.886,cruise,直连,29.839
T01,3224.885,cruise,直连,30.067
T01,3225.885,cruise,直连,30.295
T01,3226.885,cruise,直连,30.521
T01,3227.885,cruise,直连,30.745
T01,3228.884,cruise,直连,30.965
T01,3229.884,cruise,直连,31.181
T01,3230.884,cruise,直连,31.391
T01,3231.883,cruise,直连,31.593
T01,3232.883,cruise,直连,31.787
T01,3233.883,cruise,直连,31.969
T01,3234.883,cruise,直连,32.14
T01,3235.882,cruise,直连,32.296
T01,3236.882,cruise,直连,32.435
T01,3237.882,cruise,直连,32.557
T01,3238.881,cruise,直连,32.66
T01,3239.881,cruise,直连,32.741
T01,3240.881,cruise,直连,32.8
T01,3241.881,cruise,直连,32.836
T01,3242.88,cruise,直连,32.848
T01,3242.88,descent,直连,32.848
T01,3243.872,descent,直连,32.924
T01,3244.864,descent,直连,33.001
T01,3245.856,descent,直连,33.078
T01,3246.848,descent,直连,33.156
T01,3247.84,descent,直连,33.234
T01,3248.832,descent,直连,33.314
T01,3249.824,descent,直连,33.394
T01,3250.816,descent,直连,33.475
T01,3251.808,descent,直连,33.556
T01,3252.8,descent,直连,33.639
T01,3253.792,descent,直连,33.722
T01,3254.784,descent,直连,33.806
T01,3255.776,descent,直连,33.891
T01,3256.767,descent,直连,33.976
T01,3257.759,descent,直连,34.063
T01,3258.751,descent,直连,34.15
T01,3259.743,descent,直连,34.238
T01,3260.735,descent,直连,34.328
T01,3261.727,descent,直连,34.418
T01,3262.719,descent,直连,34.509
T01,3263.711,descent,直连,34.601
T01,3264.703,descent,直连,34.694
T01,3265.695,descent,直连,34.788
T01,3266.687,descent,直连,34.883
T01,3267.679,descent,直连,34.979
T01,3268.671,descent,直连,35.076
T01,3269.663,descent,直连,35.174
T01,3270.655,descent,直连,35.273
T01,3271.647,descent,直连,35.374
T01,3272.639,descent,直连,35.475
T01,3273.631,descent,直连,35.578
T01,3274.623,descent,直连,35.682
T01,3275.614,descent,直连,35.788
T01,3276.606,descent,直连,35.894
T01,3277.598,descent,直连,36.002
T01,3278.59,descent,直连,36.112
T01,3279.582,descent,直连,36.223
T01,3280.574,descent,直连,36.335
T01,3281.566,descent,直连,36.448
T01,3282.558,descent,直连,36.564
T01,3283.55,descent,直连,36.68
T01,3284.542,descent,直连,36.798
T01,3285.534,descent,直连,36.918
T01,3286.526,descent,直连,37.04
T01,3287.518,descent,直连,37.163
T01,3288.51,descent,直连,37.288
T01,3289.502,descent,直连,37.415
T01,3290.494,descent,直连,37.544
T01,3291.486,descent,直连,37.675
T01,3292.478,descent,直连,37.808
T01,3293.469,descent,直连,37.942
T01,3294.461,descent,直连,38.079
T01,3295.453,descent,直连,38.218
T01,3296.445,descent,直连,38.36
T01,3297.437,descent,直连,38.504
T01,3298.429,descent,直连,38.65
T01,3299.421,descent,直连,38.798
T01,3300.413,descent,直连,38.95
T01,3301.405,descent,直连,39.104
T01,3302.397,descent,直连,39.26
T01,3303.389,descent,直连,39.42
T01,3304.381,descent,直连,39.582
T01,3305.373,descent,直连,39.748
T01,3306.365,descent,直连,39.917
T01,3307.357,descent,直连,40.089
T01,3308.349,descent,直连,40.265
T01,3309.341,descent,直连,40.444
T01,3310.333,descent,直连,40.627
T01,3311.325,descent,直连,40.814
T01,3312.316,descent,直连,41.006
T01,3313.308,descent,直连,41.201
T01,3314.3,descent,直连,41.401
T01,3315.292,descent,直连,41.606
T01,3316.284,descent,直连,41.815
T01,3317.276,descent,直连,42.03
T01,3318.268,descent,直连,42.25
T01,3319.26,descent,直连,42.476
T01,3320.252,descent,直连,42.708
T01,3321.244,descent,直连,42.947
T01,3322.236,descent,直连,43.192
T01,3323.228,descent,直连,43.444
T01,3324.22,descent,直连,43.704
T01,3325.212,descent,直连,43.972
T01,3326.204,descent,直连,44.248
T01,3327.196,descent,直连,44.534
T01,3328.188,descent,直连,44.829
T01,3329.18,descent,直连,45.134
T01,3330.171,descent,直连,45.451
T01,3331.163,descent,直连,45.779
T01,3332.155,descent,直连,46.121
T01,3333.147,descent,直连,46.477
T01,3334.139,descent,直连,46.847
T01,3335.131,descent,直连,47.234
T01,3336.123,descent,直连,47.64
T01,3337.115,descent,直连,48.065
T01,3338.107,descent,直连,48.512
T01,3339.099,descent,直连,48.983
T01,3340.091,descent,直连,49.481
T01,3341.083,descent,直连,50.01
T01,3342.075,descent,直连,50.573
T01,3343.067,descent,直连,51.175
T01,3344.059,descent,直连,51.822
T01,3345.051,descent,直连,52.521
T01,3346.043,descent,直连,53.281
T01,3347.035,descent,直连,54.114
T01,3348.027,descent,直连,55.035
T01,3349.018,descent,直连,56.066
T01,3350.01,descent,直连,57.236
T01,3351.002,descent,直连,58.589
T01,3351.994,descent,直连,60.191
T01,3352.986,descent,直连,62.158
T01,3353.978,descent,直连,64.705
T01,3354.97,descent,直连,68.323
T01,3355.962,descent,直连,74.641
T01,3356.954,descent,直连,97.805
T01,3357.946,descent,直连,73.511
T01,3358.938,descent,直连,67.759
T01,3359.93,descent,直连,64.329
T01,3360.922,descent,直连,61.876
T01,3361.914,descent,直连,59.966
T01,3362.906,descent,直连,58.401
T01,3363.898,descent,直连,57.075
T01,3364.89,descent,直连,45.925
T02,390.0,climb,直连,45.925
T02,390.996,climb,直连,57.331
T02,391.993,climb,直连,59.009
T02,392.989,climb,直连,61.092
T02,393.985,climb,直连,63.836
T02,394.982,climb,直连,67.871
T02,395.978,climb,直连,75.641
T02,396.974,climb,直连,82.647
T02,397.97,climb,直连,70.099
T02,398.967,climb,直连,65.168
T02,399.963,climb,直连,62.043
T02,400.959,climb,直连,59.749
T02,401.956,climb,直连,57.936
T02,402.952,climb,直连,56.437
T02,403.948,climb,直连,55.159
T02,404.945,climb,直连,54.045
T02,405.941,climb,直连,53.058
T02,406.937,climb,直连,52.171
T02,407.934,climb,直连,51.367
T02,408.93,climb,直连,50.631
T02,409.926,climb,直连,49.953
T02,410.922,climb,直连,49.324
T02,411.919,climb,直连,48.737
T02,412.915,climb,直连,48.187
T02,413.911,climb,直连,47.67
T02,414.908,climb,直连,47.182
T02,415.904,climb,直连,46.72
T02,416.9,climb,直连,46.282
T02,417.897,climb,直连,45.864
T02,418.893,climb,直连,45.466
T02,419.889,climb,直连,45.085
T02,420.886,climb,直连,44.72
T02,421.882,climb,直连,44.37
T02,422.878,climb,直连,44.034
T02,423.874,climb,直连,43.709
T02,424.871,climb,直连,43.397
T02,425.867,climb,直连,43.096
T02,426.863,climb,直连,42.804
T02,427.86,climb,直连,42.522
T02,428.856,climb,直连,42.249
T02,429.852,climb,直连,41.984
T02,430.849,climb,直连,41.727
T02,431.845,climb,直连,41.478
T02,432.841,climb,直连,41.235
T02,433.838,climb,直连,40.999
T02,434.834,climb,直连,40.77
T02,435.83,climb,直连,40.546
T02,436.826,climb,直连,40.328
T02,437.823,climb,直连,40.115
T02,438.819,climb,直连,39.907
T02,439.815,climb,直连,39.704
T02,440.812,climb,直连,39.506
T02,441.808,climb,直连,39.312
T02,442.804,climb,直连,39.122
T02,443.801,climb,直连,38.937
T02,444.797,climb,直连,38.755
T02,445.793,climb,直连,38.577
T02,446.79,climb,直连,38.403
T02,447.786,climb,直连,38.232
T02,448.782,climb,直连,38.064
T02,449.778,climb,直连,37.9
T02,449.778,cruise,直连,37.9
T02,450.777,cruise,直连,37.861
T02,451.775,cruise,直连,37.749
T02,452.773,cruise,直连,37.567
T02,453.771,cruise,直连,37.326
T02,454.769,cruise,直连,37.033
T02,455.767,cruise,直连,36.701
T02,456.766,cruise,直连,36.338
T02,457.764,cruise,直连,35.954
T02,458.762,cruise,直连,35.556
T02,459.76,cruise,直连,35.151
T02,460.758,cruise,直连,34.743
T02,461.756,cruise,直连,34.336
T02,462.754,cruise,直连,33.933
T02,463.753,cruise,直连,33.537
T02,464.751,cruise,直连,33.147
T02,465.749,cruise,直连,32.767
T02,466.747,cruise,直连,32.395
T02,467.745,cruise,直连,32.032
T02,468.743,cruise,直连,31.68
T02,469.742,cruise,直连,31.336
T02,470.74,cruise,直连,31.003
T02,471.738,cruise,直连,30.678
T02,472.736,cruise,直连,30.363
T02,473.734,cruise,直连,30.056
T02,474.732,cruise,直连,29.758
T02,475.731,cruise,直连,29.468
T02,476.729,cruise,直连,29.185
T02,477.727,cruise,直连,28.911
T02,478.725,cruise,直连,28.643
T02,479.723,cruise,直连,28.383
T02,480.721,cruise,直连,28.129
T02,481.719,cruise,直连,27.881
T02,482.718,cruise,直连,27.64
T02,483.716,cruise,直连,27.404
T02,484.714,cruise,直连,27.174
T02,485.712,cruise,直连,26.95
T02,486.71,cruise,直连,26.731
T02,487.708,cruise,直连,26.516
T02,488.707,cruise,直连,26.307
T02,489.705,cruise,直连,26.102
T02,490.703,cruise,直连,25.901
T02,491.701,cruise,直连,25.705
T02,492.699,cruise,直连,25.512
T02,493.697,cruise,直连,25.324
T02,494.695,cruise,直连,25.139
T02,495.694,cruise,直连,24.958
T02,496.692,cruise,直连,24.781
T02,497.69,cruise,直连,24.607
T02,498.688,cruise,直连,24.436
T02,499.686,cruise,直连,24.268
T02,500.684,cruise,直连,24.103
T02,501.683,cruise,直连,23.941
T02,502.681,cruise,直连,23.783
T02,503.679,cruise,直连,23.626
T02,504.677,cruise,直连,23.473
T02,505.675,cruise,直连,23.322
T02,506.673,cruise,直连,23.173
T02,507.671,cruise,直连,23.027
T02,508.67,cruise,直连,22.884
T02,509.668,cruise,直连,22.742
T02,510.666,cruise,直连,22.603
T02,511.664,cruise,直连,22.466
T02,512.662,cruise,直连,22.331
T02,513.66,cruise,直连,22.198
T02,514.659,cruise,直连,22.067
T02,515.657,cruise,直连,21.937
T02,516.655,cruise,直连,21.81
T02,517.653,cruise,直连,21.684
T02,518.651,cruise,直连,21.561
T02,519.649,cruise,直连,21.439
T02,520.647,cruise,直连,21.318
T02,521.646,cruise,直连,21.199
T02,522.644,cruise,直连,21.082
T02,523.642,cruise,直连,20.966
T02,524.64,cruise,直连,20.852
T02,525.638,cruise,直连,20.739
T02,526.636,cruise,直连,20.628
T02,527.635,cruise,直连,20.518
T02,528.633,cruise,直连,20.409
T02,529.631,cruise,直连,20.302
T02,530.629,cruise,直连,20.196
T02,531.627,cruise,直连,20.091
T02,532.625,cruise,直连,19.987
T02,533.624,cruise,直连,19.885
T02,534.622,cruise,直连,19.784
T02,535.62,cruise,直连,19.684
T02,536.618,cruise,直连,19.585
T02,537.616,cruise,直连,19.487
T02,538.614,cruise,直连,19.39
T02,539.612,cruise,直连,19.295
T02,540.611,cruise,直连,19.2
T02,541.609,cruise,直连,19.106
T02,542.607,cruise,直连,19.014
T02,543.605,cruise,直连,18.922
T02,544.603,cruise,直连,18.831
T02,545.601,cruise,直连,18.741
T02,546.6,cruise,直连,18.652
T02,547.598,cruise,直连,18.564
T02,548.596,cruise,直连,18.477
T02,549.594,cruise,直连,18.391
T02,550.592,cruise,直连,18.305
T02,551.59,cruise,直连,18.221
T02,552.588,cruise,直连,18.137
T02,553.587,cruise,直连,18.054
T02,554.585,cruise,直连,17.972
T02,555.583,cruise,直连,17.89
T02,556.581,cruise,直连,17.809
T02,557.579,cruise,直连,17.729
T02,558.577,cruise,直连,17.65
T02,559.576,cruise,直连,17.571
T02,560.574,cruise,直连,17.494
T02,561.572,cruise,直连,17.416
T02,562.57,cruise,直连,17.34
T02,563.568,cruise,直连,17.264
T02,564.566,cruise,直连,17.189
T02,565.564,cruise,直连,17.114
T02,566.563,cruise,直连,17.04
T02,567.561,cruise,直连,16.967
T02,568.559,cruise,直连,16.894
T02,569.557,cruise,直连,16.822
T02,570.555,cruise,直连,16.751
T02,571.553,cruise,直连,16.68
T02,572.552,cruise,直连,16.609
T02,573.55,cruise,直连,16.539
T02,574.548,cruise,直连,16.47
T02,575.546,cruise,直连,16.402
T02,576.544,cruise,直连,16.333
T02,577.542,cruise,直连,16.266
T02,578.54,cruise,直连,16.199
T02,579.539,cruise,直连,16.132
T02,580.537,cruise,直连,16.066
T02,581.535,cruise,直连,16.0
T02,582.533,cruise,直连,15.935
T02,583.531,cruise,直连,15.87
T02,584.529,cruise,直连,15.806
T02,585.528,cruise,直连,15.743
T02,586.526,cruise,直连,15.679
T02,587.524,cruise,直连,15.616
T02,588.522,cruise,直连,15.554
T02,589.52,cruise,直连,15.492
T02,590.518,cruise,直连,15.431
T02,591.517,cruise,直连,15.37
T02,592.515,cruise,直连,15.309
T02,593.513,cruise,直连,15.249
T02,594.511,cruise,直连,15.189
T02,595.509,cruise,直连,15.13
T02,596.507,cruise,直连,15.071
T02,597.505,cruise,直连,15.012
T02,598.504,cruise,直连,14.954
T02,599.502,cruise,直连,14.896
T02,600.5,cruise,直连,14.839
T02,601.498,cruise,直连,14.782
T02,602.496,cruise,直连,14.725
T02,603.494,cruise,直连,14.669
T02,604.493,cruise,直连,14.613
T02,605.491,cruise,直连,14.557
T02,606.489,cruise,直连,14.502
T02,607.487,cruise,直连,14.447
T02,608.485,cruise,直连,14.392
T02,609.483,cruise,直连,14.338
T02,610.481,cruise,直连,14.284
T02,611.48,cruise,直连,14.231
T02,612.478,cruise,直连,14.178
T02,613.476,cruise,直连,4.125
T02,614.474,cruise,直连,14.072
T02,615.472,cruise,直连,4.02
T02,616.47,cruise,直连,3.968
T02,617.469,cruise,直连,3.916
T02,618.467,cruise,直连,13.865
T02,619.465,cruise,直连,3.814
T02,620.463,cruise,直连,3.763
T02,621.461,cruise,直连,3.713
T02,622.459,cruise,直连,3.662
T02,623.457,cruise,直连,3.613
T02,624.456,cruise,直连,3.563
T02,625.454,cruise,直连,3.514
T02,626.452,cruise,直连,3.465
T02,627.45,cruise,直连,3.416
T02,628.448,cruise,直连,3.367
T02,629.446,cruise,直连,3.319
T02,630.445,cruise,直连,3.271
T02,631.443,cruise,直连,3.224
T02,632.441,cruise,直连,3.176
T02,633.439,cruise,直连,3.129
T02,634.437,cruise,直连,3.082
T02,635.435,cruise,直连,3.035
T02,636.433,cruise,直连,2.989
T02,637.432,cruise,直连,2.943
T02,638.43,cruise,直连,2.897
T02,639.428,cruise,直连,2.851
T02,640.426,cruise,直连,2.806
T02,641.424,cruise,直连,2.76
T02,642.422,cruise,直连,2.715
T02,643.421,cruise,直连,2.671
T02,644.419,cruise,直连,2.626
T02,645.417,cruise,直连,2.582
T02,646.415,cruise,直连,2.538
T02,647.413,cruise,直连,2.494
T02,648.411,cruise,直连,2.45
T02,649.409,cruise,直连,2.407
T02,650.408,cruise,直连,2.364
T02,651.406,cruise,直连,2.321
T02,652.404,cruise,直连,2.278
T02,653.402,cruise,直连,2.235
T02,654.4,cruise,直连,2.193
T02,655.398,cruise,直连,2.151
T02,656.397,cruise,直连,2.109
T02,657.395,cruise,直连,2.067
T02,658.393,cruise,直连,2.026
T02,659.391,cruise,直连,1.984
T02,660.389,cruise,直连,1.943
T02,661.387,cruise,直连,1.902
T02,662.386,cruise,直连,1.861
T02,663.384,cruise,直连,1.821
T02,664.382,cruise,直连,1.78
T02,665.38,cruise,直连,1.74
T02,666.378,cruise,直连,1.7
T02,667.376,cruise,直连,1.66
T02,668.374,cruise,直连,1.621
T02,669.373,cruise,直连,1.581
T02,670.371,cruise,直连,1.542
T02,671.369,cruise,直连,1.503
T02,672.367,cruise,直连,1.464
T02,673.365,cruise,直连,1.425
T02,674.363,cruise,直连,1.386
T02,675.362,cruise,直连,1.348
T02,676.36,cruise,直连,1.31
T02,677.358,cruise,直连,1.272
T02,678.356,cruise,直连,1.234
T02,679.354,cruise,直连,1.196
T02,680.352,cruise,直连,1.158
T02,681.35,cruise,直连,1.121
T02,682.349,cruise,直连,1.084
T02,683.347,cruise,直连,1.047
T02,684.345,cruise,直连,1.01
T02,685.343,cruise,直连,0.973
T02,686.341,cruise,直连,0.936
T02,687.339,cruise,直连,0.9
T02,688.338,cruise,直连,0.863
T02,689.336,cruise,直连,0.827
T02,690.334,cruise,直连,0.791
T02,691.332,cruise,直连,0.755
T02,692.33,cruise,直连,0.719
T02,693.328,cruise,直连,0.684
T02,694.326,cruise,直连,0.648
T02,695.325,cruise,直连,0.613
T02,696.323,cruise,直连,0.578
T02,697.321,cruise,直连,0.543
T02,698.319,cruise,直连,0.508
T02,699.317,cruise,直连,0.473
T02,700.315,cruise,直连,0.439
T02,701.314,cruise,直连,0.404
T02,702.312,cruise,直连,0.37
T02,703.31,cruise,直连,0.336
T02,704.308,cruise,直连,0.301
T02,705.306,cruise,直连,0.268
T02,706.304,cruise,直连,0.234
T02,707.302,cruise,直连,0.2
T02,708.301,cruise,直连,0.167
T02,709.299,cruise,直连,0.133
T02,710.297,cruise,直连,0.1
T02,711.295,cruise,直连,0.067
T02,712.293,cruise,直连,0.034
T02,713.291,cruise,直连,0.001
T02,714.29,cruise,中继,2.306
T02,715.288,cruise,中继,2.306
T02,716.286,cruise,中继,2.306
T02,717.284,cruise,中继,2.306
T02,718.282,cruise,中继,2.306
T02,719.28,cruise,中继,2.306
T02,720.279,cruise,中继,2.306
T02,721.277,cruise,中继,2.306
T02,722.275,cruise,中继,2.306
T02,723.273,cruise,中继,2.306
T02,724.271,cruise,中继,2.306
T02,725.269,cruise,中继,2.306
T02,726.267,cruise,中继,2.306
T02,727.266,cruise,中继,2.306
T02,728.264,cruise,中继,2.306
T02,729.262,cruise,中继,2.306
T02,730.26,cruise,中继,2.306
T02,731.258,cruise,中继,2.306
T02,732.256,cruise,中继,2.306
T02,733.255,cruise,中继,2.306
T02,734.253,cruise,中继,2.306
T02,735.251,cruise,中继,2.306
T02,736.249,cruise,中继,2.306
T02,737.247,cruise,中继,2.306
T02,738.245,cruise,中继,2.306
T02,739.243,cruise,中继,2.306
T02,740.242,cruise,中继,2.306
T02,741.24,cruise,中继,3.093
T02,742.238,cruise,中继,3.086
T02,743.236,cruise,中继,3.078
T02,744.234,cruise,中继,3.07
T02,745.232,cruise,中继,3.062
T02,746.231,cruise,中继,3.054
T02,747.229,cruise,中继,3.046
T02,748.227,cruise,中继,3.037
T02,749.225,cruise,中继,3.029
T02,750.223,cruise,中继,3.021
T02,751.221,cruise,中继,3.012
T02,752.219,cruise,中继,3.003
T02,753.218,cruise,中继,2.995
T02,754.216,cruise,中继,2.986
T02,755.214,cruise,中继,2.977
T02,756.212,cruise,中继,2.968
T02,757.21,cruise,中继,2.959
T02,758.208,cruise,中继,2.95
T02,759.207,cruise,中继,2.941
T02,760.205,cruise,中继,2.932
T02,761.203,cruise,中继,2.923
T02,762.201,cruise,中继,2.913
T02,763.199,cruise,中继,2.904
T02,764.197,cruise,中继,2.894
T02,765.195,cruise,中继,2.885
T02,766.194,cruise,中继,2.875
T02,767.192,cruise,中继,2.865
T02,768.19,cruise,中继,2.855
T02,769.188,cruise,中继,2.845
T02,770.186,cruise,中继,2.835
T02,771.184,cruise,中继,2.825
T02,772.183,cruise,中继,2.815
T02,773.181,cruise,中继,2.805
T02,774.179,cruise,中继,2.795
T02,775.177,cruise,中继,2.784
T02,776.175,cruise,中继,2.774
T02,777.173,cruise,中继,2.764
T02,778.172,cruise,中继,2.753
T02,779.17,cruise,中继,2.742
T02,780.168,cruise,中继,2.732
T02,781.166,cruise,中继,2.721
T02,782.164,cruise,中继,2.71
T02,783.162,cruise,中继,2.699
T02,784.16,cruise,中继,2.688
T02,785.159,cruise,中继,2.677
T02,786.157,cruise,中继,2.666
T02,787.155,cruise,中继,2.655
T02,788.153,cruise,中继,2.644
T02,789.151,cruise,中继,2.633
T02,790.149,cruise,中继,2.621
T02,791.148,cruise,中继,2.61
T02,792.146,cruise,中继,2.599
T02,793.144,cruise,中继,2.587
T02,794.142,cruise,中继,2.576
T02,795.14,cruise,中继,2.564
T02,796.138,cruise,中继,2.552
T02,797.136,cruise,中继,2.541
T02,798.135,cruise,中继,2.529
T02,799.133,cruise,中继,2.517
T02,800.131,cruise,中继,2.505
T02,801.129,cruise,中继,2.493
T02,802.127,cruise,中继,2.481
T02,803.125,cruise,中继,2.469
T02,804.124,cruise,中继,2.457
T02,805.122,cruise,中继,2.445
T02,806.12,cruise,中继,2.433
T02,807.118,cruise,中继,2.42
T02,808.116,cruise,中继,2.408
T02,809.114,cruise,中继,2.396
T02,810.112,cruise,中继,2.383
T02,811.111,cruise,中继,2.371
T02,812.109,cruise,中继,2.358
T02,813.107,cruise,中继,2.346
T02,814.105,cruise,中继,2.333
T02,815.103,cruise,中继,2.32
T02,816.101,cruise,中继,2.308
T02,817.1,cruise,中继,2.306
T02,818.098,cruise,中继,2.306
T02,819.096,cruise,中继,2.306
T02,820.094,cruise,中继,2.306
T02,821.092,cruise,中继,2.306
T02,822.09,cruise,中继,2.306
T02,823.088,cruise,中继,2.306
T02,824.087,cruise,中继,2.306
T02,825.085,cruise,中继,2.306
T02,826.083,cruise,中继,2.306
T02,827.081,cruise,中继,2.306
T02,828.079,cruise,中继,2.306
T02,829.077,cruise,中继,2.306
T02,830.076,cruise,中继,2.306
T02,831.074,cruise,中继,2.306
T02,832.072,cruise,中继,2.306
T02,833.07,cruise,中继,2.306
T02,834.068,cruise,中继,2.306
T02,835.066,cruise,中继,2.306
T02,836.065,cruise,中继,2.306
T02,837.063,cruise,中继,2.294
T02,838.061,cruise,中继,2.277
T02,839.059,cruise,中继,2.261
T02,840.057,cruise,中继,2.245
T02,841.055,cruise,中继,2.228
T02,842.053,cruise,中继,2.212
T02,843.052,cruise,中继,2.195
T02,844.05,cruise,中继,2.179
T02,845.048,cruise,中继,2.162
T02,846.046,cruise,中继,2.146
T02,847.044,cruise,中继,2.129
T02,848.042,cruise,中继,2.112
T02,849.041,cruise,中继,2.096
T02,850.039,cruise,中继,2.079
T02,851.037,cruise,中继,2.062
T02,852.035,cruise,中继,2.046
T02,853.033,cruise,中继,2.029
T02,854.031,cruise,中继,2.012
T02,855.029,cruise,中继,1.996
T02,856.028,cruise,中继,1.979
T02,857.026,cruise,中继,1.962
T02,858.024,cruise,中继,1.946
T02,859.022,cruise,中继,1.929
T02,860.02,cruise,中继,1.912
T02,861.018,cruise,中继,1.895
T02,862.017,cruise,中继,1.878
T02,863.015,cruise,中继,1.862
T02,864.013,cruise,中继,1.845
T02,865.011,cruise,中继,1.828
T02,866.009,cruise,中继,1.811
T02,867.007,cruise,中继,1.794
T02,868.005,cruise,中继,1.777
T02,869.004,cruise,中继,1.761
T02,870.002,cruise,中继,1.744
T02,871.0,cruise,中继,1.727
T02,871.998,cruise,中继,1.71
T02,872.996,cruise,中继,1.693
T02,873.994,cruise,中继,1.676
T02,874.993,cruise,中继,1.659
T02,875.991,cruise,中继,1.642
T02,876.989,cruise,中继,1.625
T02,877.987,cruise,中继,1.608
T02,878.985,cruise,中继,1.591
T02,879.983,cruise,中继,1.575
T02,880.981,cruise,中继,1.558
T02,881.98,cruise,中继,1.541
T02,882.978,cruise,中继,1.524
T02,883.976,cruise,中继,1.507
T02,884.974,cruise,中继,1.49
T02,885.972,cruise,中继,1.473
T02,886.97,cruise,中继,1.456
T02,887.969,cruise,中继,1.439
T02,888.967,cruise,中继,1.422
T02,889.965,cruise,中继,1.405
T02,890.963,cruise,中继,1.388
T02,891.961,cruise,中继,1.371
T02,892.959,cruise,中继,1.354
T02,893.958,cruise,中继,1.337
T02,894.956,cruise,中继,1.32
T02,895.954,cruise,中继,1.303
T02,896.952,cruise,中继,1.286
T02,897.95,cruise,中继,1.269
T02,898.948,cruise,中继,1.252
T02,899.946,cruise,中继,1.235
T02,900.945,cruise,中继,1.218
T02,901.943,cruise,中继,1.201
T02,902.941,cruise,中继,1.184
T02,903.939,cruise,中继,1.167
T02,904.937,cruise,中继,1.15
T02,905.935,cruise,中继,1.133
T02,906.934,cruise,中继,1.116
T02,907.932,cruise,中继,1.099
T02,908.93,cruise,中继,1.082
T02,909.928,cruise,中继,1.065
T02,910.926,cruise,中继,1.048
T02,911.924,cruise,中继,1.031
T02,912.922,cruise,中继,1.014
T02,913.921,cruise,中继,0.997
T02,914.919,cruise,中继,0.98
T02,915.917,cruise,中继,0.963
T02,916.915,cruise,中继,0.946
T02,917.913,cruise,中继,0.929
T02,918.911,cruise,中继,0.913
T02,919.91,cruise,中继,0.896
T02,920.908,cruise,中继,0.879
T02,921.906,cruise,中继,0.862
T02,922.904,cruise,中继,0.845
T02,923.902,cruise,中继,0.828
T02,924.9,cruise,中继,0.811
T02,925.898,cruise,中继,0.794
T02,926.897,cruise,中继,0.777
T02,927.895,cruise,中继,0.76
T02,928.893,cruise,中继,0.743
T02,929.891,cruise,中继,0.727
T02,930.889,cruise,中继,0.71
T02,931.887,cruise,中继,0.693
T02,932.886,cruise,中继,0.676
T02,933.884,cruise,中继,0.659
T02,934.882,cruise,中继,0.642
T02,935.88,cruise,中继,0.626
T02,936.878,cruise,中继,0.609
T02,937.876,cruise,中继,0.592
T02,938.874,cruise,中继,0.575
T02,939.873,cruise,中继,0.558
T02,940.871,cruise,中继,0.542
T02,941.869,cruise,中继,0.525
T02,942.867,cruise,中继,0.508
T02,943.865,cruise,中继,0.491
T02,943.865,descent,中继,0.491
T02,944.838,descent,中继,0.491
T02,945.81,descent,中继,0.491
T02,946.783,descent,中继,0.491
T02,947.756,descent,中继,0.49
T02,948.728,descent,中继,0.49
T02,949.701,descent,中继,0.49
T02,950.674,descent,中继,0.49
T02,951.646,descent,中继,0.49
T02,952.619,descent,中继,0.489
T02,953.591,descent,中继,0.489
T02,954.564,descent,中继,0.489
T02,955.537,descent,中继,0.489
T02,956.509,descent,中继,0.489
T02,957.482,descent,中继,0.488
T02,958.454,descent,中继,0.488
T02,959.427,descent,中继,0.488
T02,960.4,descent,中继,0.488
T02,961.372,descent,中继,0.488
T02,962.345,descent,中继,0.487
T02,963.318,descent,中继,0.487
T02,964.29,descent,中继,0.487
T02,965.263,descent,中继,0.487
T02,966.235,descent,中继,0.486
T02,967.208,descent,中继,0.486
T02,968.181,descent,中继,0.486
T02,969.153,descent,中继,0.486
T02,970.126,descent,中继,0.486
T02,971.099,descent,中继,0.485
T02,972.071,descent,中继,0.485
T02,973.044,descent,中继,0.485
T02,974.016,descent,中继,0.438
T02,974.989,descent,中继,0.437
T02,975.962,descent,中继,0.437
T02,976.934,descent,中继,0.437
T02,977.907,descent,中继,0.436
T02,978.879,descent,中继,0.436
T02,978.879,handover,中继,0.436
T02,1218.879,handover,中继,0.436
T02,1218.879,climb,中继,0.436
T02,1219.852,climb,中继,0.436
T02,1220.825,climb,中继,0.437
T02,1221.797,climb,中继,0.437
T02,1222.77,climb,中继,0.438
T02,1223.743,climb,中继,0.485
T02,1224.715,climb,中继,0.485
T02,1225.688,climb,中继,0.485
T02,1226.66,climb,中继,0.486
T02,1227.633,climb,中继,0.486
T02,1228.606,climb,中继,0.486
T02,1229.578,climb,中继,0.486
T02,1230.551,climb,中继,0.487
T02,1231.523,climb,中继,0.487
T02,1232.496,climb,中继,0.487
T02,1233.469,climb,中继,0.488
T02,1234.441,climb,中继,0.488
T02,1235.414,climb,中继,0.488
T02,1236.387,climb,中继,0.488
T02,1237.359,climb,中继,0.489
T02,1238.332,climb,中继,0.489
T02,1239.304,climb,中继,0.489
T02,1240.277,climb,中继,0.489
T02,1241.25,climb,中继,0.49
T02,1242.222,climb,中继,0.49
T02,1243.195,climb,中继,0.49
T02,1244.167,climb,中继,0.49
T02,1245.14,climb,中继,0.491
T02,1246.113,climb,中继,0.491
T02,1247.085,climb,中继,0.491
T02,1248.058,climb,中继,0.491
T02,1248.058,cruise,中继,0.491
T02,1249.056,cruise,中继,0.508
T02,1250.054,cruise,中继,0.525
T02,1251.052,cruise,中继,0.542
T02,1252.051,cruise,中继,0.558
T02,1253.049,cruise,中继,0.575
T02,1254.047,cruise,中继,0.592
T02,1255.045,cruise,中继,0.609
T02,1256.043,cruise,中继,0.626
T02,1257.041,cruise,中继,0.642
T02,1258.039,cruise,中继,0.659
T02,1259.038,cruise,中继,0.676
T02,1260.036,cruise,中继,0.693
T02,1261.034,cruise,中继,0.71
T02,1262.032,cruise,中继,0.727
T02,1263.03,cruise,中继,0.743
T02,1264.028,cruise,中继,0.76
T02,1265.027,cruise,中继,0.777
T02,1266.025,cruise,中继,0.794
T02,1267.023,cruise,中继,0.811
T02,1268.021,cruise,中继,0.828
T02,1269.019,cruise,中继,0.845
T02,1270.017,cruise,中继,0.862
T02,1271.015,cruise,中继,0.879
T02,1272.014,cruise,中继,0.896
T02,1273.012,cruise,中继,0.913
T02,1274.01,cruise,中继,0.929
T02,1275.008,cruise,中继,0.946
T02,1276.006,cruise,中继,0.963
T02,1277.004,cruise,中继,0.98
T02,1278.003,cruise,中继,0.997
T02,1279.001,cruise,中继,1.014
T02,1279.999,cruise,中继,1.031
T02,1280.997,cruise,中继,1.048
T02,1281.995,cruise,中继,1.065
T02,1282.993,cruise,中继,1.082
T02,1283.991,cruise,中继,1.099
T02,1284.99,cruise,中继,1.116
T02,1285.988,cruise,中继,1.133
T02,1286.986,cruise,中继,1.15
T02,1287.984,cruise,中继,1.167
T02,1288.982,cruise,中继,1.184
T02,1289.98,cruise,中继,1.201
T02,1290.979,cruise,中继,1.218
T02,1291.977,cruise,中继,1.235
T02,1292.975,cruise,中继,1.252
T02,1293.973,cruise,中继,1.269
T02,1294.971,cruise,中继,1.286
T02,1295.969,cruise,中继,1.303
T02,1296.968,cruise,中继,1.32
T02,1297.966,cruise,中继,1.337
T02,1298.964,cruise,中继,1.354
T02,1299.962,cruise,中继,1.371
T02,1300.96,cruise,中继,1.388
T02,1301.958,cruise,中继,1.405
T02,1302.956,cruise,中继,1.422
T02,1303.955,cruise,中继,1.439
T02,1304.953,cruise,中继,1.456
T02,1305.951,cruise,中继,1.473
T02,1306.949,cruise,中继,1.49
T02,1307.947,cruise,中继,1.507
T02,1308.945,cruise,中继,1.524
T02,1309.944,cruise,中继,1.541
T02,1310.942,cruise,中继,1.558
T02,1311.94,cruise,中继,1.575
T02,1312.938,cruise,中继,1.591
T02,1313.936,cruise,中继,1.608
T02,1314.934,cruise,中继,1.625
T02,1315.932,cruise,中继,1.642
T02,1316.931,cruise,中继,1.659
T02,1317.929,cruise,中继,1.676
T02,1318.927,cruise,中继,1.693
T02,1319.925,cruise,中继,1.71
T02,1320.923,cruise,中继,1.727
T02,1321.921,cruise,中继,1.744
T02,1322.92,cruise,中继,1.761
T02,1323.918,cruise,中继,1.777
T02,1324.916,cruise,中继,1.794
T02,1325.914,cruise,中继,1.811
T02,1326.912,cruise,中继,1.828
T02,1327.91,cruise,中继,1.845
T02,1328.908,cruise,中继,1.862
T02,1329.907,cruise,中继,1.878
T02,1330.905,cruise,中继,1.895
T02,1331.903,cruise,中继,1.912
T02,1332.901,cruise,中继,1.929
T02,1333.899,cruise,中继,1.946
T02,1334.897,cruise,中继,1.962
T02,1335.896,cruise,中继,1.979
T02,1336.894,cruise,中继,1.996
T02,1337.892,cruise,中继,2.012
T02,1338.89,cruise,中继,2.029
T02,1339.888,cruise,中继,2.046
T02,1340.886,cruise,中继,2.062
T02,1341.884,cruise,中继,2.079
T02,1342.883,cruise,中继,2.096
T02,1343.881,cruise,中继,2.112
T02,1344.879,cruise,中继,2.129
T02,1345.877,cruise,中继,2.146
T02,1346.875,cruise,中继,2.162
T02,1347.873,cruise,中继,2.179
T02,1348.872,cruise,中继,2.195
T02,1349.87,cruise,中继,2.212
T02,1350.868,cruise,中继,2.228
T02,1351.866,cruise,中继,2.245
T02,1352.864,cruise,中继,2.261
T02,1353.862,cruise,中继,2.277
T02,1354.861,cruise,中继,2.294
T02,1355.859,cruise,中继,2.306
T02,1356.857,cruise,中继,2.306
T02,1357.855,cruise,中继,2.306
T02,1358.853,cruise,中继,2.306
T02,1359.851,cruise,中继,2.306
T02,1360.849,cruise,中继,2.306
T02,1361.848,cruise,中继,2.306
T02,1362.846,cruise,中继,2.306
T02,1363.844,cruise,中继,2.306
T02,1364.842,cruise,中继,2.306
T02,1365.84,cruise,中继,2.306
T02,1366.838,cruise,中继,2.306
T02,1367.837,cruise,中继,2.306
T02,1368.835,cruise,中继,2.306
T02,1369.833,cruise,中继,2.306
T02,1370.831,cruise,中继,2.306
T02,1371.829,cruise,中继,2.306
T02,1372.827,cruise,中继,2.306
T02,1373.825,cruise,中继,2.306
T02,1374.824,cruise,中继,2.306
T02,1375.822,cruise,中继,2.308
T02,1376.82,cruise,中继,2.32
T02,1377.818,cruise,中继,2.333
T02,1378.816,cruise,中继,2.346
T02,1379.814,cruise,中继,2.358
T02,1380.813,cruise,中继,2.371
T02,1381.811,cruise,中继,2.383
T02,1382.809,cruise,中继,2.396
T02,1383.807,cruise,中继,2.408
T02,1384.805,cruise,中继,2.42
T02,1385.803,cruise,中继,2.433
T02,1386.801,cruise,中继,2.445
T02,1387.8,cruise,中继,2.457
T02,1388.798,cruise,中继,2.469
T02,1389.796,cruise,中继,2.481
T02,1390.794,cruise,中继,2.493
T02,1391.792,cruise,中继,2.505
T02,1392.79,cruise,中继,2.517
T02,1393.789,cruise,中继,2.529
T02,1394.787,cruise,中继,2.541
T02,1395.785,cruise,中继,2.552
T02,1396.783,cruise,中继,2.564
T02,1397.781,cruise,中继,2.576
T02,1398.779,cruise,中继,2.587
T02,1399.777,cruise,中继,2.599
T02,1400.776,cruise,中继,2.61
T02,1401.774,cruise,中继,2.621
T02,1402.772,cruise,中继,2.633
T02,1403.77,cruise,中继,2.644
T02,1404.768,cruise,中继,2.655
T02,1405.766,cruise,中继,2.666
T02,1406.765,cruise,中继,2.677
T02,1407.763,cruise,中继,2.688
T02,1408.761,cruise,中继,2.699
T02,1409.759,cruise,中继,2.71
T02,1410.757,cruise,中继,2.721
T02,1411.755,cruise,中继,2.732
T02,1412.753,cruise,中继,2.742
T02,1413.752,cruise,中继,2.753
T02,1414.75,cruise,中继,2.764
T02,1415.748,cruise,中继,2.774
T02,1416.746,cruise,中继,2.784
T02,1417.744,cruise,中继,2.795
T02,1418.742,cruise,中继,2.805
T02,1419.741,cruise,中继,2.815
T02,1420.739,cruise,中继,2.825
T02,1421.737,cruise,中继,2.835
T02,1422.735,cruise,中继,2.845
T02,1423.733,cruise,中继,2.855
T02,1424.731,cruise,中继,2.865
T02,1425.73,cruise,中继,2.875
T02,1426.728,cruise,中继,2.885
T02,1427.726,cruise,中继,2.894
T02,1428.724,cruise,中继,2.904
T02,1429.722,cruise,中继,2.913
T02,1430.72,cruise,中继,2.923
T02,1431.718,cruise,中继,2.932
T02,1432.717,cruise,中继,2.941
T02,1433.715,cruise,中继,2.95
T02,1434.713,cruise,中继,2.959
T02,1435.711,cruise,中继,2.968
T02,1436.709,cruise,中继,2.977
T02,1437.707,cruise,中继,2.986
T02,1438.706,cruise,中继,2.995
T02,1439.704,cruise,中继,3.003
T02,1440.702,cruise,中继,3.012
T02,1441.7,cruise,中继,3.021
T02,1442.698,cruise,中继,3.029
T02,1443.696,cruise,中继,3.037
T02,1444.694,cruise,中继,3.046
T02,1445.693,cruise,中继,3.054
T02,1446.691,cruise,中继,3.062
T02,1447.689,cruise,中继,3.07
T02,1448.687,cruise,中继,3.078
T02,1449.685,cruise,中继,3.086
T02,1450.683,cruise,中继,3.093
T02,1451.682,cruise,中继,3.101
T02,1452.68,cruise,中继,3.109
T02,1453.678,cruise,中继,3.116
T02,1454.676,cruise,中继,3.123
T02,1455.674,cruise,中继,3.131
T02,1456.672,cruise,中继,3.138
T02,1457.67,cruise,中继,3.145
T02,1458.669,cruise,中继,3.152
T02,1459.667,cruise,中继,3.159
T02,1460.665,cruise,中继,3.166
T02,1461.663,cruise,中继,3.173
T02,1462.661,cruise,中继,3.179
T02,1463.659,cruise,中继,3.186
T02,1464.658,cruise,中继,3.192
T02,1465.656,cruise,中继,3.199
T02,1466.654,cruise,中继,3.205
T02,1467.652,cruise,中继,3.211
T02,1468.65,cruise,中继,3.217
T02,1469.648,cruise,中继,3.223
T02,1470.646,cruise,中继,3.229
T02,1471.645,cruise,中继,3.235
T02,1472.643,cruise,中继,3.241
T02,1473.641,cruise,中继,3.246
T02,1474.639,cruise,中继,3.252
T02,1475.637,cruise,中继,3.257
T02,1476.635,cruise,中继,3.263
T02,1477.634,cruise,中继,3.268
T02,1478.632,cruise,直连,0.001
T02,1479.63,cruise,直连,0.034
T02,1480.628,cruise,直连,0.067
T02,1481.626,cruise,直连,0.1
T02,1482.624,cruise,直连,0.133
T02,1483.623,cruise,直连,0.167
T02,1484.621,cruise,直连,0.2
T02,1485.619,cruise,直连,0.234
T02,1486.617,cruise,直连,0.268
T02,1487.615,cruise,直连,0.301
T02,1488.613,cruise,直连,0.336
T02,1489.611,cruise,直连,0.37
T02,1490.61,cruise,直连,0.404
T02,1491.608,cruise,直连,0.439
T02,1492.606,cruise,直连,0.473
T02,1493.604,cruise,直连,0.508
T02,1494.602,cruise,直连,0.543
T02,1495.6,cruise,直连,0.578
T02,1496.599,cruise,直连,0.613
T02,1497.597,cruise,直连,0.648
T02,1498.595,cruise,直连,0.684
T02,1499.593,cruise,直连,0.719
T02,1500.591,cruise,直连,0.755
T02,1501.589,cruise,直连,0.791
T02,1502.587,cruise,直连,0.827
T02,1503.586,cruise,直连,0.863
T02,1504.584,cruise,直连,0.9
T02,1505.582,cruise,直连,0.936
T02,1506.58,cruise,直连,0.973
T02,1507.578,cruise,直连,1.01
T02,1508.576,cruise,直连,1.047
T02,1509.575,cruise,直连,1.084
T02,1510.573,cruise,直连,1.121
T02,1511.571,cruise,直连,1.158
T02,1512.569,cruise,直连,1.196
T02,1513.567,cruise,直连,1.234
T02,1514.565,cruise,直连,1.272
T02,1515.563,cruise,直连,1.31
T02,1516.562,cruise,直连,1.348
T02,1517.56,cruise,直连,1.386
T02,1518.558,cruise,直连,1.425
T02,1519.556,cruise,直连,1.464
T02,1520.554,cruise,直连,1.503
T02,1521.552,cruise,直连,1.542
T02,1522.551,cruise,直连,1.581
T02,1523.549,cruise,直连,1.621
T02,1524.547,cruise,直连,1.66
T02,1525.545,cruise,直连,1.7
T02,1526.543,cruise,直连,1.74
T02,1527.541,cruise,直连,1.78
T02,1528.539,cruise,直连,1.821
T02,1529.538,cruise,直连,1.861
T02,1530.536,cruise,直连,1.902
T02,1531.534,cruise,直连,1.943
T02,1532.532,cruise,直连,1.984
T02,1533.53,cruise,直连,2.026
T02,1534.528,cruise,直连,2.067
T02,1535.527,cruise,直连,2.109
T02,1536.525,cruise,直连,2.151
T02,1537.523,cruise,直连,2.193
T02,1538.521,cruise,直连,2.235
T02,1539.519,cruise,直连,2.278
T02,1540.517,cruise,直连,2.321
T02,1541.516,cruise,直连,2.364
T02,1542.514,cruise,直连,2.407
T02,1543.512,cruise,直连,2.45
T02,1544.51,cruise,直连,2.494
T02,1545.508,cruise,直连,2.538
T02,1546.506,cruise,直连,2.582
T02,1547.504,cruise,直连,2.626
T02,1548.503,cruise,直连,2.671
T02,1549.501,cruise,直连,2.715
T02,1550.499,cruise,直连,2.76
T02,1551.497,cruise,直连,2.806
T02,1552.495,cruise,直连,2.851
T02,1553.493,cruise,直连,2.897
T02,1554.492,cruise,直连,2.943
T02,1555.49,cruise,直连,2.989
T02,1556.488,cruise,直连,3.035
T02,1557.486,cruise,直连,3.082
T02,1558.484,cruise,直连,3.129
T02,1559.482,cruise,直连,3.176
T02,1560.48,cruise,直连,3.224
T02,1561.479,cruise,直连,3.271
T02,1562.477,cruise,直连,3.319
T02,1563.475,cruise,直连,3.367
T02,1564.473,cruise,直连,3.416
T02,1565.471,cruise,直连,3.465
T02,1566.469,cruise,直连,3.514
T02,1567.468,cruise,直连,3.563
T02,1568.466,cruise,直连,3.613
T02,1569.464,cruise,直连,3.662
T02,1570.462,cruise,直连,3.713
T02,1571.46,cruise,直连,3.763
T02,1572.458,cruise,直连,3.814
T02,1573.456,cruise,直连,13.865
T02,1574.455,cruise,直连,3.916
T02,1575.453,cruise,直连,3.968
T02,1576.451,cruise,直连,4.02
T02,1577.449,cruise,直连,14.072
T02,1578.447,cruise,直连,4.125
T02,1579.445,cruise,直连,14.178
T02,1580.444,cruise,直连,14.231
T02,1581.442,cruise,直连,14.284
T02,1582.44,cruise,直连,14.338
T02,1583.438,cruise,直连,14.392
T02,1584.436,cruise,直连,14.447
T02,1585.434,cruise,直连,14.502
T02,1586.432,cruise,直连,14.557
T02,1587.431,cruise,直连,14.613
T02,1588.429,cruise,直连,14.669
T02,1589.427,cruise,直连,14.725
T02,1590.425,cruise,直连,14.782
T02,1591.423,cruise,直连,14.839
T02,1592.421,cruise,直连,14.896
T02,1593.42,cruise,直连,14.954
T02,1594.418,cruise,直连,15.012
T02,1595.416,cruise,直连,15.071
T02,1596.414,cruise,直连,15.13
T02,1597.412,cruise,直连,15.189
T02,1598.41,cruise,直连,15.249
T02,1599.409,cruise,直连,15.309
T02,1600.407,cruise,直连,15.37
T02,1601.405,cruise,直连,15.431
T02,1602.403,cruise,直连,15.492
T02,1603.401,cruise,直连,15.554
T02,1604.399,cruise,直连,15.616
T02,1605.397,cruise,直连,15.679
T02,1606.396,cruise,直连,15.743
T02,1607.394,cruise,直连,15.806
T02,1608.392,cruise,直连,15.87
T02,1609.39,cruise,直连,15.935
T02,1610.388,cruise,直连,16.0
T02,1611.386,cruise,直连,16.066
T02,1612.385,cruise,直连,16.132
T02,1613.383,cruise,直连,16.199
T02,1614.381,cruise,直连,16.266
T02,1615.379,cruise,直连,16.333
T02,1616.377,cruise,直连,16.402
T02,1617.375,cruise,直连,16.47
T02,1618.373,cruise,直连,16.539
T02,1619.372,cruise,直连,16.609
T02,1620.37,cruise,直连,16.68
T02,1621.368,cruise,直连,16.751
T02,1622.366,cruise,直连,16.822
T02,1623.364,cruise,直连,16.894
T02,1624.362,cruise,直连,16.967
T02,1625.361,cruise,直连,17.04
T02,1626.359,cruise,直连,17.114
T02,1627.357,cruise,直连,17.189
T02,1628.355,cruise,直连,17.264
T02,1629.353,cruise,直连,17.34
T02,1630.351,cruise,直连,17.416
T02,1631.349,cruise,直连,17.494
T02,1632.348,cruise,直连,17.571
T02,1633.346,cruise,直连,17.65
T02,1634.344,cruise,直连,17.729
T02,1635.342,cruise,直连,17.809
T02,1636.34,cruise,直连,17.89
T02,1637.338,cruise,直连,17.972
T02,1638.337,cruise,直连,18.054
T02,1639.335,cruise,直连,18.137
T02,1640.333,cruise,直连,18.221
T02,1641.331,cruise,直连,18.305
T02,1642.329,cruise,直连,18.391
T02,1643.327,cruise,直连,18.477
T02,1644.325,cruise,直连,18.564
T02,1645.324,cruise,直连,18.652
T02,1646.322,cruise,直连,18.741
T02,1647.32,cruise,直连,18.831
T02,1648.318,cruise,直连,18.922
T02,1649.316,cruise,直连,19.014
T02,1650.314,cruise,直连,19.106
T02,1651.313,cruise,直连,19.2
T02,1652.311,cruise,直连,19.295
T02,1653.309,cruise,直连,19.39
T02,1654.307,cruise,直连,19.487
T02,1655.305,cruise,直连,19.585
T02,1656.303,cruise,直连,19.684
T02,1657.302,cruise,直连,19.784
T02,1658.3,cruise,直连,19.885
T02,1659.298,cruise,直连,19.987
T02,1660.296,cruise,直连,20.091
T02,1661.294,cruise,直连,20.196
T02,1662.292,cruise,直连,20.302
T02,1663.29,cruise,直连,20.409
T02,1664.289,cruise,直连,20.518
T02,1665.287,cruise,直连,20.628
T02,1666.285,cruise,直连,20.739
T02,1667.283,cruise,直连,20.852
T02,1668.281,cruise,直连,20.966
T02,1669.279,cruise,直连,21.082
T02,1670.278,cruise,直连,21.199
T02,1671.276,cruise,直连,21.318
T02,1672.274,cruise,直连,21.439
T02,1673.272,cruise,直连,21.561
T02,1674.27,cruise,直连,21.684
T02,1675.268,cruise,直连,21.81
T02,1676.266,cruise,直连,21.937
T02,1677.265,cruise,直连,22.067
T02,1678.263,cruise,直连,22.198
T02,1679.261,cruise,直连,22.331
T02,1680.259,cruise,直连,22.466
T02,1681.257,cruise,直连,22.603
T02,1682.255,cruise,直连,22.742
T02,1683.254,cruise,直连,22.884
T02,1684.252,cruise,直连,23.027
T02,1685.25,cruise,直连,23.173
T02,1686.248,cruise,直连,23.322
T02,1687.246,cruise,直连,23.473
T02,1688.244,cruise,直连,23.626
T02,1689.242,cruise,直连,23.783
T02,1690.241,cruise,直连,23.941
T02,1691.239,cruise,直连,24.103
T02,1692.237,cruise,直连,24.268
T02,1693.235,cruise,直连,24.436
T02,1694.233,cruise,直连,24.607
T02,1695.231,cruise,直连,24.781
T02,1696.23,cruise,直连,24.958
T02,1697.228,cruise,直连,25.139
T02,1698.226,cruise,直连,25.324
T02,1699.224,cruise,直连,25.512
T02,1700.222,cruise,直连,25.705
T02,1701.22,cruise,直连,25.901
T02,1702.218,cruise,直连,26.102
T02,1703.217,cruise,直连,26.307
T02,1704.215,cruise,直连,26.516
T02,1705.213,cruise,直连,26.731
T02,1706.211,cruise,直连,26.95
T02,1707.209,cruise,直连,27.174
T02,1708.207,cruise,直连,27.404
T02,1709.206,cruise,直连,27.64
T02,1710.204,cruise,直连,27.881
T02,1711.202,cruise,直连,28.129
T02,1712.2,cruise,直连,28.383
T02,1713.198,cruise,直连,28.643
T02,1714.196,cruise,直连,28.911
T02,1715.195,cruise,直连,29.185
T02,1716.193,cruise,直连,29.468
T02,1717.191,cruise,直连,29.758
T02,1718.189,cruise,直连,30.056
T02,1719.187,cruise,直连,30.363
T02,1720.185,cruise,直连,30.678
T02,1721.183,cruise,直连,31.003
T02,1722.182,cruise,直连,31.336
T02,1723.18,cruise,直连,31.68
T02,1724.178,cruise,直连,32.032
T02,1725.176,cruise,直连,32.395
T02,1726.174,cruise,直连,32.767
T02,1727.172,cruise,直连,33.147
T02,1728.171,cruise,直连,33.537
T02,1729.169,cruise,直连,33.933
T02,1730.167,cruise,直连,34.336
T02,1731.165,cruise,直连,34.743
T02,1732.163,cruise,直连,35.151
T02,1733.161,cruise,直连,35.556
T02,1734.159,cruise,直连,35.954
T02,1735.158,cruise,直连,36.338
T02,1736.156,cruise,直连,36.701
T02,1737.154,cruise,直连,37.033
T02,1738.152,cruise,直连,37.326
T02,1739.15,cruise,直连,37.567
T02,1740.148,cruise,直连,37.749
T02,1741.147,cruise,直连,37.861
T02,1742.145,cruise,直连,37.9
T02,1742.145,descent,直连,37.9
T02,1743.141,descent,直连,38.036
T02,1744.137,descent,直连,38.175
T02,1745.134,descent,直连,38.317
T02,1746.13,descent,直连,38.46
T02,1747.126,descent,直连,38.606
T02,1748.123,descent,直连,38.755
T02,1749.119,descent,直连,38.906
T02,1750.115,descent,直连,39.06
T02,1751.111,descent,直连,39.217
T02,1752.108,descent,直连,39.376
T02,1753.104,descent,直连,39.538
T02,1754.1,descent,直连,39.704
T02,1755.097,descent,直连,39.873
T02,1756.093,descent,直连,40.045
T02,1757.089,descent,直连,40.22
T02,1758.086,descent,直连,40.4
T02,1759.082,descent,直连,40.583
T02,1760.078,descent,直连,40.77
T02,1761.075,descent,直连,40.961
T02,1762.071,descent,直连,41.156
T02,1763.067,descent,直连,41.356
T02,1764.063,descent,直连,41.56
T02,1765.06,descent,直连,41.77
T02,1766.056,descent,直连,41.984
T02,1767.052,descent,直连,42.204
T02,1768.049,descent,直连,42.43
T02,1769.045,descent,直连,42.662
T02,1770.041,descent,直连,42.9
T02,1771.038,descent,直连,43.145
T02,1772.034,descent,直连,43.397
T02,1773.03,descent,直连,43.657
T02,1774.027,descent,直连,43.924
T02,1775.023,descent,直连,44.2
T02,1776.019,descent,直连,44.485
T02,1777.015,descent,直连,44.78
T02,1778.012,descent,直连,45.085
T02,1779.008,descent,直连,45.401
T02,1780.004,descent,直连,45.73
T02,1781.001,descent,直连,46.071
T02,1781.997,descent,直连,46.426
T02,1782.993,descent,直连,46.796
T02,1783.99,descent,直连,47.182
T02,1784.986,descent,直连,47.587
T02,1785.982,descent,直连,48.011
T02,1786.979,descent,直连,48.458
T02,1787.975,descent,直连,48.928
T02,1788.971,descent,直连,49.425
T02,1789.967,descent,直连,49.953
T02,1790.964,descent,直连,50.514
T02,1791.96,descent,直连,51.115
T02,1792.956,descent,直连,51.76
T02,1793.953,descent,直连,52.457
T02,1794.949,descent,直连,53.215
T02,1795.945,descent,直连,54.045
T02,1796.942,descent,直连,54.963
T02,1797.938,descent,直连,55.99
T02,1798.934,descent,直连,57.154
T02,1799.931,descent,直连,58.499
T02,1800.927,descent,直连,60.091
T02,1801.923,descent,直连,62.043
T02,1802.919,descent,直连,64.563
T02,1803.916,descent,直连,68.128
T02,1804.912,descent,直连,74.28
T02,1805.908,descent,直连,104.58
T02,1806.905,descent,直连,73.765
T02,1807.901,descent,直连,67.871
T02,1808.897,descent,直连,64.391
T02,1809.894,descent,直连,61.914
T02,1810.89,descent,直连,59.988
T02,1811.886,descent,直连,58.413
T02,1812.883,descent,直连,57.08
T02,1813.879,descent,直连,45.925
T03,1940.7,climb,直连,45.925
T03,1941.696,climb,直连,57.08
T03,1942.693,climb,直连,58.413
T03,1943.689,climb,直连,59.988
T03,1944.685,climb,直连,61.914
T03,1945.682,climb,直连,64.391
T03,1946.678,climb,直连,67.871
T03,1947.674,climb,直连,73.765
T03,1948.67,climb,直连,104.58
T03,1949.667,climb,直连,74.28
T03,1950.663,climb,直连,68.128
T03,1951.659,climb,直连,64.563
T03,1952.656,climb,直连,62.043
T03,1953.652,climb,直连,60.091
T03,1954.648,climb,直连,58.499
T03,1955.645,climb,直连,57.154
T03,1956.641,climb,直连,55.99
T03,1957.637,climb,直连,54.963
T03,1958.634,climb,直连,54.045
T03,1959.63,climb,直连,53.215
T03,1960.626,climb,直连,52.457
T03,1961.622,climb,直连,51.76
T03,1962.619,climb,直连,51.115
T03,1963.615,climb,直连,50.514
T03,1964.611,climb,直连,49.953
T03,1965.608,climb,直连,49.425
T03,1966.604,climb,直连,48.928
T03,1967.6,climb,直连,48.458
T03,1968.597,climb,直连,48.011
T03,1969.593,climb,直连,47.587
T03,1970.589,climb,直连,47.182
T03,1971.586,climb,直连,46.796
T03,1972.582,climb,直连,46.426
T03,1973.578,climb,直连,46.071
T03,1974.574,climb,直连,45.73
T03,1975.571,climb,直连,45.401
T03,1976.567,climb,直连,45.085
T03,1977.563,climb,直连,44.78
T03,1978.56,climb,直连,44.485
T03,1979.556,climb,直连,44.2
T03,1980.552,climb,直连,43.924
T03,1981.549,climb,直连,43.657
T03,1982.545,climb,直连,43.397
T03,1983.541,climb,直连,43.145
T03,1984.538,climb,直连,42.9
T03,1985.534,climb,直连,42.662
T03,1986.53,climb,直连,42.43
T03,1987.526,climb,直连,42.204
T03,1988.523,climb,直连,41.984
T03,1989.519,climb,直连,41.77
T03,1990.515,climb,直连,41.56
T03,1991.512,climb,直连,41.356
T03,1992.508,climb,直连,41.156
T03,1993.504,climb,直连,40.961
T03,1994.501,climb,直连,40.77
T03,1995.497,climb,直连,40.583
T03,1996.493,climb,直连,40.4
T03,1997.49,climb,直连,40.22
T03,1998.486,climb,直连,40.045
T03,1999.482,climb,直连,39.873
T03,2000.478,climb,直连,39.704
T03,2001.475,climb,直连,39.538
T03,2002.471,climb,直连,39.376
T03,2003.467,climb,直连,39.217
T03,2004.464,climb,直连,39.06
T03,2005.46,climb,直连,38.906
T03,2006.456,climb,直连,38.755
T03,2007.453,climb,直连,38.606
T03,2008.449,climb,直连,38.46
T03,2009.445,climb,直连,38.317
T03,2010.442,climb,直连,38.175
T03,2011.438,climb,直连,38.036
T03,2012.434,climb,直连,37.9
T03,2012.434,cruise,直连,37.9
T03,2013.432,cruise,直连,37.861
T03,2014.43,cruise,直连,37.749
T03,2015.429,cruise,直连,37.567
T03,2016.427,cruise,直连,37.326
T03,2017.425,cruise,直连,37.033
T03,2018.423,cruise,直连,36.701
T03,2019.421,cruise,直连,36.338
T03,2020.419,cruise,直连,35.954
T03,2021.418,cruise,直连,35.556
T03,2022.416,cruise,直连,35.151
T03,2023.414,cruise,直连,34.743
T03,2024.412,cruise,直连,34.336
T03,2025.41,cruise,直连,33.933
T03,2026.408,cruise,直连,33.537
T03,2027.406,cruise,直连,33.147
T03,2028.405,cruise,直连,32.767
T03,2029.403,cruise,直连,32.395
T03,2030.401,cruise,直连,32.032
T03,2031.399,cruise,直连,31.68
T03,2032.397,cruise,直连,31.336
T03,2033.395,cruise,直连,31.003
T03,2034.394,cruise,直连,30.678
T03,2035.392,cruise,直连,30.363
T03,2036.39,cruise,直连,30.056
T03,2037.388,cruise,直连,29.758
T03,2038.386,cruise,直连,29.468
T03,2039.384,cruise,直连,29.185
T03,2040.383,cruise,直连,28.911
T03,2041.381,cruise,直连,28.643
T03,2042.379,cruise,直连,28.383
T03,2043.377,cruise,直连,28.129
T03,2044.375,cruise,直连,27.881
T03,2045.373,cruise,直连,27.64
T03,2046.371,cruise,直连,27.404
T03,2047.37,cruise,直连,27.174
T03,2048.368,cruise,直连,26.95
T03,2049.366,cruise,直连,26.731
T03,2050.364,cruise,直连,26.516
T03,2051.362,cruise,直连,26.307
T03,2052.36,cruise,直连,26.102
T03,2053.359,cruise,直连,25.901
T03,2054.357,cruise,直连,25.705
T03,2055.355,cruise,直连,25.512
T03,2056.353,cruise,直连,25.324
T03,2057.351,cruise,直连,25.139
T03,2058.349,cruise,直连,24.958
T03,2059.347,cruise,直连,24.781
T03,2060.346,cruise,直连,24.607
T03,2061.344,cruise,直连,24.436
T03,2062.342,cruise,直连,24.268
T03,2063.34,cruise,直连,24.103
T03,2064.338,cruise,直连,23.941
T03,2065.336,cruise,直连,23.783
T03,2066.335,cruise,直连,23.626
T03,2067.333,cruise,直连,23.473
T03,2068.331,cruise,直连,23.322
T03,2069.329,cruise,直连,23.173
T03,2070.327,cruise,直连,23.027
T03,2071.325,cruise,直连,22.884
T03,2072.323,cruise,直连,22.742
T03,2073.322,cruise,直连,22.603
T03,2074.32,cruise,直连,22.466
T03,2075.318,cruise,直连,22.331
T03,2076.316,cruise,直连,22.198
T03,2077.314,cruise,直连,22.067
T03,2078.312,cruise,直连,21.937
T03,2079.311,cruise,直连,21.81
T03,2080.309,cruise,直连,21.684
T03,2081.307,cruise,直连,21.561
T03,2082.305,cruise,直连,21.439
T03,2083.303,cruise,直连,21.318
T03,2084.301,cruise,直连,21.199
T03,2085.299,cruise,直连,21.082
T03,2086.298,cruise,直连,20.966
T03,2087.296,cruise,直连,20.852
T03,2088.294,cruise,直连,20.739
T03,2089.292,cruise,直连,20.628
T03,2090.29,cruise,直连,20.518
T03,2091.288,cruise,直连,20.409
T03,2092.287,cruise,直连,20.302
T03,2093.285,cruise,直连,20.196
T03,2094.283,cruise,直连,20.091
T03,2095.281,cruise,直连,19.987
T03,2096.279,cruise,直连,19.885
T03,2097.277,cruise,直连,19.784
T03,2098.276,cruise,直连,19.684
T03,2099.274,cruise,直连,19.585
T03,2100.272,cruise,直连,19.487
T03,2101.27,cruise,直连,19.39
T03,2102.268,cruise,直连,19.295
T03,2103.266,cruise,直连,19.2
T03,2104.264,cruise,直连,19.106
T03,2105.263,cruise,直连,19.014
T03,2106.261,cruise,直连,18.922
T03,2107.259,cruise,直连,18.831
T03,2108.257,cruise,直连,18.741
T03,2109.255,cruise,直连,18.652
T03,2110.253,cruise,直连,18.564
T03,2111.252,cruise,直连,18.477
T03,2112.25,cruise,直连,18.391
T03,2113.248,cruise,直连,18.305
T03,2114.246,cruise,直连,18.221
T03,2115.244,cruise,直连,18.137
T03,2116.242,cruise,直连,18.054
T03,2117.24,cruise,直连,17.972
T03,2118.239,cruise,直连,17.89
T03,2119.237,cruise,直连,17.809
T03,2120.235,cruise,直连,17.729
T03,2121.233,cruise,直连,17.65
T03,2122.231,cruise,直连,17.571
T03,2123.229,cruise,直连,17.494
T03,2124.228,cruise,直连,17.416
T03,2125.226,cruise,直连,17.34
T03,2126.224,cruise,直连,17.264
T03,2127.222,cruise,直连,17.189
T03,2128.22,cruise,直连,17.114
T03,2129.218,cruise,直连,17.04
T03,2130.216,cruise,直连,16.967
T03,2131.215,cruise,直连,16.894
T03,2132.213,cruise,直连,16.822
T03,2133.211,cruise,直连,16.751
T03,2134.209,cruise,直连,16.68
T03,2135.207,cruise,直连,16.609
T03,2136.205,cruise,直连,16.539
T03,2137.204,cruise,直连,16.47
T03,2138.202,cruise,直连,16.402
T03,2139.2,cruise,直连,16.333
T03,2140.198,cruise,直连,16.266
T03,2141.196,cruise,直连,16.199
T03,2142.194,cruise,直连,16.132
T03,2143.192,cruise,直连,16.066
T03,2144.191,cruise,直连,16.0
T03,2145.189,cruise,直连,15.935
T03,2146.187,cruise,直连,15.87
T03,2147.185,cruise,直连,15.806
T03,2148.183,cruise,直连,15.743
T03,2149.181,cruise,直连,15.679
T03,2150.18,cruise,直连,15.616
T03,2151.178,cruise,直连,15.554
T03,2152.176,cruise,直连,15.492
T03,2153.174,cruise,直连,15.431
T03,2154.172,cruise,直连,15.37
T03,2155.17,cruise,直连,15.309
T03,2156.169,cruise,直连,15.249
T03,2157.167,cruise,直连,15.189
T03,2158.165,cruise,直连,15.13
T03,2159.163,cruise,直连,15.071
T03,2160.161,cruise,直连,15.012
T03,2161.159,cruise,直连,14.954
T03,2162.157,cruise,直连,14.896
T03,2163.156,cruise,直连,14.839
T03,2164.154,cruise,直连,14.782
T03,2165.152,cruise,直连,14.725
T03,2166.15,cruise,直连,14.669
T03,2167.148,cruise,直连,14.613
T03,2168.146,cruise,直连,14.557
T03,2169.145,cruise,直连,14.502
T03,2170.143,cruise,直连,14.447
T03,2171.141,cruise,直连,14.392
T03,2172.139,cruise,直连,14.338
T03,2173.137,cruise,直连,14.284
T03,2174.135,cruise,直连,14.231
T03,2175.133,cruise,直连,14.178
T03,2176.132,cruise,直连,4.125
T03,2177.13,cruise,直连,14.072
T03,2178.128,cruise,直连,4.02
T03,2179.126,cruise,直连,3.968
T03,2180.124,cruise,直连,3.916
T03,2181.122,cruise,直连,13.865
T03,2182.121,cruise,直连,3.814
T03,2183.119,cruise,直连,3.763
T03,2184.117,cruise,直连,3.713
T03,2185.115,cruise,直连,3.662
T03,2186.113,cruise,直连,3.613
T03,2187.111,cruise,直连,3.563
T03,2188.109,cruise,直连,3.514
T03,2189.108,cruise,直连,3.465
T03,2190.106,cruise,直连,3.416
T03,2191.104,cruise,直连,3.367
T03,2192.102,cruise,直连,3.319
T03,2193.1,cruise,直连,3.271
T03,2194.098,cruise,直连,3.224
T03,2195.097,cruise,直连,3.176
T03,2196.095,cruise,直连,3.129
T03,2197.093,cruise,直连,3.082
T03,2198.091,cruise,直连,3.035
T03,2199.089,cruise,直连,2.989
T03,2200.087,cruise,直连,2.943
T03,2201.085,cruise,直连,2.897
T03,2202.084,cruise,直连,2.851
T03,2203.082,cruise,直连,2.806
T03,2204.08,cruise,直连,2.76
T03,2205.078,cruise,直连,2.715
T03,2206.076,cruise,直连,2.671
T03,2207.074,cruise,直连,2.626
T03,2208.073,cruise,直连,2.582
T03,2209.071,cruise,直连,2.538
T03,2210.069,cruise,直连,2.494
T03,2211.067,cruise,直连,2.45
T03,2212.065,cruise,直连,2.407
T03,2213.063,cruise,直连,2.364
T03,2214.062,cruise,直连,2.321
T03,2215.06,cruise,直连,2.278
T03,2216.058,cruise,直连,2.235
T03,2217.056,cruise,直连,2.193
T03,2218.054,cruise,直连,2.151
T03,2219.052,cruise,直连,2.109
T03,2220.05,cruise,直连,2.067
T03,2221.049,cruise,直连,2.026
T03,2222.047,cruise,直连,1.984
T03,2223.045,cruise,直连,1.943
T03,2224.043,cruise,直连,1.902
T03,2225.041,cruise,直连,1.861
T03,2226.039,cruise,直连,1.821
T03,2227.038,cruise,直连,1.78
T03,2228.036,cruise,直连,1.74
T03,2229.034,cruise,直连,1.7
T03,2230.032,cruise,直连,1.66
T03,2231.03,cruise,直连,1.621
T03,2232.028,cruise,直连,1.581
T03,2233.026,cruise,直连,1.542
T03,2234.025,cruise,直连,1.503
T03,2235.023,cruise,直连,1.464
T03,2236.021,cruise,直连,1.425
T03,2237.019,cruise,直连,1.386
T03,2238.017,cruise,直连,1.348
T03,2239.015,cruise,直连,1.31
T03,2240.014,cruise,直连,1.272
T03,2241.012,cruise,直连,1.234
T03,2242.01,cruise,直连,1.196
T03,2243.008,cruise,直连,1.158
T03,2244.006,cruise,直连,1.121
T03,2245.004,cruise,直连,1.084
T03,2246.002,cruise,直连,1.047
T03,2247.001,cruise,直连,1.01
T03,2247.999,cruise,直连,0.973
T03,2248.997,cruise,直连,0.936
T03,2249.995,cruise,直连,0.9
T03,2250.993,cruise,直连,0.863
T03,2251.991,cruise,直连,0.827
T03,2252.99,cruise,直连,0.791
T03,2253.988,cruise,直连,0.755
T03,2254.986,cruise,直连,0.719
T03,2255.984,cruise,直连,0.684
T03,2256.982,cruise,直连,0.648
T03,2257.98,cruise,直连,0.613
T03,2258.978,cruise,直连,0.578
T03,2259.977,cruise,直连,0.543
T03,2260.975,cruise,直连,0.508
T03,2261.973,cruise,直连,0.473
T03,2262.971,cruise,直连,0.439
T03,2263.969,cruise,直连,0.404
T03,2264.967,cruise,直连,0.37
T03,2265.966,cruise,直连,0.336
T03,2266.964,cruise,直连,0.301
T03,2267.962,cruise,直连,0.268
T03,2268.96,cruise,直连,0.234
T03,2269.958,cruise,直连,0.2
T03,2270.956,cruise,直连,0.167
T03,2271.955,cruise,直连,0.133
T03,2272.953,cruise,直连,0.1
T03,2273.951,cruise,直连,0.067
T03,2274.949,cruise,直连,0.034
T03,2275.947,cruise,直连,0.001
T03,2276.945,cruise,中继,3.268
T03,2277.943,cruise,中继,3.263
T03,2278.942,cruise,中继,3.257
T03,2279.94,cruise,中继,3.252
T03,2280.938,cruise,中继,3.246
T03,2281.936,cruise,中继,3.241
T03,2282.934,cruise,中继,3.235
T03,2283.932,cruise,中继,3.229
T03,2284.931,cruise,中继,3.223
T03,2285.929,cruise,中继,3.217
T03,2286.927,cruise,中继,3.211
T03,2287.925,cruise,中继,3.205
T03,2288.923,cruise,中继,3.199
T03,2289.921,cruise,中继,3.192
T03,2290.919,cruise,中继,3.186
T03,2291.918,cruise,中继,3.179
T03,2292.916,cruise,中继,3.173
T03,2293.914,cruise,中继,3.166
T03,2294.912,cruise,中继,3.159
T03,2295.91,cruise,中继,3.152
T03,2296.908,cruise,中继,3.145
T03,2297.907,cruise,中继,3.138
T03,2298.905,cruise,中继,3.131
T03,2299.903,cruise,中继,3.123
T03,2300.901,cruise,中继,3.116
T03,2301.899,cruise,中继,3.109
T03,2302.897,cruise,中继,3.101
T03,2303.895,cruise,中继,3.093
T03,2304.894,cruise,中继,3.086
T03,2305.892,cruise,中继,3.078
T03,2306.89,cruise,中继,3.07
T03,2307.888,cruise,中继,3.062
T03,2308.886,cruise,中继,3.054
T03,2309.884,cruise,中继,3.046
T03,2310.883,cruise,中继,3.037
T03,2311.881,cruise,中继,3.029
T03,2312.879,cruise,中继,3.021
T03,2313.877,cruise,中继,3.012
T03,2314.875,cruise,中继,3.003
T03,2315.873,cruise,中继,2.995
T03,2316.871,cruise,中继,2.986
T03,2317.87,cruise,中继,2.977
T03,2318.868,cruise,中继,2.968
T03,2319.866,cruise,中继,2.959
T03,2320.864,cruise,中继,2.95
T03,2321.862,cruise,中继,2.941
T03,2322.86,cruise,中继,2.932
T03,2323.859,cruise,中继,2.923
T03,2324.857,cruise,中继,2.913
T03,2325.855,cruise,中继,2.904
T03,2326.853,cruise,中继,2.894
T03,2327.851,cruise,中继,2.885
T03,2328.849,cruise,中继,2.875
T03,2329.847,cruise,中继,2.865
T03,2330.846,cruise,中继,2.855
T03,2331.844,cruise,中继,2.845
T03,2332.842,cruise,中继,2.835
T03,2333.84,cruise,中继,2.825
T03,2334.838,cruise,中继,2.815
T03,2335.836,cruise,中继,2.805
T03,2336.835,cruise,中继,2.795
T03,2337.833,cruise,中继,2.784
T03,2338.831,cruise,中继,2.774
T03,2339.829,cruise,中继,2.764
T03,2340.827,cruise,中继,2.753
T03,2341.825,cruise,中继,2.742
T03,2342.824,cruise,中继,2.732
T03,2343.822,cruise,中继,2.721
T03,2344.82,cruise,中继,2.71
T03,2345.818,cruise,中继,2.699
T03,2346.816,cruise,中继,2.688
T03,2347.814,cruise,中继,2.677
T03,2348.812,cruise,中继,2.666
T03,2349.811,cruise,中继,2.655
T03,2350.809,cruise,中继,2.644
T03,2351.807,cruise,中继,2.633
T03,2352.805,cruise,中继,2.621
T03,2353.803,cruise,中继,2.61
T03,2354.801,cruise,中继,2.599
T03,2355.8,cruise,中继,2.587
T03,2356.798,cruise,中继,2.576
T03,2357.796,cruise,中继,2.564
T03,2358.794,cruise,中继,2.552
T03,2359.792,cruise,中继,2.541
T03,2360.79,cruise,中继,2.529
T03,2361.788,cruise,中继,2.517
T03,2362.787,cruise,中继,2.505
T03,2363.785,cruise,中继,2.493
T03,2364.783,cruise,中继,2.481
T03,2365.781,cruise,中继,2.469
T03,2366.779,cruise,中继,2.457
T03,2367.777,cruise,中继,2.445
T03,2368.776,cruise,中继,2.433
T03,2369.774,cruise,中继,2.42
T03,2370.772,cruise,中继,2.408
T03,2371.77,cruise,中继,2.396
T03,2372.768,cruise,中继,2.383
T03,2373.766,cruise,中继,2.371
T03,2374.764,cruise,中继,2.358
T03,2375.763,cruise,中继,2.346
T03,2376.761,cruise,中继,2.333
T03,2377.759,cruise,中继,2.32
T03,2378.757,cruise,中继,2.308
T03,2379.755,cruise,中继,2.306
T03,2380.753,cruise,中继,2.306
T03,2381.752,cruise,中继,2.306
T03,2382.75,cruise,中继,2.306
T03,2383.748,cruise,中继,2.306
T03,2384.746,cruise,中继,2.306
T03,2385.744,cruise,中继,2.306
T03,2386.742,cruise,中继,2.306
T03,2387.74,cruise,中继,2.306
T03,2388.739,cruise,中继,2.306
T03,2389.737,cruise,中继,2.306
T03,2390.735,cruise,中继,2.306
T03,2391.733,cruise,中继,2.306
T03,2392.731,cruise,中继,2.306
T03,2393.729,cruise,中继,2.306
T03,2394.728,cruise,中继,2.306
T03,2395.726,cruise,中继,2.306
T03,2396.724,cruise,中继,2.306
T03,2397.722,cruise,中继,2.306
T03,2398.72,cruise,中继,2.306
T03,2399.718,cruise,中继,2.294
T03,2400.717,cruise,中继,2.277
T03,2401.715,cruise,中继,2.261
T03,2402.713,cruise,中继,2.245
T03,2403.711,cruise,中继,2.228
T03,2404.709,cruise,中继,2.212
T03,2405.707,cruise,中继,2.195
T03,2406.705,cruise,中继,2.179
T03,2407.704,cruise,中继,2.162
T03,2408.702,cruise,中继,2.146
T03,2409.7,cruise,中继,2.129
T03,2410.698,cruise,中继,2.112
T03,2411.696,cruise,中继,2.096
T03,2412.694,cruise,中继,2.079
T03,2413.693,cruise,中继,2.062
T03,2414.691,cruise,中继,2.046
T03,2415.689,cruise,中继,2.029
T03,2416.687,cruise,中继,2.012
T03,2417.685,cruise,中继,1.996
T03,2418.683,cruise,中继,1.979
T03,2419.681,cruise,中继,1.962
T03,2420.68,cruise,中继,1.946
T03,2421.678,cruise,中继,1.929
T03,2422.676,cruise,中继,1.912
T03,2423.674,cruise,中继,1.895
T03,2424.672,cruise,中继,1.878
T03,2425.67,cruise,中继,1.862
T03,2426.669,cruise,中继,1.845
T03,2427.667,cruise,中继,1.828
T03,2428.665,cruise,中继,1.811
T03,2429.663,cruise,中继,1.794
T03,2430.661,cruise,中继,1.777
T03,2431.659,cruise,中继,1.761
T03,2432.657,cruise,中继,1.744
T03,2433.656,cruise,中继,1.727
T03,2434.654,cruise,中继,1.71
T03,2435.652,cruise,中继,1.693
T03,2436.65,cruise,中继,1.676
T03,2437.648,cruise,中继,1.659
T03,2438.646,cruise,中继,1.642
T03,2439.645,cruise,中继,1.625
T03,2440.643,cruise,中继,1.608
T03,2441.641,cruise,中继,1.591
T03,2442.639,cruise,中继,1.575
T03,2443.637,cruise,中继,1.558
T03,2444.635,cruise,中继,1.541
T03,2445.633,cruise,中继,1.524
T03,2446.632,cruise,中继,1.507
T03,2447.63,cruise,中继,1.49
T03,2448.628,cruise,中继,1.473
T03,2449.626,cruise,中继,1.456
T03,2450.624,cruise,中继,1.439
T03,2451.622,cruise,中继,1.422
T03,2452.621,cruise,中继,1.405
T03,2453.619,cruise,中继,1.388
T03,2454.617,cruise,中继,1.371
T03,2455.615,cruise,中继,1.354
T03,2456.613,cruise,中继,1.337
T03,2457.611,cruise,中继,1.32
T03,2458.61,cruise,中继,1.303
T03,2459.608,cruise,中继,1.286
T03,2460.606,cruise,中继,1.269
T03,2461.604,cruise,中继,1.252
T03,2462.602,cruise,中继,1.235
T03,2463.6,cruise,中继,1.218
T03,2464.598,cruise,中继,1.201
T03,2465.597,cruise,中继,1.184
T03,2466.595,cruise,中继,1.167
T03,2467.593,cruise,中继,1.15
T03,2468.591,cruise,中继,1.133
T03,2469.589,cruise,中继,1.116
T03,2470.587,cruise,中继,1.099
T03,2471.586,cruise,中继,1.082
T03,2472.584,cruise,中继,1.065
T03,2473.582,cruise,中继,1.048
T03,2474.58,cruise,中继,1.031
T03,2475.578,cruise,中继,1.014
T03,2476.576,cruise,中继,0.997
T03,2477.574,cruise,中继,0.98
T03,2478.573,cruise,中继,0.963
T03,2479.571,cruise,中继,0.946
T03,2480.569,cruise,中继,0.929
T03,2481.567,cruise,中继,0.913
T03,2482.565,cruise,中继,0.896
T03,2483.563,cruise,中继,0.879
T03,2484.562,cruise,中继,0.862
T03,2485.56,cruise,中继,0.845
T03,2486.558,cruise,中继,0.828
T03,2487.556,cruise,中继,0.811
T03,2488.554,cruise,中继,0.794
T03,2489.552,cruise,中继,0.777
T03,2490.55,cruise,中继,0.76
T03,2491.549,cruise,中继,0.743
T03,2492.547,cruise,中继,0.727
T03,2493.545,cruise,中继,0.71
T03,2494.543,cruise,中继,0.693
T03,2495.541,cruise,中继,0.676
T03,2496.539,cruise,中继,0.659
T03,2497.538,cruise,中继,0.642
T03,2498.536,cruise,中继,0.626
T03,2499.534,cruise,中继,0.609
T03,2500.532,cruise,中继,0.592
T03,2501.53,cruise,中继,0.575
T03,2502.528,cruise,中继,0.558
T03,2503.526,cruise,中继,0.542
T03,2504.525,cruise,中继,0.525
T03,2505.523,cruise,中继,0.508
T03,2506.521,cruise,中继,0.491
T03,2506.521,descent,中继,0.491
T03,2507.516,descent,中继,0.491
T03,2508.51,descent,中继,0.491
T03,2509.505,descent,中继,0.491
T03,2510.5,descent,中继,0.491
T03,2511.495,descent,中继,0.49
T03,2512.489,descent,中继,0.49
T03,2513.484,descent,中继,0.49
T03,2514.479,descent,中继,0.49
T03,2515.473,descent,中继,0.49
T03,2516.468,descent,中继,0.49
T03,2517.463,descent,中继,0.489
T03,2518.458,descent,中继,0.489
T03,2519.452,descent,中继,0.489
T03,2520.447,descent,中继,0.489
T03,2521.442,descent,中继,0.489
T03,2522.436,descent,中继,0.489
T03,2523.431,descent,中继,0.488
T03,2524.426,descent,中继,0.488
T03,2525.421,descent,中继,0.488
T03,2526.415,descent,中继,0.488
T03,2527.41,descent,中继,0.488
T03,2528.405,descent,中继,0.488
T03,2529.4,descent,中继,0.487
T03,2530.394,descent,中继,0.487
T03,2531.389,descent,中继,0.487
T03,2532.384,descent,中继,0.487
T03,2533.378,descent,中继,0.487
T03,2534.373,descent,中继,0.486
T03,2535.368,descent,中继,0.486
T03,2536.363,descent,中继,0.486
T03,2537.357,descent,中继,0.486
T03,2538.352,descent,中继,0.486
T03,2539.347,descent,中继,0.486
T03,2540.341,descent,中继,0.485
T03,2541.336,descent,中继,0.485
T03,2542.331,descent,中继,0.485
T03,2543.326,descent,中继,0.485
T03,2544.32,descent,中继,0.438
T03,2545.315,descent,中继,0.437
T03,2546.31,descent,中继,0.437
T03,2547.305,descent,中继,0.437
T03,2548.299,descent,中继,0.436
T03,2549.294,descent,中继,0.436
T03,2550.289,descent,中继,0.436
T03,2550.289,handover,中继,0.436
T03,2910.289,handover,中继,0.436
T03,2910.289,climb,中继,0.436
T03,2911.261,climb,中继,0.436
T03,2912.234,climb,中继,0.437
T03,2913.207,climb,中继,0.437
T03,2914.179,climb,中继,0.437
T03,2915.152,climb,中继,0.438
T03,2916.124,climb,中继,0.485
T03,2917.097,climb,中继,0.485
T03,2918.07,climb,中继,0.485
T03,2919.042,climb,中继,0.486
T03,2920.015,climb,中继,0.486
T03,2920.987,climb,中继,0.486
T03,2921.96,climb,中继,0.486
T03,2922.933,climb,中继,0.486
T03,2923.905,climb,中继,0.487
T03,2924.878,climb,中继,0.487
T03,2925.851,climb,中继,0.487
T03,2926.823,climb,中继,0.487
T03,2927.796,climb,中继,0.488
T03,2928.768,climb,中继,0.488
T03,2929.741,climb,中继,0.488
T03,2930.714,climb,中继,0.488
T03,2931.686,climb,中继,0.488
T03,2932.659,climb,中继,0.489
T03,2933.631,climb,中继,0.489
T03,2934.604,climb,中继,0.489
T03,2935.577,climb,中继,0.489
T03,2936.549,climb,中继,0.489
T03,2937.522,climb,中继,0.49
T03,2938.495,climb,中继,0.49
T03,2939.467,climb,中继,0.49
T03,2940.44,climb,中继,0.49
T03,2941.412,climb,中继,0.49
T03,2942.385,climb,中继,0.491
T03,2943.358,climb,中继,0.491
T03,2944.33,climb,中继,0.491
T03,2945.303,climb,中继,0.491
T03,2945.303,cruise,中继,0.491
T03,2946.301,cruise,中继,0.508
T03,2947.299,cruise,中继,0.525
T03,2948.297,cruise,中继,0.542
T03,2949.295,cruise,中继,0.558
T03,2950.294,cruise,中继,0.575
T03,2951.292,cruise,中继,0.592
T03,2952.29,cruise,中继,0.609
T03,2953.288,cruise,中继,0.626
T03,2954.286,cruise,中继,0.642
T03,2955.284,cruise,中继,0.659
T03,2956.283,cruise,中继,0.676
T03,2957.281,cruise,中继,0.693
T03,2958.279,cruise,中继,0.71
T03,2959.277,cruise,中继,0.727
T03,2960.275,cruise,中继,0.743
T03,2961.273,cruise,中继,0.76
T03,2962.271,cruise,中继,0.777
T03,2963.27,cruise,中继,0.794
T03,2964.268,cruise,中继,0.811
T03,2965.266,cruise,中继,0.828
T03,2966.264,cruise,中继,0.845
T03,2967.262,cruise,中继,0.862
T03,2968.26,cruise,中继,0.879
T03,2969.259,cruise,中继,0.896
T03,2970.257,cruise,中继,0.913
T03,2971.255,cruise,中继,0.929
T03,2972.253,cruise,中继,0.946
T03,2973.251,cruise,中继,0.963
T03,2974.249,cruise,中继,0.98
T03,2975.247,cruise,中继,0.997
T03,2976.246,cruise,中继,1.014
T03,2977.244,cruise,中继,1.031
T03,2978.242,cruise,中继,1.048
T03,2979.24,cruise,中继,1.065
T03,2980.238,cruise,中继,1.082
T03,2981.236,cruise,中继,1.099
T03,2982.235,cruise,中继,1.116
T03,2983.233,cruise,中继,1.133
T03,2984.231,cruise,中继,1.15
T03,2985.229,cruise,中继,1.167
T03,2986.227,cruise,中继,1.184
T03,2987.225,cruise,中继,1.201
T03,2988.224,cruise,中继,1.218
T03,2989.222,cruise,中继,1.235
T03,2990.22,cruise,中继,1.252
T03,2991.218,cruise,中继,1.269
T03,2992.216,cruise,中继,1.286
T03,2993.214,cruise,中继,1.303
T03,2994.212,cruise,中继,1.32
T03,2995.211,cruise,中继,1.337
T03,2996.209,cruise,中继,1.354
T03,2997.207,cruise,中继,1.371
T03,2998.205,cruise,中继,1.388
T03,2999.203,cruise,中继,1.405
T03,3000.201,cruise,中继,1.422
T03,3001.2,cruise,中继,1.439
T03,3002.198,cruise,中继,1.456
T03,3003.196,cruise,中继,1.473
T03,3004.194,cruise,中继,1.49
T03,3005.192,cruise,中继,1.507
T03,3006.19,cruise,中继,1.524
T03,3007.188,cruise,中继,1.541
T03,3008.187,cruise,中继,1.558
T03,3009.185,cruise,中继,1.575
T03,3010.183,cruise,中继,1.591
T03,3011.181,cruise,中继,1.608
T03,3012.179,cruise,中继,1.625
T03,3013.177,cruise,中继,1.642
T03,3014.176,cruise,中继,1.659
T03,3015.174,cruise,中继,1.676
T03,3016.172,cruise,中继,1.693
T03,3017.17,cruise,中继,1.71
T03,3018.168,cruise,中继,1.727
T03,3019.166,cruise,中继,1.744
T03,3020.164,cruise,中继,1.761
T03,3021.163,cruise,中继,1.777
T03,3022.161,cruise,中继,1.794
T03,3023.159,cruise,中继,1.811
T03,3024.157,cruise,中继,1.828
T03,3025.155,cruise,中继,1.845
T03,3026.153,cruise,中继,1.862
T03,3027.152,cruise,中继,1.878
T03,3028.15,cruise,中继,1.895
T03,3029.148,cruise,中继,1.912
T03,3030.146,cruise,中继,1.929
T03,3031.144,cruise,中继,1.946
T03,3032.142,cruise,中继,1.962
T03,3033.14,cruise,中继,1.979
T03,3034.139,cruise,中继,1.996
T03,3035.137,cruise,中继,2.012
T03,3036.135,cruise,中继,2.029
T03,3037.133,cruise,中继,2.046
T03,3038.131,cruise,中继,2.062
T03,3039.129,cruise,中继,2.079
T03,3040.128,cruise,中继,2.096
T03,3041.126,cruise,中继,2.112
T03,3042.124,cruise,中继,2.129
T03,3043.122,cruise,中继,2.146
T03,3044.12,cruise,中继,2.162
T03,3045.118,cruise,中继,2.179
T03,3046.117,cruise,中继,2.195
T03,3047.115,cruise,中继,2.212
T03,3048.113,cruise,中继,2.228
T03,3049.111,cruise,中继,2.245
T03,3050.109,cruise,中继,2.261
T03,3051.107,cruise,中继,2.277
T03,3052.105,cruise,中继,2.294
T03,3053.104,cruise,中继,2.306
T03,3054.102,cruise,中继,2.306
T03,3055.1,cruise,中继,2.306
T03,3056.098,cruise,中继,2.306
T03,3057.096,cruise,中继,2.306
T03,3058.094,cruise,中继,2.306
T03,3059.093,cruise,中继,2.306
T03,3060.091,cruise,中继,2.306
T03,3061.089,cruise,中继,2.306
T03,3062.087,cruise,中继,2.306
T03,3063.085,cruise,中继,2.306
T03,3064.083,cruise,中继,2.306
T03,3065.081,cruise,中继,2.306
T03,3066.08,cruise,中继,2.306
T03,3067.078,cruise,中继,2.306
T03,3068.076,cruise,中继,2.306
T03,3069.074,cruise,中继,2.306
T03,3070.072,cruise,中继,2.306
T03,3071.07,cruise,中继,2.306
T03,3072.069,cruise,中继,2.306
T03,3073.067,cruise,中继,2.308
T03,3074.065,cruise,中继,2.32
T03,3075.063,cruise,中继,2.333
T03,3076.061,cruise,中继,2.346
T03,3077.059,cruise,中继,2.358
T03,3078.057,cruise,中继,2.371
T03,3079.056,cruise,中继,2.383
T03,3080.054,cruise,中继,2.396
T03,3081.052,cruise,中继,2.408
T03,3082.05,cruise,中继,2.42
T03,3083.048,cruise,中继,2.433
T03,3084.046,cruise,中继,2.445
T03,3085.045,cruise,中继,2.457
T03,3086.043,cruise,中继,2.469
T03,3087.041,cruise,中继,2.481
T03,3088.039,cruise,中继,2.493
T03,3089.037,cruise,中继,2.505
T03,3090.035,cruise,中继,2.517
T03,3091.033,cruise,中继,2.529
T03,3092.032,cruise,中继,2.541
T03,3093.03,cruise,中继,2.552
T03,3094.028,cruise,中继,2.564
T03,3095.026,cruise,中继,2.576
T03,3096.024,cruise,中继,2.587
T03,3097.022,cruise,中继,2.599
T03,3098.021,cruise,中继,2.61
T03,3099.019,cruise,中继,2.621
T03,3100.017,cruise,中继,2.633
T03,3101.015,cruise,中继,2.644
T03,3102.013,cruise,中继,2.655
T03,3103.011,cruise,中继,2.666
T03,3104.01,cruise,中继,2.677
T03,3105.008,cruise,中继,2.688
T03,3106.006,cruise,中继,2.699
T03,3107.004,cruise,中继,2.71
T03,3108.002,cruise,中继,2.721
T03,3109.0,cruise,中继,2.732
T03,3109.998,cruise,中继,2.742
T03,3110.997,cruise,中继,2.753
T03,3111.995,cruise,中继,2.764
T03,3112.993,cruise,中继,2.774
T03,3113.991,cruise,中继,2.784
T03,3114.989,cruise,中继,2.795
T03,3115.987,cruise,中继,2.805
T03,3116.986,cruise,中继,2.815
T03,3117.984,cruise,中继,2.825
T03,3118.982,cruise,中继,2.835
T03,3119.98,cruise,中继,2.845
T03,3120.978,cruise,中继,2.855
T03,3121.976,cruise,中继,2.865
T03,3122.974,cruise,中继,2.875
T03,3123.973,cruise,中继,2.885
T03,3124.971,cruise,中继,2.894
T03,3125.969,cruise,中继,2.904
T03,3126.967,cruise,中继,2.913
T03,3127.965,cruise,中继,2.923
T03,3128.963,cruise,中继,2.932
T03,3129.962,cruise,中继,2.941
T03,3130.96,cruise,中继,2.95
T03,3131.958,cruise,中继,2.959
T03,3132.956,cruise,中继,2.968
T03,3133.954,cruise,中继,2.977
T03,3134.952,cruise,中继,2.986
T03,3135.95,cruise,中继,2.995
T03,3136.949,cruise,中继,3.003
T03,3137.947,cruise,中继,3.012
T03,3138.945,cruise,中继,3.021
T03,3139.943,cruise,中继,3.029
T03,3140.941,cruise,中继,3.037
T03,3141.939,cruise,中继,3.046
T03,3142.938,cruise,中继,3.054
T03,3143.936,cruise,中继,3.062
T03,3144.934,cruise,中继,3.07
T03,3145.932,cruise,中继,3.078
T03,3146.93,cruise,中继,3.086
T03,3147.928,cruise,中继,3.093
T03,3148.926,cruise,中继,3.101
T03,3149.925,cruise,中继,3.109
T03,3150.923,cruise,中继,3.116
T03,3151.921,cruise,中继,3.123
T03,3152.919,cruise,中继,3.131
T03,3153.917,cruise,中继,3.138
T03,3154.915,cruise,中继,3.145
T03,3155.914,cruise,中继,3.152
T03,3156.912,cruise,中继,3.159
T03,3157.91,cruise,中继,3.166
T03,3158.908,cruise,中继,3.173
T03,3159.906,cruise,中继,3.179
T03,3160.904,cruise,中继,3.186
T03,3161.902,cruise,中继,3.192
T03,3162.901,cruise,中继,3.199
T03,3163.899,cruise,中继,3.205
T03,3164.897,cruise,中继,3.211
T03,3165.895,cruise,中继,3.217
T03,3166.893,cruise,中继,3.223
T03,3167.891,cruise,中继,3.229
T03,3168.89,cruise,中继,3.235
T03,3169.888,cruise,中继,3.241
T03,3170.886,cruise,中继,3.246
T03,3171.884,cruise,中继,3.252
T03,3172.882,cruise,中继,3.257
T03,3173.88,cruise,中继,3.263
T03,3174.879,cruise,中继,3.268
T03,3175.877,cruise,直连,0.001
T03,3176.875,cruise,直连,0.034
T03,3177.873,cruise,直连,0.067
T03,3178.871,cruise,直连,0.1
T03,3179.869,cruise,直连,0.133
T03,3180.867,cruise,直连,0.167
T03,3181.866,cruise,直连,0.2
T03,3182.864,cruise,直连,0.234
T03,3183.862,cruise,直连,0.268
T03,3184.86,cruise,直连,0.301
T03,3185.858,cruise,直连,0.336
T03,3186.856,cruise,直连,0.37
T03,3187.855,cruise,直连,0.404
T03,3188.853,cruise,直连,0.439
T03,3189.851,cruise,直连,0.473
T03,3190.849,cruise,直连,0.508
T03,3191.847,cruise,直连,0.543
T03,3192.845,cruise,直连,0.578
T03,3193.843,cruise,直连,0.613
T03,3194.842,cruise,直连,0.648
T03,3195.84,cruise,直连,0.684
T03,3196.838,cruise,直连,0.719
T03,3197.836,cruise,直连,0.755
T03,3198.834,cruise,直连,0.791
T03,3199.832,cruise,直连,0.827
T03,3200.831,cruise,直连,0.863
T03,3201.829,cruise,直连,0.9
T03,3202.827,cruise,直连,0.936
T03,3203.825,cruise,直连,0.973
T03,3204.823,cruise,直连,1.01
T03,3205.821,cruise,直连,1.047
T03,3206.819,cruise,直连,1.084
T03,3207.818,cruise,直连,1.121
T03,3208.816,cruise,直连,1.158
T03,3209.814,cruise,直连,1.196
T03,3210.812,cruise,直连,1.234
T03,3211.81,cruise,直连,1.272
T03,3212.808,cruise,直连,1.31
T03,3213.807,cruise,直连,1.348
T03,3214.805,cruise,直连,1.386
T03,3215.803,cruise,直连,1.425
T03,3216.801,cruise,直连,1.464
T03,3217.799,cruise,直连,1.503
T03,3218.797,cruise,直连,1.542
T03,3219.795,cruise,直连,1.581
T03,3220.794,cruise,直连,1.621
T03,3221.792,cruise,直连,1.66
T03,3222.79,cruise,直连,1.7
T03,3223.788,cruise,直连,1.74
T03,3224.786,cruise,直连,1.78
T03,3225.784,cruise,直连,1.821
T03,3226.783,cruise,直连,1.861
T03,3227.781,cruise,直连,1.902
T03,3228.779,cruise,直连,1.943
T03,3229.777,cruise,直连,1.984
T03,3230.775,cruise,直连,2.026
T03,3231.773,cruise,直连,2.067
T03,3232.772,cruise,直连,2.109
T03,3233.77,cruise,直连,2.151
T03,3234.768,cruise,直连,2.193
T03,3235.766,cruise,直连,2.235
T03,3236.764,cruise,直连,2.278
T03,3237.762,cruise,直连,2.321
T03,3238.76,cruise,直连,2.364
T03,3239.759,cruise,直连,2.407
T03,3240.757,cruise,直连,2.45
T03,3241.755,cruise,直连,2.494
T03,3242.753,cruise,直连,2.538
T03,3243.751,cruise,直连,2.582
T03,3244.749,cruise,直连,2.626
T03,3245.748,cruise,直连,2.671
T03,3246.746,cruise,直连,2.715
T03,3247.744,cruise,直连,2.76
T03,3248.742,cruise,直连,2.806
T03,3249.74,cruise,直连,2.851
T03,3250.738,cruise,直连,2.897
T03,3251.736,cruise,直连,2.943
T03,3252.735,cruise,直连,2.989
T03,3253.733,cruise,直连,3.035
T03,3254.731,cruise,直连,3.082
T03,3255.729,cruise,直连,3.129
T03,3256.727,cruise,直连,3.176
T03,3257.725,cruise,直连,3.224
T03,3258.724,cruise,直连,3.271
T03,3259.722,cruise,直连,3.319
T03,3260.72,cruise,直连,3.367
T03,3261.718,cruise,直连,3.416
T03,3262.716,cruise,直连,3.465
T03,3263.714,cruise,直连,3.514
T03,3264.712,cruise,直连,3.563
T03,3265.711,cruise,直连,3.613
T03,3266.709,cruise,直连,3.662
T03,3267.707,cruise,直连,3.713
T03,3268.705,cruise,直连,3.763
T03,3269.703,cruise,直连,3.814
T03,3270.701,cruise,直连,13.865
T03,3271.7,cruise,直连,3.916
T03,3272.698,cruise,直连,3.968
T03,3273.696,cruise,直连,4.02
T03,3274.694,cruise,直连,14.072
T03,3275.692,cruise,直连,4.125
T03,3276.69,cruise,直连,14.178
T03,3277.688,cruise,直连,14.231
T03,3278.687,cruise,直连,14.284
T03,3279.685,cruise,直连,14.338
T03,3280.683,cruise,直连,14.392
T03,3281.681,cruise,直连,14.447
T03,3282.679,cruise,直连,14.502
T03,3283.677,cruise,直连,14.557
T03,3284.676,cruise,直连,14.613
T03,3285.674,cruise,直连,14.669
T03,3286.672,cruise,直连,14.725
T03,3287.67,cruise,直连,14.782
T03,3288.668,cruise,直连,14.839
T03,3289.666,cruise,直连,14.896
T03,3290.665,cruise,直连,14.954
T03,3291.663,cruise,直连,15.012
T03,3292.661,cruise,直连,15.071
T03,3293.659,cruise,直连,15.13
T03,3294.657,cruise,直连,15.189
T03,3295.655,cruise,直连,15.249
T03,3296.653,cruise,直连,15.309
T03,3297.652,cruise,直连,15.37
T03,3298.65,cruise,直连,15.431
T03,3299.648,cruise,直连,15.492
T03,3300.646,cruise,直连,15.554
T03,3301.644,cruise,直连,15.616
T03,3302.642,cruise,直连,15.679
T03,3303.641,cruise,直连,15.743
T03,3304.639,cruise,直连,15.806
T03,3305.637,cruise,直连,15.87
T03,3306.635,cruise,直连,15.935
T03,3307.633,cruise,直连,16.0
T03,3308.631,cruise,直连,16.066
T03,3309.629,cruise,直连,16.132
T03,3310.628,cruise,直连,16.199
T03,3311.626,cruise,直连,16.266
T03,3312.624,cruise,直连,16.333
T03,3313.622,cruise,直连,16.402
T03,3314.62,cruise,直连,16.47
T03,3315.618,cruise,直连,16.539
T03,3316.617,cruise,直连,16.609
T03,3317.615,cruise,直连,16.68
T03,3318.613,cruise,直连,16.751
T03,3319.611,cruise,直连,16.822
T03,3320.609,cruise,直连,16.894
T03,3321.607,cruise,直连,16.967
T03,3322.605,cruise,直连,17.04
T03,3323.604,cruise,直连,17.114
T03,3324.602,cruise,直连,17.189
T03,3325.6,cruise,直连,17.264
T03,3326.598,cruise,直连,17.34
T03,3327.596,cruise,直连,17.416
T03,3328.594,cruise,直连,17.494
T03,3329.593,cruise,直连,17.571
T03,3330.591,cruise,直连,17.65
T03,3331.589,cruise,直连,17.729
T03,3332.587,cruise,直连,17.809
T03,3333.585,cruise,直连,17.89
T03,3334.583,cruise,直连,17.972
T03,3335.581,cruise,直连,18.054
T03,3336.58,cruise,直连,18.137
T03,3337.578,cruise,直连,18.221
T03,3338.576,cruise,直连,18.305
T03,3339.574,cruise,直连,18.391
T03,3340.572,cruise,直连,18.477
T03,3341.57,cruise,直连,18.564
T03,3342.569,cruise,直连,18.652
T03,3343.567,cruise,直连,18.741
T03,3344.565,cruise,直连,18.831
T03,3345.563,cruise,直连,18.922
T03,3346.561,cruise,直连,19.014
T03,3347.559,cruise,直连,19.106
T03,3348.558,cruise,直连,19.2
T03,3349.556,cruise,直连,19.295
T03,3350.554,cruise,直连,19.39
T03,3351.552,cruise,直连,19.487
T03,3352.55,cruise,直连,19.585
T03,3353.548,cruise,直连,19.684
T03,3354.546,cruise,直连,19.784
T03,3355.545,cruise,直连,19.885
T03,3356.543,cruise,直连,19.987
T03,3357.541,cruise,直连,20.091
T03,3358.539,cruise,直连,20.196
T03,3359.537,cruise,直连,20.302
T03,3360.535,cruise,直连,20.409
T03,3361.534,cruise,直连,20.518
T03,3362.532,cruise,直连,20.628
T03,3363.53,cruise,直连,20.739
T03,3364.528,cruise,直连,20.852
T03,3365.526,cruise,直连,20.966
T03,3366.524,cruise,直连,21.082
T03,3367.522,cruise,直连,21.199
T03,3368.521,cruise,直连,21.318
T03,3369.519,cruise,直连,21.439
T03,3370.517,cruise,直连,21.561
T03,3371.515,cruise,直连,21.684
T03,3372.513,cruise,直连,21.81
T03,3373.511,cruise,直连,21.937
T03,3374.51,cruise,直连,22.067
T03,3375.508,cruise,直连,22.198
T03,3376.506,cruise,直连,22.331
T03,3377.504,cruise,直连,22.466
T03,3378.502,cruise,直连,22.603
T03,3379.5,cruise,直连,22.742
T03,3380.498,cruise,直连,22.884
T03,3381.497,cruise,直连,23.027
T03,3382.495,cruise,直连,23.173
T03,3383.493,cruise,直连,23.322
T03,3384.491,cruise,直连,23.473
T03,3385.489,cruise,直连,23.626
T03,3386.487,cruise,直连,23.783
T03,3387.486,cruise,直连,23.941
T03,3388.484,cruise,直连,24.103
T03,3389.482,cruise,直连,24.268
T03,3390.48,cruise,直连,24.436
T03,3391.478,cruise,直连,24.607
T03,3392.476,cruise,直连,24.781
T03,3393.474,cruise,直连,24.958
T03,3394.473,cruise,直连,25.139
T03,3395.471,cruise,直连,25.324
T03,3396.469,cruise,直连,25.512
T03,3397.467,cruise,直连,25.705
T03,3398.465,cruise,直连,25.901
T03,3399.463,cruise,直连,26.102
T03,3400.462,cruise,直连,26.307
T03,3401.46,cruise,直连,26.516
T03,3402.458,cruise,直连,26.731
T03,3403.456,cruise,直连,26.95
T03,3404.454,cruise,直连,27.174
T03,3405.452,cruise,直连,27.404
T03,3406.451,cruise,直连,27.64
T03,3407.449,cruise,直连,27.881
T03,3408.447,cruise,直连,28.129
T03,3409.445,cruise,直连,28.383
T03,3410.443,cruise,直连,28.643
T03,3411.441,cruise,直连,28.911
T03,3412.439,cruise,直连,29.185
T03,3413.438,cruise,直连,29.468
T03,3414.436,cruise,直连,29.758
T03,3415.434,cruise,直连,30.056
T03,3416.432,cruise,直连,30.363
T03,3417.43,cruise,直连,30.678
T03,3418.428,cruise,直连,31.003
T03,3419.427,cruise,直连,31.336
T03,3420.425,cruise,直连,31.68
T03,3421.423,cruise,直连,32.032
T03,3422.421,cruise,直连,32.395
T03,3423.419,cruise,直连,32.767
T03,3424.417,cruise,直连,33.147
T03,3425.415,cruise,直连,33.537
T03,3426.414,cruise,直连,33.933
T03,3427.412,cruise,直连,34.336
T03,3428.41,cruise,直连,34.743
T03,3429.408,cruise,直连,35.151
T03,3430.406,cruise,直连,35.556
T03,3431.404,cruise,直连,35.954
T03,3432.403,cruise,直连,36.338
T03,3433.401,cruise,直连,36.701
T03,3434.399,cruise,直连,37.033
T03,3435.397,cruise,直连,37.326
T03,3436.395,cruise,直连,37.567
T03,3437.393,cruise,直连,37.749
T03,3438.391,cruise,直连,37.861
T03,3439.39,cruise,直连,37.9
T03,3439.39,descent,直连,37.9
T03,3440.386,descent,直连,38.009
T03,3441.382,descent,直连,38.12
T03,3442.379,descent,直连,38.232
T03,3443.375,descent,直连,38.345
T03,3444.371,descent,直连,38.46
T03,3445.367,descent,直连,38.577
T03,3446.364,descent,直连,38.695
T03,3447.36,descent,直连,38.815
T03,3448.356,descent,直连,38.937
T03,3449.353,descent,直连,39.06
T03,3450.349,descent,直连,39.185
T03,3451.345,descent,直连,39.312
T03,3452.342,descent,直连,39.441
T03,3453.338,descent,直连,39.571
T03,3454.334,descent,直连,39.704
T03,3455.331,descent,直连,39.839
T03,3456.327,descent,直连,39.976
T03,3457.323,descent,直连,40.115
T03,3458.319,descent,直连,40.256
T03,3459.316,descent,直连,40.4
T03,3460.312,descent,直连,40.546
T03,3461.308,descent,直连,40.694
T03,3462.305,descent,直连,40.845
T03,3463.301,descent,直连,40.999
T03,3464.297,descent,直连,41.156
T03,3465.294,descent,直连,41.315
T03,3466.29,descent,直连,41.478
T03,3467.286,descent,直连,41.643
T03,3468.283,descent,直连,41.812
T03,3469.279,descent,直连,41.984
T03,3470.275,descent,直连,42.16
T03,3471.271,descent,直连,42.339
T03,3472.268,descent,直连,42.522
T03,3473.264,descent,直连,42.709
T03,3474.26,descent,直连,42.9
T03,3475.257,descent,直连,43.096
T03,3476.253,descent,直连,43.295
T03,3477.249,descent,直连,43.5
T03,3478.246,descent,直连,43.709
T03,3479.242,descent,直连,43.924
T03,3480.238,descent,直连,44.144
T03,3481.235,descent,直连,44.37
T03,3482.231,descent,直连,44.602
T03,3483.227,descent,直连,44.84
T03,3484.223,descent,直连,45.085
T03,3485.22,descent,直连,45.337
T03,3486.216,descent,直连,45.597
T03,3487.212,descent,直连,45.864
T03,3488.209,descent,直连,46.14
T03,3489.205,descent,直连,46.426
T03,3490.201,descent,直连,46.72
T03,3491.198,descent,直连,47.026
T03,3492.194,descent,直连,47.342
T03,3493.19,descent,直连,47.67
T03,3494.187,descent,直连,48.011
T03,3495.183,descent,直连,48.367
T03,3496.179,descent,直连,48.737
T03,3497.175,descent,直连,49.123
T03,3498.172,descent,直连,49.528
T03,3499.168,descent,直连,49.953
T03,3500.164,descent,直连,50.399
T03,3501.161,descent,直连,50.87
T03,3502.157,descent,直连,51.367
T03,3503.153,descent,直连,51.895
T03,3504.15,descent,直连,52.457
T03,3505.146,descent,直连,53.058
T03,3506.142,descent,直连,53.703
T03,3507.139,descent,直连,54.401
T03,3508.135,descent,直连,55.159
T03,3509.131,descent,直连,55.99
T03,3510.127,descent,直连,56.908
T03,3511.124,descent,直连,57.936
T03,3512.12,descent,直连,59.101
T03,3513.116,descent,直连,60.448
T03,3514.113,descent,直连,62.043
T03,3515.109,descent,直连,63.997
T03,3516.105,descent,直连,66.523
T03,3517.102,descent,直连,70.099
T03,3518.098,descent,直连,76.285
T03,3519.094,descent,直连,104.58
T03,3520.091,descent,直连,75.641
T03,3521.087,descent,直连,69.777
T03,3522.083,descent,直连,66.308
T03,3523.079,descent,直连,63.836
T03,3524.076,descent,直连,61.914
T03,3525.072,descent,直连,60.341
T03,3526.068,descent,直连,59.009
T03,3527.065,descent,直连,57.855
T03,3528.061,descent,直连,56.837
T03,3529.057,descent,直连,45.925
T04,480.0,climb,直连,45.925
T04,480.989,climb,直连,57.072
T04,481.978,climb,直连,58.393
T04,482.967,climb,直连,59.951
T04,483.957,climb,直连,61.852
T04,484.946,climb,直连,64.289
T04,485.935,climb,直连,67.688
T04,486.924,climb,直连,73.351
T04,487.913,climb,直连,95.218
T04,488.902,climb,直连,74.879
T04,489.892,climb,直连,68.451
T04,490.881,climb,直连,64.797
T04,491.87,climb,直连,62.233
T04,492.859,climb,直连,60.256
T04,493.848,climb,直连,58.647
T04,494.837,climb,直连,57.289
T04,495.826,climb,直连,56.116
T04,496.816,climb,直连,55.082
T04,497.805,climb,直连,54.158
T04,498.794,climb,直连,53.323
T04,499.783,climb,直连,52.562
T04,500.772,climb,直连,51.862
T04,501.761,climb,直连,51.214
T04,502.75,climb,直连,50.611
T04,503.74,climb,直连,50.047
T04,504.729,climb,直连,49.518
T04,505.718,climb,直连,49.019
T04,506.707,climb,直连,48.547
T04,507.696,climb,直连,48.099
T04,508.685,climb,直连,47.674
T04,509.675,climb,直连,47.268
T04,510.664,climb,直连,46.88
T04,511.653,climb,直连,46.509
T04,512.642,climb,直连,46.153
T04,513.631,climb,直连,45.812
T04,514.62,climb,直连,45.483
T04,515.609,climb,直连,45.166
T04,516.599,climb,直连,44.86
T04,517.588,climb,直连,44.565
T04,518.577,climb,直连,44.279
T04,519.566,climb,直连,44.003
T04,520.555,climb,直连,43.735
T04,521.544,climb,直连,43.475
T04,522.534,climb,直连,43.222
T04,523.523,climb,直连,42.977
T04,524.512,climb,直连,42.738
T04,525.501,climb,直连,42.506
T04,526.49,climb,直连,42.28
T04,527.479,climb,直连,42.06
T04,528.468,climb,直连,41.845
T04,529.458,climb,直连,41.635
T04,530.447,climb,直连,41.43
T04,531.436,climb,直连,41.23
T04,532.425,climb,直连,41.034
T04,533.414,climb,直连,40.843
T04,534.403,climb,直连,40.656
T04,535.393,climb,直连,40.473
T04,536.382,climb,直连,40.293
T04,537.371,climb,直连,40.118
T04,537.371,cruise,直连,40.118
T04,538.369,cruise,直连,40.054
T04,539.367,cruise,直连,39.869
T04,540.365,cruise,直连,39.578
T04,541.363,cruise,直连,39.2
T04,542.361,cruise,直连,38.757
T04,543.359,cruise,直连,38.272
T04,544.357,cruise,直连,37.76
T04,545.355,cruise,直连,37.236
T04,546.353,cruise,直连,36.71
T04,547.351,cruise,直连,36.189
T04,548.349,cruise,直连,35.677
T04,549.347,cruise,直连,35.178
T04,550.345,cruise,直连,34.694
T04,551.343,cruise,直连,34.225
T04,552.341,cruise,直连,33.773
T04,553.339,cruise,直连,33.336
T04,554.337,cruise,直连,32.915
T04,555.335,cruise,直连,32.508
T04,556.333,cruise,直连,32.117
T04,557.331,cruise,直连,31.739
T04,558.329,cruise,直连,31.374
T04,559.327,cruise,直连,31.022
T04,560.325,cruise,直连,30.681
T04,561.323,cruise,直连,30.352
T04,562.321,cruise,直连,30.034
T04,563.319,cruise,直连,29.725
T04,564.317,cruise,直连,29.427
T04,565.315,cruise,直连,29.137
T04,566.313,cruise,直连,28.855
T04,567.311,cruise,直连,28.582
T04,568.309,cruise,直连,28.317
T04,569.307,cruise,直连,28.059
T04,570.305,cruise,直连,27.808
T04,571.303,cruise,直连,27.563
T04,572.301,cruise,直连,27.325
T04,573.299,cruise,直连,27.093
T04,574.297,cruise,直连,26.866
T04,575.295,cruise,直连,26.646
T04,576.293,cruise,直连,26.43
T04,577.291,cruise,直连,26.219
T04,578.289,cruise,直连,26.013
T04,579.287,cruise,直连,25.812
T04,580.285,cruise,直连,25.615
T04,581.283,cruise,直连,25.422
T04,582.281,cruise,直连,25.233
T04,583.279,cruise,直连,25.048
T04,584.277,cruise,直连,24.867
T04,585.275,cruise,直连,24.69
T04,586.273,cruise,直连,24.516
T04,587.271,cruise,直连,24.345
T04,588.269,cruise,直连,24.178
T04,589.267,cruise,直连,24.013
T04,590.265,cruise,直连,23.852
T04,591.263,cruise,直连,23.693
T04,592.261,cruise,直连,23.537
T04,593.259,cruise,直连,23.384
T04,594.257,cruise,直连,23.234
T04,595.255,cruise,直连,23.086
T04,596.253,cruise,直连,22.94
T04,597.251,cruise,直连,22.797
T04,598.249,cruise,直连,22.656
T04,599.247,cruise,直连,22.517
T04,600.245,cruise,直连,22.38
T04,601.243,cruise,直连,22.246
T04,602.241,cruise,直连,22.113
T04,603.239,cruise,直连,21.983
T04,604.237,cruise,直连,21.854
T04,605.235,cruise,直连,21.727
T04,606.233,cruise,直连,21.602
T04,607.231,cruise,直连,21.479
T04,608.229,cruise,直连,21.358
T04,609.227,cruise,直连,21.238
T04,610.226,cruise,直连,21.119
T04,611.224,cruise,直连,21.003
T04,612.222,cruise,直连,20.888
T04,613.22,cruise,直连,20.774
T04,614.218,cruise,直连,20.662
T04,615.216,cruise,直连,20.551
T04,616.214,cruise,直连,20.441
T04,617.212,cruise,直连,20.333
T04,618.21,cruise,直连,20.227
T04,619.208,cruise,直连,20.121
T04,620.206,cruise,直连,20.017
T04,621.204,cruise,直连,19.914
T04,622.202,cruise,直连,19.812
T04,623.2,cruise,直连,19.711
T04,624.198,cruise,直连,19.612
T04,625.196,cruise,直连,19.513
T04,626.194,cruise,直连,19.416
T04,627.192,cruise,直连,19.32
T04,628.19,cruise,直连,19.225
T04,629.188,cruise,直连,19.13
T04,630.186,cruise,直连,19.037
T04,631.184,cruise,直连,18.945
T04,632.182,cruise,直连,18.854
T04,633.18,cruise,直连,18.764
T04,634.178,cruise,直连,18.674
T04,635.176,cruise,直连,18.586
T04,636.174,cruise,直连,18.498
T04,637.172,cruise,直连,18.412
T04,638.17,cruise,直连,18.326
T04,639.168,cruise,直连,18.241
T04,640.166,cruise,直连,18.157
T04,641.164,cruise,直连,18.073
T04,642.162,cruise,直连,17.991
T04,643.16,cruise,直连,17.909
T04,644.158,cruise,直连,17.828
T04,645.156,cruise,直连,17.747
T04,646.154,cruise,直连,17.668
T04,647.152,cruise,直连,17.589
T04,648.15,cruise,直连,17.511
T04,649.148,cruise,直连,17.433
T04,650.146,cruise,直连,7.356
T04,651.144,cruise,直连,7.28
T04,652.142,cruise,直连,7.205
T04,653.14,cruise,直连,17.13
T04,654.138,cruise,直连,7.056
T04,655.136,cruise,直连,6.982
T04,656.134,cruise,直连,6.909
T04,657.132,cruise,直连,6.837
T04,658.13,cruise,直连,6.765
T04,659.128,cruise,直连,6.694
T04,660.126,cruise,直连,6.623
T04,661.124,cruise,直连,6.553
T04,662.122,cruise,直连,6.484
T04,663.12,cruise,直连,6.415
T04,664.118,cruise,直连,6.347
T04,665.116,cruise,直连,6.279
T04,666.114,cruise,直连,6.212
T04,667.112,cruise,直连,6.145
T04,668.11,cruise,直连,6.078
T04,669.108,cruise,直连,6.013
T04,670.106,cruise,直连,5.947
T04,671.104,cruise,直连,5.883
T04,672.102,cruise,直连,5.818
T04,673.1,cruise,直连,5.754
T04,674.098,cruise,直连,5.691
T04,675.096,cruise,直连,5.628
T04,676.094,cruise,直连,5.565
T04,677.092,cruise,直连,5.503
T04,678.09,cruise,直连,5.442
T04,679.088,cruise,直连,5.381
T04,680.086,cruise,直连,5.32
T04,681.084,cruise,直连,5.26
T04,682.082,cruise,直连,5.2
T04,683.08,cruise,直连,5.14
T04,684.078,cruise,直连,5.081
T04,685.076,cruise,直连,5.022
T04,686.074,cruise,直连,4.964
T04,687.072,cruise,直连,4.906
T04,688.07,cruise,直连,4.849
T04,689.068,cruise,直连,4.791
T04,690.066,cruise,直连,4.735
T04,691.064,cruise,直连,4.678
T04,692.062,cruise,直连,4.622
T04,693.06,cruise,直连,4.566
T04,694.058,cruise,直连,4.511
T04,695.056,cruise,直连,4.456
T04,696.054,cruise,直连,4.401
T04,697.052,cruise,直连,4.347
T04,698.05,cruise,直连,4.293
T04,699.048,cruise,直连,4.239
T04,700.046,cruise,直连,4.186
T04,701.044,cruise,直连,4.133
T04,702.042,cruise,直连,4.081
T04,703.04,cruise,直连,4.028
T04,704.038,cruise,直连,3.976
T04,705.036,cruise,直连,3.924
T04,706.034,cruise,直连,3.873
T04,707.032,cruise,直连,3.822
T04,708.03,cruise,直连,3.771
T04,709.028,cruise,直连,3.721
T04,710.026,cruise,直连,3.67
T04,711.024,cruise,直连,3.62
T04,712.022,cruise,直连,3.571
T04,713.02,cruise,直连,3.521
T04,714.018,cruise,直连,3.472
T04,715.017,cruise,直连,3.423
T04,716.015,cruise,直连,3.375
T04,717.013,cruise,直连,3.326
T04,718.011,cruise,直连,3.278
T04,719.009,cruise,直连,3.231
T04,720.007,cruise,直连,3.183
T04,721.005,cruise,直连,3.136
T04,722.003,cruise,直连,3.089
T04,723.001,cruise,直连,3.042
T04,723.999,cruise,直连,2.996
T04,724.997,cruise,直连,2.95
T04,725.995,cruise,直连,2.904
T04,726.993,cruise,直连,2.858
T04,727.991,cruise,直连,2.812
T04,728.989,cruise,直连,2.767
T04,729.987,cruise,直连,2.722
T04,730.985,cruise,直连,2.677
T04,731.983,cruise,直连,2.633
T04,732.981,cruise,直连,2.588
T04,733.979,cruise,直连,2.544
T04,734.977,cruise,直连,2.5
T04,735.975,cruise,直连,2.457
T04,736.973,cruise,直连,2.413
T04,737.971,cruise,直连,2.37
T04,738.969,cruise,直连,2.327
T04,739.967,cruise,直连,2.284
T04,740.965,cruise,直连,2.241
T04,740.965,descent,直连,2.241
T04,741.955,descent,直连,2.242
T04,742.945,descent,直连,2.242
T04,743.935,descent,直连,2.242
T04,744.925,descent,直连,2.242
T04,745.915,descent,直连,2.242
T04,746.905,descent,直连,2.243
T04,747.895,descent,直连,2.243
T04,748.885,descent,直连,2.243
T04,749.875,descent,直连,2.243
T04,750.866,descent,直连,2.243
T04,751.856,descent,直连,2.244
T04,752.846,descent,直连,2.244
T04,753.836,descent,直连,2.244
T04,754.826,descent,直连,2.244
T04,755.816,descent,直连,2.244
T04,756.806,descent,直连,2.245
T04,757.796,descent,直连,2.245
T04,758.786,descent,直连,2.245
T04,759.776,descent,直连,2.245
T04,760.766,descent,直连,2.245
T04,761.756,descent,直连,2.245
T04,762.747,descent,直连,2.245
T04,763.737,descent,直连,2.246
T04,764.727,descent,直连,2.246
T04,765.717,descent,直连,2.246
T04,766.707,descent,直连,2.246
T04,767.697,descent,直连,2.246
T04,768.687,descent,直连,2.246
T04,769.677,descent,直连,2.246
T04,770.667,descent,直连,2.247
T04,771.657,descent,直连,2.247
T04,772.647,descent,直连,2.247
T04,773.637,descent,直连,2.247
T04,774.627,descent,直连,2.247
T04,775.618,descent,直连,2.247
T04,776.608,descent,直连,2.247
T04,777.598,descent,直连,2.247
T04,778.588,descent,直连,2.247
T04,779.578,descent,直连,2.247
T04,780.568,descent,直连,2.248
T04,781.558,descent,直连,2.248
T04,782.548,descent,直连,2.248
T04,783.538,descent,直连,2.248
T04,784.528,descent,直连,2.248
T04,784.528,handover,直连,2.248
T04,1180.528,handover,直连,2.248
T04,1180.528,climb,直连,2.248
T04,1181.524,climb,直连,2.248
T04,1182.52,climb,直连,2.248
T04,1183.515,climb,直连,2.248
T04,1184.511,climb,直连,2.247
T04,1185.507,climb,直连,2.247
T04,1186.503,climb,直连,2.247
T04,1187.498,climb,直连,2.247
T04,1188.494,climb,直连,2.247
T04,1189.49,climb,直连,2.247
T04,1190.486,climb,直连,2.247
T04,1191.481,climb,直连,2.247
T04,1192.477,climb,直连,2.246
T04,1193.473,climb,直连,2.246
T04,1194.469,climb,直连,2.246
T04,1195.464,climb,直连,2.246
T04,1196.46,climb,直连,2.246
T04,1197.456,climb,直连,2.246
T04,1198.452,climb,直连,2.245
T04,1199.447,climb,直连,2.245
T04,1200.443,climb,直连,2.245
T04,1201.439,climb,直连,2.245
T04,1202.434,climb,直连,2.245
T04,1203.43,climb,直连,2.244
T04,1204.426,climb,直连,2.244
T04,1205.422,climb,直连,2.244
T04,1206.417,climb,直连,2.244
T04,1207.413,climb,直连,2.243
T04,1208.409,climb,直连,2.243
T04,1209.405,climb,直连,2.243
T04,1210.4,climb,直连,2.243
T04,1211.396,climb,直连,2.242
T04,1212.392,climb,直连,2.242
T04,1213.388,climb,直连,2.242
T04,1214.383,climb,直连,2.242
T04,1215.379,climb,直连,2.241
T04,1215.379,cruise,直连,2.241
T04,1216.377,cruise,直连,2.284
T04,1217.375,cruise,直连,2.327
T04,1218.373,cruise,直连,2.37
T04,1219.371,cruise,直连,2.413
T04,1220.369,cruise,直连,2.457
T04,1221.367,cruise,直连,2.5
T04,1222.365,cruise,直连,2.544
T04,1223.363,cruise,直连,2.588
T04,1224.361,cruise,直连,2.633
T04,1225.359,cruise,直连,2.677
T04,1226.357,cruise,直连,2.722
T04,1227.355,cruise,直连,2.767
T04,1228.353,cruise,直连,2.812
T04,1229.351,cruise,直连,2.858
T04,1230.349,cruise,直连,2.904
T04,1231.347,cruise,直连,2.95
T04,1232.345,cruise,直连,2.996
T04,1233.343,cruise,直连,3.042
T04,1234.341,cruise,直连,3.089
T04,1235.339,cruise,直连,3.136
T04,1236.337,cruise,直连,3.183
T04,1237.335,cruise,直连,3.231
T04,1238.333,cruise,直连,3.278
T04,1239.331,cruise,直连,3.326
T04,1240.329,cruise,直连,3.375
T04,1241.327,cruise,直连,3.423
T04,1242.325,cruise,直连,3.472
T04,1243.323,cruise,直连,3.521
T04,1244.321,cruise,直连,3.571
T04,1245.319,cruise,直连,3.62
T04,1246.317,cruise,直连,3.67
T04,1247.315,cruise,直连,3.721
T04,1248.313,cruise,直连,3.771
T04,1249.311,cruise,直连,3.822
T04,1250.309,cruise,直连,3.873
T04,1251.307,cruise,直连,3.924
T04,1252.305,cruise,直连,3.976
T04,1253.303,cruise,直连,4.028
T04,1254.301,cruise,直连,4.081
T04,1255.299,cruise,直连,4.133
T04,1256.297,cruise,直连,4.186
T04,1257.295,cruise,直连,4.239
T04,1258.293,cruise,直连,4.293
T04,1259.292,cruise,直连,4.347
T04,1260.29,cruise,直连,4.401
T04,1261.288,cruise,直连,4.456
T04,1262.286,cruise,直连,4.511
T04,1263.284,cruise,直连,4.566
T04,1264.282,cruise,直连,4.622
T04,1265.28,cruise,直连,4.678
T04,1266.278,cruise,直连,4.735
T04,1267.276,cruise,直连,4.791
T04,1268.274,cruise,直连,4.849
T04,1269.272,cruise,直连,4.906
T04,1270.27,cruise,直连,4.964
T04,1271.268,cruise,直连,5.022
T04,1272.266,cruise,直连,5.081
T04,1273.264,cruise,直连,5.14
T04,1274.262,cruise,直连,5.2
T04,1275.26,cruise,直连,5.26
T04,1276.258,cruise,直连,5.32
T04,1277.256,cruise,直连,5.381
T04,1278.254,cruise,直连,5.442
T04,1279.252,cruise,直连,5.503
T04,1280.25,cruise,直连,5.565
T04,1281.248,cruise,直连,5.628
T04,1282.246,cruise,直连,5.691
T04,1283.244,cruise,直连,5.754
T04,1284.242,cruise,直连,5.818
T04,1285.24,cruise,直连,5.883
T04,1286.238,cruise,直连,5.947
T04,1287.236,cruise,直连,6.013
T04,1288.234,cruise,直连,6.078
T04,1289.232,cruise,直连,6.145
T04,1290.23,cruise,直连,6.212
T04,1291.228,cruise,直连,6.279
T04,1292.226,cruise,直连,6.347
T04,1293.224,cruise,直连,6.415
T04,1294.222,cruise,直连,6.484
T04,1295.22,cruise,直连,6.553
T04,1296.218,cruise,直连,6.623
T04,1297.216,cruise,直连,6.694
T04,1298.214,cruise,直连,6.765
T04,1299.212,cruise,直连,6.837
T04,1300.21,cruise,直连,6.909
T04,1301.208,cruise,直连,6.982
T04,1302.206,cruise,直连,7.056
T04,1303.204,cruise,直连,17.13
T04,1304.202,cruise,直连,7.205
T04,1305.2,cruise,直连,7.28
T04,1306.198,cruise,直连,7.356
T04,1307.196,cruise,直连,17.433
T04,1308.194,cruise,直连,17.511
T04,1309.192,cruise,直连,17.589
T04,1310.19,cruise,直连,17.668
T04,1311.188,cruise,直连,17.747
T04,1312.186,cruise,直连,17.828
T04,1313.184,cruise,直连,17.909
T04,1314.182,cruise,直连,17.991
T04,1315.18,cruise,直连,18.073
T04,1316.178,cruise,直连,18.157
T04,1317.176,cruise,直连,18.241
T04,1318.174,cruise,直连,18.326
T04,1319.172,cruise,直连,18.412
T04,1320.17,cruise,直连,18.498
T04,1321.168,cruise,直连,18.586
T04,1322.166,cruise,直连,18.674
T04,1323.164,cruise,直连,18.764
T04,1324.162,cruise,直连,18.854
T04,1325.16,cruise,直连,18.945
T04,1326.158,cruise,直连,19.037
T04,1327.156,cruise,直连,19.13
T04,1328.154,cruise,直连,19.225
T04,1329.152,cruise,直连,19.32
T04,1330.15,cruise,直连,19.416
T04,1331.148,cruise,直连,19.513
T04,1332.146,cruise,直连,19.612
T04,1333.144,cruise,直连,19.711
T04,1334.142,cruise,直连,19.812
T04,1335.14,cruise,直连,19.914
T04,1336.138,cruise,直连,20.017
T04,1337.136,cruise,直连,20.121
T04,1338.134,cruise,直连,20.227
T04,1339.132,cruise,直连,20.333
T04,1340.13,cruise,直连,20.441
T04,1341.128,cruise,直连,20.551
T04,1342.126,cruise,直连,20.662
T04,1343.124,cruise,直连,20.774
T04,1344.122,cruise,直连,20.888
T04,1345.12,cruise,直连,21.003
T04,1346.118,cruise,直连,21.119
T04,1347.116,cruise,直连,21.238
T04,1348.114,cruise,直连,21.358
T04,1349.112,cruise,直连,21.479
T04,1350.11,cruise,直连,21.602
T04,1351.108,cruise,直连,21.727
T04,1352.106,cruise,直连,21.854
T04,1353.104,cruise,直连,21.983
T04,1354.102,cruise,直连,22.113
T04,1355.1,cruise,直连,22.246
T04,1356.098,cruise,直连,22.38
T04,1357.096,cruise,直连,22.517
T04,1358.094,cruise,直连,22.656
T04,1359.092,cruise,直连,22.797
T04,1360.09,cruise,直连,22.94
T04,1361.088,cruise,直连,23.086
T04,1362.086,cruise,直连,23.234
T04,1363.084,cruise,直连,23.384
T04,1364.082,cruise,直连,23.537
T04,1365.081,cruise,直连,23.693
T04,1366.079,cruise,直连,23.852
T04,1367.077,cruise,直连,24.013
T04,1368.075,cruise,直连,24.178
T04,1369.073,cruise,直连,24.345
T04,1370.071,cruise,直连,24.516
T04,1371.069,cruise,直连,24.69
T04,1372.067,cruise,直连,24.867
T04,1373.065,cruise,直连,25.048
T04,1374.063,cruise,直连,25.233
T04,1375.061,cruise,直连,25.422
T04,1376.059,cruise,直连,25.615
T04,1377.057,cruise,直连,25.812
T04,1378.055,cruise,直连,26.013
T04,1379.053,cruise,直连,26.219
T04,1380.051,cruise,直连,26.43
T04,1381.049,cruise,直连,26.646
T04,1382.047,cruise,直连,26.866
T04,1383.045,cruise,直连,27.093
T04,1384.043,cruise,直连,27.325
T04,1385.041,cruise,直连,27.563
T04,1386.039,cruise,直连,27.808
T04,1387.037,cruise,直连,28.059
T04,1388.035,cruise,直连,28.317
T04,1389.033,cruise,直连,28.582
T04,1390.031,cruise,直连,28.855
T04,1391.029,cruise,直连,29.137
T04,1392.027,cruise,直连,29.427
T04,1393.025,cruise,直连,29.725
T04,1394.023,cruise,直连,30.034
T04,1395.021,cruise,直连,30.352
T04,1396.019,cruise,直连,30.681
T04,1397.017,cruise,直连,31.022
T04,1398.015,cruise,直连,31.374
T04,1399.013,cruise,直连,31.739
T04,1400.011,cruise,直连,32.117
T04,1401.009,cruise,直连,32.508
T04,1402.007,cruise,直连,32.915
T04,1403.005,cruise,直连,33.336
T04,1404.003,cruise,直连,33.773
T04,1405.001,cruise,直连,34.225
T04,1405.999,cruise,直连,34.694
T04,1406.997,cruise,直连,35.178
T04,1407.995,cruise,直连,35.677
T04,1408.993,cruise,直连,36.189
T04,1409.991,cruise,直连,36.71
T04,1410.989,cruise,直连,37.236
T04,1411.987,cruise,直连,37.76
T04,1412.985,cruise,直连,38.272
T04,1413.983,cruise,直连,38.757
T04,1414.981,cruise,直连,39.2
T04,1415.979,cruise,直连,39.578
T04,1416.977,cruise,直连,39.869
T04,1417.975,cruise,直连,40.054
T04,1418.973,cruise,直连,40.118
T04,1418.973,descent,直连,40.118
T04,1419.969,descent,直连,40.259
T04,1420.965,descent,直连,40.403
T04,1421.961,descent,直连,40.549
T04,1422.957,descent,直连,40.697
T04,1423.953,descent,直连,40.848
T04,1424.949,descent,直连,41.002
T04,1425.945,descent,直连,41.159
T04,1426.941,descent,直连,41.318
T04,1427.937,descent,直连,41.481
T04,1428.933,descent,直连,41.646
T04,1429.929,descent,直连,41.815
T04,1430.925,descent,直连,41.987
T04,1431.921,descent,直连,42.163
T04,1432.917,descent,直连,42.342
T04,1433.913,descent,直连,42.525
T04,1434.909,descent,直连,42.712
T04,1435.905,descent,直连,42.903
T04,1436.901,descent,直连,43.099
T04,1437.897,descent,直连,43.299
T04,1438.893,descent,直连,43.503
T04,1439.889,descent,直连,43.713
T04,1440.885,descent,直连,43.927
T04,1441.882,descent,直连,44.147
T04,1442.878,descent,直连,44.373
T04,1443.874,descent,直连,44.605
T04,1444.87,descent,直连,44.843
T04,1445.866,descent,直连,45.088
T04,1446.862,descent,直连,45.34
T04,1447.858,descent,直连,45.6
T04,1448.854,descent,直连,45.868
T04,1449.85,descent,直连,46.144
T04,1450.846,descent,直连,46.429
T04,1451.842,descent,直连,46.724
T04,1452.838,descent,直连,47.029
T04,1453.834,descent,直连,47.345
T04,1454.83,descent,直连,47.674
T04,1455.826,descent,直连,48.015
T04,1456.822,descent,直连,48.37
T04,1457.818,descent,直连,48.74
T04,1458.814,descent,直连,49.127
T04,1459.81,descent,直连,49.532
T04,1460.806,descent,直连,49.957
T04,1461.802,descent,直连,50.403
T04,1462.798,descent,直连,50.874
T04,1463.794,descent,直连,51.371
T04,1464.79,descent,直连,51.899
T04,1465.786,descent,直连,52.461
T04,1466.782,descent,直连,53.062
T04,1467.778,descent,直连,53.708
T04,1468.774,descent,直连,54.405
T04,1469.77,descent,直连,55.164
T04,1470.766,descent,直连,55.995
T04,1471.762,descent,直连,56.914
T04,1472.758,descent,直连,57.941
T04,1473.754,descent,直连,59.108
T04,1474.75,descent,直连,60.455
T04,1475.746,descent,直连,62.05
T04,1476.742,descent,直连,64.006
T04,1477.738,descent,直连,66.534
T04,1478.734,descent,直连,70.114
T04,1479.73,descent,直连,76.314
T04,1480.726,descent,直连,103.93
T04,1481.722,descent,直连,75.62
T04,1482.718,descent,直连,69.767
T04,1483.714,descent,直连,66.302
T04,1484.71,descent,直连,63.832
T04,1485.706,descent,直连,61.911
T04,1486.702,descent,直连,60.339
T04,1487.698,descent,直连,59.008
T04,1488.694,descent,直连,57.855
T04,1489.691,descent,直连,56.836
T04,1490.687,descent,直连,45.925
T05,570.0,climb,直连,45.925
T05,570.989,climb,直连,57.072
T05,571.978,climb,直连,58.393
T05,572.967,climb,直连,59.951
T05,573.957,climb,直连,61.852
T05,574.946,climb,直连,64.289
T05,575.935,climb,直连,67.688
T05,576.924,climb,直连,73.351
T05,577.913,climb,直连,95.218
T05,578.902,climb,直连,74.879
T05,579.892,climb,直连,68.451
T05,580.881,climb,直连,64.797
T05,581.87,climb,直连,62.233
T05,582.859,climb,直连,60.256
T05,583.848,climb,直连,58.647
T05,584.837,climb,直连,57.289
T05,585.826,climb,直连,56.116
T05,586.816,climb,直连,55.082
T05,587.805,climb,直连,54.158
T05,588.794,climb,直连,53.323
T05,589.783,climb,直连,52.562
T05,590.772,climb,直连,51.862
T05,591.761,climb,直连,51.214
T05,592.75,climb,直连,50.611
T05,593.74,climb,直连,50.047
T05,594.729,climb,直连,49.518
T05,595.718,climb,直连,49.019
T05,596.707,climb,直连,48.547
T05,597.696,climb,直连,48.099
T05,598.685,climb,直连,47.674
T05,599.675,climb,直连,47.268
T05,600.664,climb,直连,46.88
T05,601.653,climb,直连,46.509
T05,602.642,climb,直连,46.153
T05,603.631,climb,直连,45.812
T05,604.62,climb,直连,45.483
T05,605.609,climb,直连,45.166
T05,606.599,climb,直连,44.86
T05,607.588,climb,直连,44.565
T05,608.577,climb,直连,44.279
T05,609.566,climb,直连,44.003
T05,610.555,climb,直连,43.735
T05,611.544,climb,直连,43.475
T05,612.534,climb,直连,43.222
T05,613.523,climb,直连,42.977
T05,614.512,climb,直连,42.738
T05,615.501,climb,直连,42.506
T05,616.49,climb,直连,42.28
T05,617.479,climb,直连,42.06
T05,618.468,climb,直连,41.845
T05,619.458,climb,直连,41.635
T05,620.447,climb,直连,41.43
T05,621.436,climb,直连,41.23
T05,622.425,climb,直连,41.034
T05,623.414,climb,直连,40.843
T05,624.403,climb,直连,40.656
T05,625.393,climb,直连,40.473
T05,626.382,climb,直连,40.293
T05,627.371,climb,直连,40.118
T05,627.371,cruise,直连,40.118
T05,628.369,cruise,直连,40.054
T05,629.367,cruise,直连,39.869
T05,630.365,cruise,直连,39.578
T05,631.363,cruise,直连,39.2
T05,632.361,cruise,直连,38.757
T05,633.359,cruise,直连,38.272
T05,634.357,cruise,直连,37.76
T05,635.355,cruise,直连,37.236
T05,636.353,cruise,直连,36.71
T05,637.351,cruise,直连,36.189
T05,638.349,cruise,直连,35.677
T05,639.347,cruise,直连,35.178
T05,640.345,cruise,直连,34.694
T05,641.343,cruise,直连,34.225
T05,642.341,cruise,直连,33.773
T05,643.339,cruise,直连,33.336
T05,644.337,cruise,直连,32.915
T05,645.335,cruise,直连,32.508
T05,646.333,cruise,直连,32.117
T05,647.331,cruise,直连,31.739
T05,648.329,cruise,直连,31.374
T05,649.327,cruise,直连,31.022
T05,650.325,cruise,直连,30.681
T05,651.323,cruise,直连,30.352
T05,652.321,cruise,直连,30.034
T05,653.319,cruise,直连,29.725
T05,654.317,cruise,直连,29.427
T05,655.315,cruise,直连,29.137
T05,656.313,cruise,直连,28.855
T05,657.311,cruise,直连,28.582
T05,658.309,cruise,直连,28.317
T05,659.307,cruise,直连,28.059
T05,660.305,cruise,直连,27.808
T05,661.303,cruise,直连,27.563
T05,662.301,cruise,直连,27.325
T05,663.299,cruise,直连,27.093
T05,664.297,cruise,直连,26.866
T05,665.295,cruise,直连,26.646
T05,666.293,cruise,直连,26.43
T05,667.291,cruise,直连,26.219
T05,668.289,cruise,直连,26.013
T05,669.287,cruise,直连,25.812
T05,670.285,cruise,直连,25.615
T05,671.283,cruise,直连,25.422
T05,672.281,cruise,直连,25.233
T05,673.279,cruise,直连,25.048
T05,674.277,cruise,直连,24.867
T05,675.275,cruise,直连,24.69
T05,676.273,cruise,直连,24.516
T05,677.271,cruise,直连,24.345
T05,678.269,cruise,直连,24.178
T05,679.267,cruise,直连,24.013
T05,680.265,cruise,直连,23.852
T05,681.263,cruise,直连,23.693
T05,682.261,cruise,直连,23.537
T05,683.259,cruise,直连,23.384
T05,684.257,cruise,直连,23.234
T05,685.255,cruise,直连,23.086
T05,686.253,cruise,直连,22.94
T05,687.251,cruise,直连,22.797
T05,688.249,cruise,直连,22.656
T05,689.247,cruise,直连,22.517
T05,690.245,cruise,直连,22.38
T05,691.243,cruise,直连,22.246
T05,692.241,cruise,直连,22.113
T05,693.239,cruise,直连,21.983
T05,694.237,cruise,直连,21.854
T05,695.235,cruise,直连,21.727
T05,696.233,cruise,直连,21.602
T05,697.231,cruise,直连,21.479
T05,698.229,cruise,直连,21.358
T05,699.227,cruise,直连,21.238
T05,700.226,cruise,直连,21.119
T05,701.224,cruise,直连,21.003
T05,702.222,cruise,直连,20.888
T05,703.22,cruise,直连,20.774
T05,704.218,cruise,直连,20.662
T05,705.216,cruise,直连,20.551
T05,706.214,cruise,直连,20.441
T05,707.212,cruise,直连,20.333
T05,708.21,cruise,直连,20.227
T05,709.208,cruise,直连,20.121
T05,710.206,cruise,直连,20.017
T05,711.204,cruise,直连,19.914
T05,712.202,cruise,直连,19.812
T05,713.2,cruise,直连,19.711
T05,714.198,cruise,直连,19.612
T05,715.196,cruise,直连,19.513
T05,716.194,cruise,直连,19.416
T05,717.192,cruise,直连,19.32
T05,718.19,cruise,直连,19.225
T05,719.188,cruise,直连,19.13
T05,720.186,cruise,直连,19.037
T05,721.184,cruise,直连,18.945
T05,722.182,cruise,直连,18.854
T05,723.18,cruise,直连,18.764
T05,724.178,cruise,直连,18.674
T05,725.176,cruise,直连,18.586
T05,726.174,cruise,直连,18.498
T05,727.172,cruise,直连,18.412
T05,728.17,cruise,直连,18.326
T05,729.168,cruise,直连,18.241
T05,730.166,cruise,直连,18.157
T05,731.164,cruise,直连,18.073
T05,732.162,cruise,直连,17.991
T05,733.16,cruise,直连,17.909
T05,734.158,cruise,直连,17.828
T05,735.156,cruise,直连,17.747
T05,736.154,cruise,直连,17.668
T05,737.152,cruise,直连,17.589
T05,738.15,cruise,直连,17.511
T05,739.148,cruise,直连,17.433
T05,740.146,cruise,直连,7.356
T05,741.144,cruise,直连,7.28
T05,742.142,cruise,直连,7.205
T05,743.14,cruise,直连,17.13
T05,744.138,cruise,直连,7.056
T05,745.136,cruise,直连,6.982
T05,746.134,cruise,直连,6.909
T05,747.132,cruise,直连,6.837
T05,748.13,cruise,直连,6.765
T05,749.128,cruise,直连,6.694
T05,750.126,cruise,直连,6.623
T05,751.124,cruise,直连,6.553
T05,752.122,cruise,直连,6.484
T05,753.12,cruise,直连,6.415
T05,754.118,cruise,直连,6.347
T05,755.116,cruise,直连,6.279
T05,756.114,cruise,直连,6.212
T05,757.112,cruise,直连,6.145
T05,758.11,cruise,直连,6.078
T05,759.108,cruise,直连,6.013
T05,760.106,cruise,直连,5.947
T05,761.104,cruise,直连,5.883
T05,762.102,cruise,直连,5.818
T05,763.1,cruise,直连,5.754
T05,764.098,cruise,直连,5.691
T05,765.096,cruise,直连,5.628
T05,766.094,cruise,直连,5.565
T05,767.092,cruise,直连,5.503
T05,768.09,cruise,直连,5.442
T05,769.088,cruise,直连,5.381
T05,770.086,cruise,直连,5.32
T05,771.084,cruise,直连,5.26
T05,772.082,cruise,直连,5.2
T05,773.08,cruise,直连,5.14
T05,774.078,cruise,直连,5.081
T05,775.076,cruise,直连,5.022
T05,776.074,cruise,直连,4.964
T05,777.072,cruise,直连,4.906
T05,778.07,cruise,直连,4.849
T05,779.068,cruise,直连,4.791
T05,780.066,cruise,直连,4.735
T05,781.064,cruise,直连,4.678
T05,782.062,cruise,直连,4.622
T05,783.06,cruise,直连,4.566
T05,784.058,cruise,直连,4.511
T05,785.056,cruise,直连,4.456
T05,786.054,cruise,直连,4.401
T05,787.052,cruise,直连,4.347
T05,788.05,cruise,直连,4.293
T05,789.048,cruise,直连,4.239
T05,790.046,cruise,直连,4.186
T05,791.044,cruise,直连,4.133
T05,792.042,cruise,直连,4.081
T05,793.04,cruise,直连,4.028
T05,794.038,cruise,直连,3.976
T05,795.036,cruise,直连,3.924
T05,796.034,cruise,直连,3.873
T05,797.032,cruise,直连,3.822
T05,798.03,cruise,直连,3.771
T05,799.028,cruise,直连,3.721
T05,800.026,cruise,直连,3.67
T05,801.024,cruise,直连,3.62
T05,802.022,cruise,直连,3.571
T05,803.02,cruise,直连,3.521
T05,804.018,cruise,直连,3.472
T05,805.017,cruise,直连,3.423
T05,806.015,cruise,直连,3.375
T05,807.013,cruise,直连,3.326
T05,808.011,cruise,直连,3.278
T05,809.009,cruise,直连,3.231
T05,810.007,cruise,直连,3.183
T05,811.005,cruise,直连,3.136
T05,812.003,cruise,直连,3.089
T05,813.001,cruise,直连,3.042
T05,813.999,cruise,直连,2.996
T05,814.997,cruise,直连,2.95
T05,815.995,cruise,直连,2.904
T05,816.993,cruise,直连,2.858
T05,817.991,cruise,直连,2.812
T05,818.989,cruise,直连,2.767
T05,819.987,cruise,直连,2.722
T05,820.985,cruise,直连,2.677
T05,821.983,cruise,直连,2.633
T05,822.981,cruise,直连,2.588
T05,823.979,cruise,直连,2.544
T05,824.977,cruise,直连,2.5
T05,825.975,cruise,直连,2.457
T05,826.973,cruise,直连,2.413
T05,827.971,cruise,直连,2.37
T05,828.969,cruise,直连,2.327
T05,829.967,cruise,直连,2.284
T05,830.965,cruise,直连,2.241
T05,830.965,descent,直连,2.241
T05,831.955,descent,直连,2.242
T05,832.945,descent,直连,2.242
T05,833.935,descent,直连,2.242
T05,834.925,descent,直连,2.242
T05,835.915,descent,直连,2.242
T05,836.905,descent,直连,2.243
T05,837.895,descent,直连,2.243
T05,838.885,descent,直连,2.243
T05,839.875,descent,直连,2.243
T05,840.866,descent,直连,2.243
T05,841.856,descent,直连,2.244
T05,842.846,descent,直连,2.244
T05,843.836,descent,直连,2.244
T05,844.826,descent,直连,2.244
T05,845.816,descent,直连,2.244
T05,846.806,descent,直连,2.245
T05,847.796,descent,直连,2.245
T05,848.786,descent,直连,2.245
T05,849.776,descent,直连,2.245
T05,850.766,descent,直连,2.245
T05,851.756,descent,直连,2.245
T05,852.747,descent,直连,2.245
T05,853.737,descent,直连,2.246
T05,854.727,descent,直连,2.246
T05,855.717,descent,直连,2.246
T05,856.707,descent,直连,2.246
T05,857.697,descent,直连,2.246
T05,858.687,descent,直连,2.246
T05,859.677,descent,直连,2.246
T05,860.667,descent,直连,2.247
T05,861.657,descent,直连,2.247
T05,862.647,descent,直连,2.247
T05,863.637,descent,直连,2.247
T05,864.627,descent,直连,2.247
T05,865.618,descent,直连,2.247
T05,866.608,descent,直连,2.247
T05,867.598,descent,直连,2.247
T05,868.588,descent,直连,2.247
T05,869.578,descent,直连,2.247
T05,870.568,descent,直连,2.248
T05,871.558,descent,直连,2.248
T05,872.548,descent,直连,2.248
T05,873.538,descent,直连,2.248
T05,874.528,descent,直连,2.248
T05,874.528,handover,直连,2.248
T05,1378.528,handover,直连,2.248
T05,1378.528,climb,直连,2.248
T05,1379.524,climb,直连,2.248
T05,1380.52,climb,直连,2.248
T05,1381.515,climb,直连,2.248
T05,1382.511,climb,直连,2.247
T05,1383.507,climb,直连,2.247
T05,1384.503,climb,直连,2.247
T05,1385.498,climb,直连,2.247
T05,1386.494,climb,直连,2.247
T05,1387.49,climb,直连,2.247
T05,1388.486,climb,直连,2.247
T05,1389.481,climb,直连,2.247
T05,1390.477,climb,直连,2.246
T05,1391.473,climb,直连,2.246
T05,1392.469,climb,直连,2.246
T05,1393.464,climb,直连,2.246
T05,1394.46,climb,直连,2.246
T05,1395.456,climb,直连,2.246
T05,1396.452,climb,直连,2.245
T05,1397.447,climb,直连,2.245
T05,1398.443,climb,直连,2.245
T05,1399.439,climb,直连,2.245
T05,1400.434,climb,直连,2.245
T05,1401.43,climb,直连,2.244
T05,1402.426,climb,直连,2.244
T05,1403.422,climb,直连,2.244
T05,1404.417,climb,直连,2.244
T05,1405.413,climb,直连,2.243
T05,1406.409,climb,直连,2.243
T05,1407.405,climb,直连,2.243
T05,1408.4,climb,直连,2.243
T05,1409.396,climb,直连,2.242
T05,1410.392,climb,直连,2.242
T05,1411.388,climb,直连,2.242
T05,1412.383,climb,直连,2.242
T05,1413.379,climb,直连,2.241
T05,1413.379,cruise,直连,2.241
T05,1414.377,cruise,直连,2.284
T05,1415.375,cruise,直连,2.327
T05,1416.373,cruise,直连,2.37
T05,1417.371,cruise,直连,2.413
T05,1418.369,cruise,直连,2.457
T05,1419.367,cruise,直连,2.5
T05,1420.365,cruise,直连,2.544
T05,1421.363,cruise,直连,2.588
T05,1422.361,cruise,直连,2.633
T05,1423.359,cruise,直连,2.677
T05,1424.357,cruise,直连,2.722
T05,1425.355,cruise,直连,2.767
T05,1426.353,cruise,直连,2.812
T05,1427.351,cruise,直连,2.858
T05,1428.349,cruise,直连,2.904
T05,1429.347,cruise,直连,2.95
T05,1430.345,cruise,直连,2.996
T05,1431.343,cruise,直连,3.042
T05,1432.341,cruise,直连,3.089
T05,1433.339,cruise,直连,3.136
T05,1434.337,cruise,直连,3.183
T05,1435.335,cruise,直连,3.231
T05,1436.333,cruise,直连,3.278
T05,1437.331,cruise,直连,3.326
T05,1438.329,cruise,直连,3.375
T05,1439.327,cruise,直连,3.423
T05,1440.325,cruise,直连,3.472
T05,1441.323,cruise,直连,3.521
T05,1442.321,cruise,直连,3.571
T05,1443.319,cruise,直连,3.62
T05,1444.317,cruise,直连,3.67
T05,1445.315,cruise,直连,3.721
T05,1446.313,cruise,直连,3.771
T05,1447.311,cruise,直连,3.822
T05,1448.309,cruise,直连,3.873
T05,1449.307,cruise,直连,3.924
T05,1450.305,cruise,直连,3.976
T05,1451.303,cruise,直连,4.028
T05,1452.301,cruise,直连,4.081
T05,1453.299,cruise,直连,4.133
T05,1454.297,cruise,直连,4.186
T05,1455.295,cruise,直连,4.239
T05,1456.293,cruise,直连,4.293
T05,1457.292,cruise,直连,4.347
T05,1458.29,cruise,直连,4.401
T05,1459.288,cruise,直连,4.456
T05,1460.286,cruise,直连,4.511
T05,1461.284,cruise,直连,4.566
T05,1462.282,cruise,直连,4.622
T05,1463.28,cruise,直连,4.678
T05,1464.278,cruise,直连,4.735
T05,1465.276,cruise,直连,4.791
T05,1466.274,cruise,直连,4.849
T05,1467.272,cruise,直连,4.906
T05,1468.27,cruise,直连,4.964
T05,1469.268,cruise,直连,5.022
T05,1470.266,cruise,直连,5.081
T05,1471.264,cruise,直连,5.14
T05,1472.262,cruise,直连,5.2
T05,1473.26,cruise,直连,5.26
T05,1474.258,cruise,直连,5.32
T05,1475.256,cruise,直连,5.381
T05,1476.254,cruise,直连,5.442
T05,1477.252,cruise,直连,5.503
T05,1478.25,cruise,直连,5.565
T05,1479.248,cruise,直连,5.628
T05,1480.246,cruise,直连,5.691
T05,1481.244,cruise,直连,5.754
T05,1482.242,cruise,直连,5.818
T05,1483.24,cruise,直连,5.883
T05,1484.238,cruise,直连,5.947
T05,1485.236,cruise,直连,6.013
T05,1486.234,cruise,直连,6.078
T05,1487.232,cruise,直连,6.145
T05,1488.23,cruise,直连,6.212
T05,1489.228,cruise,直连,6.279
T05,1490.226,cruise,直连,6.347
T05,1491.224,cruise,直连,6.415
T05,1492.222,cruise,直连,6.484
T05,1493.22,cruise,直连,6.553
T05,1494.218,cruise,直连,6.623
T05,1495.216,cruise,直连,6.694
T05,1496.214,cruise,直连,6.765
T05,1497.212,cruise,直连,6.837
T05,1498.21,cruise,直连,6.909
T05,1499.208,cruise,直连,6.982
T05,1500.206,cruise,直连,7.056
T05,1501.204,cruise,直连,17.13
T05,1502.202,cruise,直连,7.205
T05,1503.2,cruise,直连,7.28
T05,1504.198,cruise,直连,7.356
T05,1505.196,cruise,直连,17.433
T05,1506.194,cruise,直连,17.511
T05,1507.192,cruise,直连,17.589
T05,1508.19,cruise,直连,17.668
T05,1509.188,cruise,直连,17.747
T05,1510.186,cruise,直连,17.828
T05,1511.184,cruise,直连,17.909
T05,1512.182,cruise,直连,17.991
T05,1513.18,cruise,直连,18.073
T05,1514.178,cruise,直连,18.157
T05,1515.176,cruise,直连,18.241
T05,1516.174,cruise,直连,18.326
T05,1517.172,cruise,直连,18.412
T05,1518.17,cruise,直连,18.498
T05,1519.168,cruise,直连,18.586
T05,1520.166,cruise,直连,18.674
T05,1521.164,cruise,直连,18.764
T05,1522.162,cruise,直连,18.854
T05,1523.16,cruise,直连,18.945
T05,1524.158,cruise,直连,19.037
T05,1525.156,cruise,直连,19.13
T05,1526.154,cruise,直连,19.225
T05,1527.152,cruise,直连,19.32
T05,1528.15,cruise,直连,19.416
T05,1529.148,cruise,直连,19.513
T05,1530.146,cruise,直连,19.612
T05,1531.144,cruise,直连,19.711
T05,1532.142,cruise,直连,19.812
T05,1533.14,cruise,直连,19.914
T05,1534.138,cruise,直连,20.017
T05,1535.136,cruise,直连,20.121
T05,1536.134,cruise,直连,20.227
T05,1537.132,cruise,直连,20.333
T05,1538.13,cruise,直连,20.441
T05,1539.128,cruise,直连,20.551
T05,1540.126,cruise,直连,20.662
T05,1541.124,cruise,直连,20.774
T05,1542.122,cruise,直连,20.888
T05,1543.12,cruise,直连,21.003
T05,1544.118,cruise,直连,21.119
T05,1545.116,cruise,直连,21.238
T05,1546.114,cruise,直连,21.358
T05,1547.112,cruise,直连,21.479
T05,1548.11,cruise,直连,21.602
T05,1549.108,cruise,直连,21.727
T05,1550.106,cruise,直连,21.854
T05,1551.104,cruise,直连,21.983
T05,1552.102,cruise,直连,22.113
T05,1553.1,cruise,直连,22.246
T05,1554.098,cruise,直连,22.38
T05,1555.096,cruise,直连,22.517
T05,1556.094,cruise,直连,22.656
T05,1557.092,cruise,直连,22.797
T05,1558.09,cruise,直连,22.94
T05,1559.088,cruise,直连,23.086
T05,1560.086,cruise,直连,23.234
T05,1561.084,cruise,直连,23.384
T05,1562.082,cruise,直连,23.537
T05,1563.081,cruise,直连,23.693
T05,1564.079,cruise,直连,23.852
T05,1565.077,cruise,直连,24.013
T05,1566.075,cruise,直连,24.178
T05,1567.073,cruise,直连,24.345
T05,1568.071,cruise,直连,24.516
T05,1569.069,cruise,直连,24.69
T05,1570.067,cruise,直连,24.867
T05,1571.065,cruise,直连,25.048
T05,1572.063,cruise,直连,25.233
T05,1573.061,cruise,直连,25.422
T05,1574.059,cruise,直连,25.615
T05,1575.057,cruise,直连,25.812
T05,1576.055,cruise,直连,26.013
T05,1577.053,cruise,直连,26.219
T05,1578.051,cruise,直连,26.43
T05,1579.049,cruise,直连,26.646
T05,1580.047,cruise,直连,26.866
T05,1581.045,cruise,直连,27.093
T05,1582.043,cruise,直连,27.325
T05,1583.041,cruise,直连,27.563
T05,1584.039,cruise,直连,27.808
T05,1585.037,cruise,直连,28.059
T05,1586.035,cruise,直连,28.317
T05,1587.033,cruise,直连,28.582
T05,1588.031,cruise,直连,28.855
T05,1589.029,cruise,直连,29.137
T05,1590.027,cruise,直连,29.427
T05,1591.025,cruise,直连,29.725
T05,1592.023,cruise,直连,30.034
T05,1593.021,cruise,直连,30.352
T05,1594.019,cruise,直连,30.681
T05,1595.017,cruise,直连,31.022
T05,1596.015,cruise,直连,31.374
T05,1597.013,cruise,直连,31.739
T05,1598.011,cruise,直连,32.117
T05,1599.009,cruise,直连,32.508
T05,1600.007,cruise,直连,32.915
T05,1601.005,cruise,直连,33.336
T05,1602.003,cruise,直连,33.773
T05,1603.001,cruise,直连,34.225
T05,1603.999,cruise,直连,34.694
T05,1604.997,cruise,直连,35.178
T05,1605.995,cruise,直连,35.677
T05,1606.993,cruise,直连,36.189
T05,1607.991,cruise,直连,36.71
T05,1608.989,cruise,直连,37.236
T05,1609.987,cruise,直连,37.76
T05,1610.985,cruise,直连,38.272
T05,1611.983,cruise,直连,38.757
T05,1612.981,cruise,直连,39.2
T05,1613.979,cruise,直连,39.578
T05,1614.977,cruise,直连,39.869
T05,1615.975,cruise,直连,40.054
T05,1616.973,cruise,直连,40.118
T05,1616.973,descent,直连,40.118
T05,1617.969,descent,直连,40.259
T05,1618.965,descent,直连,40.403
T05,1619.961,descent,直连,40.549
T05,1620.957,descent,直连,40.697
T05,1621.953,descent,直连,40.848
T05,1622.949,descent,直连,41.002
T05,1623.945,descent,直连,41.159
T05,1624.941,descent,直连,41.318
T05,1625.937,descent,直连,41.481
T05,1626.933,descent,直连,41.646
T05,1627.929,descent,直连,41.815
T05,1628.925,descent,直连,41.987
T05,1629.921,descent,直连,42.163
T05,1630.917,descent,直连,42.342
T05,1631.913,descent,直连,42.525
T05,1632.909,descent,直连,42.712
T05,1633.905,descent,直连,42.903
T05,1634.901,descent,直连,43.099
T05,1635.897,descent,直连,43.299
T05,1636.893,descent,直连,43.503
T05,1637.889,descent,直连,43.713
T05,1638.885,descent,直连,43.927
T05,1639.882,descent,直连,44.147
T05,1640.878,descent,直连,44.373
T05,1641.874,descent,直连,44.605
T05,1642.87,descent,直连,44.843
T05,1643.866,descent,直连,45.088
T05,1644.862,descent,直连,45.34
T05,1645.858,descent,直连,45.6
T05,1646.854,descent,直连,45.868
T05,1647.85,descent,直连,46.144
T05,1648.846,descent,直连,46.429
T05,1649.842,descent,直连,46.724
T05,1650.838,descent,直连,47.029
T05,1651.834,descent,直连,47.345
T05,1652.83,descent,直连,47.674
T05,1653.826,descent,直连,48.015
T05,1654.822,descent,直连,48.37
T05,1655.818,descent,直连,48.74
T05,1656.814,descent,直连,49.127
T05,1657.81,descent,直连,49.532
T05,1658.806,descent,直连,49.957
T05,1659.802,descent,直连,50.403
T05,1660.798,descent,直连,50.874
T05,1661.794,descent,直连,51.371
T05,1662.79,descent,直连,51.899
T05,1663.786,descent,直连,52.461
T05,1664.782,descent,直连,53.062
T05,1665.778,descent,直连,53.708
T05,1666.774,descent,直连,54.405
T05,1667.77,descent,直连,55.164
T05,1668.766,descent,直连,55.995
T05,1669.762,descent,直连,56.914
T05,1670.758,descent,直连,57.941
T05,1671.754,descent,直连,59.108
T05,1672.75,descent,直连,60.455
T05,1673.746,descent,直连,62.05
T05,1674.742,descent,直连,64.006
T05,1675.738,descent,直连,66.534
T05,1676.734,descent,直连,70.114
T05,1677.73,descent,直连,76.314
T05,1678.726,descent,直连,103.93
T05,1679.722,descent,直连,75.62
T05,1680.718,descent,直连,69.767
T05,1681.714,descent,直连,66.302
T05,1682.71,descent,直连,63.832
T05,1683.706,descent,直连,61.911
T05,1684.702,descent,直连,60.339
T05,1685.698,descent,直连,59.008
T05,1686.694,descent,直连,57.855
T05,1687.691,descent,直连,56.836
T05,1688.687,descent,直连,45.925
T06,360.0,climb,直连,45.925
T06,360.991,climb,直连,57.323
T06,361.983,climb,直连,58.991
T06,362.974,climb,直连,61.056
T06,363.965,climb,直连,63.771
T06,364.957,climb,直连,67.743
T06,365.948,climb,直连,75.271
T06,366.939,climb,直连,83.696
T06,367.93,climb,直连,70.37
T06,368.922,climb,直连,65.34
T06,369.913,climb,直连,62.175
T06,370.904,climb,直连,59.861
T06,371.896,climb,直连,58.035
T06,372.887,climb,直连,56.527
T06,373.878,climb,直连,55.243
T06,374.87,climb,直连,54.124
T06,375.861,climb,直连,53.133
T06,376.852,climb,直连,52.244
T06,377.844,climb,直连,51.437
T06,378.835,climb,直连,50.699
T06,379.826,climb,直连,50.019
T06,380.817,climb,直连,49.388
T06,381.809,climb,直连,48.8
T06,382.8,climb,直连,48.249
T06,383.791,climb,直连,47.731
T06,384.783,climb,直连,47.242
T06,385.774,climb,直连,46.779
T06,386.765,climb,直连,46.34
T06,387.757,climb,直连,45.922
T06,388.748,climb,直连,45.523
T06,389.739,climb,直连,45.141
T06,390.731,climb,直连,44.776
T06,391.722,climb,直连,44.425
T06,392.713,climb,直连,44.088
T06,393.704,climb,直连,43.764
T06,394.696,climb,直连,43.451
T06,395.687,climb,直连,43.149
T06,396.678,climb,直连,42.858
T06,397.67,climb,直连,42.575
T06,398.661,climb,直连,42.302
T06,399.652,climb,直连,42.037
T06,400.644,climb,直连,41.78
T06,401.635,climb,直连,41.53
T06,402.626,climb,直连,41.287
T06,403.618,climb,直连,41.051
T06,404.609,climb,直连,40.821
T06,405.6,climb,直连,40.597
T06,406.591,climb,直连,40.378
T06,407.583,climb,直连,40.165
T06,408.574,climb,直连,39.958
T06,409.565,climb,直连,39.754
T06,410.557,climb,直连,39.556
T06,411.548,climb,直连,39.362
T06,412.539,climb,直连,39.172
T06,413.531,climb,直连,38.987
T06,414.522,climb,直连,38.805
T06,415.513,climb,直连,38.627
T06,416.505,climb,直连,38.452
T06,417.496,climb,直连,38.281
T06,418.487,climb,直连,38.113
T06,419.478,climb,直连,37.949
T06,420.47,climb,直连,37.787
T06,421.461,climb,直连,37.629
T06,422.452,climb,直连,37.473
T06,423.444,climb,直连,37.32
T06,424.435,climb,直连,37.17
T06,425.426,climb,直连,37.022
T06,426.418,climb,直连,36.876
T06,427.409,climb,直连,36.734
T06,428.4,climb,直连,36.593
T06,429.392,climb,直连,36.455
T06,430.383,climb,直连,36.318
T06,431.374,climb,直连,36.184
T06,432.365,climb,直连,36.052
T06,433.357,climb,直连,35.922
T06,434.348,climb,直连,35.794
T06,435.339,climb,直连,35.668
T06,436.331,climb,直连,35.543
T06,437.322,climb,直连,35.42
T06,438.313,climb,直连,35.299
T06,439.305,climb,直连,35.18
T06,440.296,climb,直连,35.062
T06,441.287,climb,直连,34.946
T06,442.279,climb,直连,34.832
T06,443.27,climb,直连,34.718
T06,444.261,climb,直连,34.607
T06,445.253,climb,直连,34.496
T06,446.244,climb,直连,34.388
T06,447.235,climb,直连,34.28
T06,448.226,climb,直连,34.174
T06,449.218,climb,直连,34.069
T06,449.218,cruise,直连,34.069
T06,450.215,cruise,直连,34.059
T06,451.213,cruise,直连,34.028
T06,452.211,cruise,直连,33.978
T06,453.208,cruise,直连,33.909
T06,454.206,cruise,直连,33.822
T06,455.204,cruise,直连,33.718
T06,456.201,cruise,直连,33.598
T06,457.199,cruise,直连,33.463
T06,458.197,cruise,直连,33.316
T06,459.194,cruise,直连,33.157
T06,460.192,cruise,直连,32.987
T06,461.19,cruise,直连,32.809
T06,462.188,cruise,直连,32.623
T06,463.185,cruise,直连,32.431
T06,464.183,cruise,直连,32.233
T06,465.181,cruise,直连,32.032
T06,466.178,cruise,直连,31.827
T06,467.176,cruise,直连,31.62
T06,468.174,cruise,直连,31.411
T06,469.171,cruise,直连,31.202
T06,470.169,cruise,直连,30.992
T06,471.167,cruise,直连,30.782
T06,472.164,cruise,直连,30.573
T06,473.162,cruise,直连,30.365
T06,474.16,cruise,直连,30.158
T06,475.157,cruise,直连,29.952
T06,476.155,cruise,直连,29.748
T06,477.153,cruise,直连,29.547
T06,478.15,cruise,直连,29.347
T06,479.148,cruise,直连,29.15
T06,480.146,cruise,直连,28.955
T06,481.143,cruise,直连,28.762
T06,482.141,cruise,直连,28.572
T06,483.139,cruise,直连,28.384
T06,484.136,cruise,直连,28.199
T06,485.134,cruise,直连,28.016
T06,486.132,cruise,直连,27.836
T06,487.129,cruise,直连,27.658
T06,488.127,cruise,直连,27.483
T06,489.125,cruise,直连,27.311
T06,490.122,cruise,直连,27.141
T06,491.12,cruise,直连,26.973
T06,492.118,cruise,直连,26.808
T06,493.115,cruise,直连,26.645
T06,494.113,cruise,直连,26.484
T06,495.111,cruise,直连,26.326
T06,496.108,cruise,直连,26.17
T06,497.106,cruise,直连,26.017
T06,498.104,cruise,直连,25.865
T06,499.101,cruise,直连,25.716
T06,500.099,cruise,直连,25.568
T06,501.097,cruise,直连,25.423
T06,502.094,cruise,直连,25.28
T06,503.092,cruise,直连,25.139
T06,504.09,cruise,直连,24.999
T06,505.088,cruise,直连,24.862
T06,506.085,cruise,直连,24.726
T06,507.083,cruise,直连,24.593
T06,508.081,cruise,直连,24.461
T06,509.078,cruise,直连,24.33
T06,510.076,cruise,直连,24.202
T06,511.074,cruise,直连,24.075
T06,512.071,cruise,直连,23.95
T06,513.069,cruise,直连,23.826
T06,514.067,cruise,直连,23.704
T06,515.064,cruise,直连,23.583
T06,516.062,cruise,直连,23.464
T06,517.06,cruise,直连,23.347
T06,518.057,cruise,直连,23.23
T06,519.055,cruise,直连,23.116
T06,520.053,cruise,直连,23.002
T06,521.05,cruise,直连,22.89
T06,522.048,cruise,直连,22.779
T06,523.046,cruise,直连,22.67
T06,524.043,cruise,直连,22.561
T06,525.041,cruise,直连,22.454
T06,526.039,cruise,直连,22.349
T06,527.036,cruise,直连,22.244
T06,528.034,cruise,直连,22.141
T06,529.032,cruise,直连,22.038
T06,530.029,cruise,直连,21.937
T06,531.027,cruise,直连,21.837
T06,532.025,cruise,直连,21.738
T06,533.022,cruise,直连,21.64
T06,534.02,cruise,直连,21.543
T06,535.018,cruise,直连,21.447
T06,536.015,cruise,直连,21.352
T06,537.013,cruise,直连,21.258
T06,538.011,cruise,直连,21.165
T06,539.008,cruise,直连,21.073
T06,540.006,cruise,直连,20.981
T06,541.004,cruise,直连,20.891
T06,542.001,cruise,直连,20.802
T06,542.999,cruise,直连,20.713
T06,543.997,cruise,直连,20.625
T06,544.995,cruise,直连,20.539
T06,545.992,cruise,直连,20.452
T06,546.99,cruise,直连,20.367
T06,547.988,cruise,直连,20.283
T06,548.985,cruise,直连,20.199
T06,549.983,cruise,直连,20.116
T06,550.981,cruise,直连,20.034
T06,551.978,cruise,直连,19.953
T06,552.976,cruise,直连,19.872
T06,553.974,cruise,直连,19.792
T06,554.971,cruise,直连,19.713
T06,555.969,cruise,直连,19.634
T06,556.967,cruise,直连,19.556
T06,557.964,cruise,直连,19.479
T06,558.962,cruise,直连,19.402
T06,559.96,cruise,直连,19.326
T06,560.957,cruise,直连,19.251
T06,561.955,cruise,直连,19.176
T06,562.953,cruise,直连,19.102
T06,563.95,cruise,直连,19.029
T06,564.948,cruise,直连,18.956
T06,565.946,cruise,直连,18.884
T06,566.943,cruise,直连,18.812
T06,567.941,cruise,直连,18.741
T06,568.939,cruise,直连,18.67
T06,569.936,cruise,直连,18.6
T06,570.934,cruise,直连,18.531
T06,571.932,cruise,直连,18.462
T06,572.929,cruise,直连,18.393
T06,573.927,cruise,直连,18.326
T06,574.925,cruise,直连,18.258
T06,575.922,cruise,直连,18.191
T06,576.92,cruise,直连,18.125
T06,577.918,cruise,直连,18.059
T06,578.915,cruise,直连,17.994
T06,579.913,cruise,直连,17.929
T06,580.911,cruise,直连,17.864
T06,581.908,cruise,直连,17.8
T06,582.906,cruise,直连,17.737
T06,583.904,cruise,直连,17.674
T06,584.901,cruise,直连,17.611
T06,585.899,cruise,直连,17.549
T06,586.897,cruise,直连,17.487
T06,587.895,cruise,直连,17.426
T06,588.892,cruise,直连,17.365
T06,589.89,cruise,直连,17.304
T06,590.888,cruise,直连,17.244
T06,591.885,cruise,直连,17.184
T06,592.883,cruise,直连,17.125
T06,593.881,cruise,直连,17.066
T06,594.878,cruise,直连,17.008
T06,595.876,cruise,直连,16.95
T06,596.874,cruise,直连,16.892
T06,597.871,cruise,直连,16.834
T06,598.869,cruise,直连,16.777
T06,599.867,cruise,直连,16.721
T06,600.864,cruise,直连,16.665
T06,601.862,cruise,直连,16.609
T06,602.86,cruise,直连,16.553
T06,603.857,cruise,直连,16.498
T06,604.855,cruise,直连,16.443
T06,605.853,cruise,直连,16.388
T06,606.85,cruise,直连,16.334
T06,607.848,cruise,直连,16.28
T06,608.846,cruise,直连,16.227
T06,609.843,cruise,直连,16.173
T06,610.841,cruise,直连,16.121
T06,611.839,cruise,直连,16.068
T06,612.836,cruise,直连,16.016
T06,613.834,cruise,直连,15.964
T06,614.832,cruise,直连,15.912
T06,615.829,cruise,直连,15.861
T06,616.827,cruise,直连,15.81
T06,617.825,cruise,直连,15.759
T06,618.822,cruise,直连,15.708
T06,619.82,cruise,直连,15.658
T06,620.818,cruise,直连,15.608
T06,621.815,cruise,直连,15.559
T06,622.813,cruise,直连,15.509
T06,623.811,cruise,直连,15.46
T06,624.808,cruise,直连,15.411
T06,625.806,cruise,直连,15.363
T06,626.804,cruise,直连,15.314
T06,627.801,cruise,直连,15.266
T06,628.799,cruise,直连,15.219
T06,629.797,cruise,直连,15.171
T06,630.795,cruise,直连,15.124
T06,631.792,cruise,直连,15.077
T06,632.79,cruise,直连,15.03
T06,633.788,cruise,直连,14.984
T06,634.785,cruise,直连,14.937
T06,635.783,cruise,直连,14.891
T06,636.781,cruise,直连,14.846
T06,637.778,cruise,直连,14.8
T06,638.776,cruise,直连,14.755
T06,639.774,cruise,直连,14.71
T06,640.771,cruise,直连,14.665
T06,641.769,cruise,直连,14.62
T06,642.767,cruise,直连,14.576
T06,643.764,cruise,直连,14.532
T06,644.762,cruise,直连,14.488
T06,645.76,cruise,直连,14.444
T06,646.757,cruise,直连,14.401
T06,647.755,cruise,直连,14.357
T06,648.753,cruise,直连,14.314
T06,649.75,cruise,直连,14.271
T06,650.748,cruise,直连,14.229
T06,651.746,cruise,直连,14.186
T06,652.743,cruise,直连,14.144
T06,653.741,cruise,直连,14.102
T06,654.739,cruise,直连,14.06
T06,655.736,cruise,直连,14.019
T06,656.734,cruise,直连,13.977
T06,657.732,cruise,直连,13.936
T06,658.729,cruise,直连,13.895
T06,659.727,cruise,直连,13.854
T06,660.725,cruise,直连,13.813
T06,661.722,cruise,直连,13.773
T06,662.72,cruise,直连,13.732
T06,663.718,cruise,直连,13.692
T06,664.715,cruise,直连,13.652
T06,665.713,cruise,直连,13.613
T06,666.711,cruise,直连,13.573
T06,667.708,cruise,直连,13.534
T06,668.706,cruise,直连,13.494
T06,669.704,cruise,直连,13.455
T06,670.702,cruise,直连,13.417
T06,671.699,cruise,直连,13.378
T06,672.697,cruise,直连,13.339
T06,673.695,cruise,直连,13.301
T06,674.692,cruise,直连,13.263
T06,675.69,cruise,直连,13.225
T06,676.688,cruise,直连,13.187
T06,677.685,cruise,直连,13.149
T06,678.683,cruise,直连,13.112
T06,679.681,cruise,直连,13.074
T06,680.678,cruise,直连,13.037
T06,681.676,cruise,直连,13.0
T06,682.674,cruise,直连,12.963
T06,683.671,cruise,直连,12.926
T06,684.669,cruise,直连,12.89
T06,685.667,cruise,直连,12.853
T06,686.664,cruise,直连,12.817
T06,687.662,cruise,直连,12.781
T06,688.66,cruise,直连,12.745
T06,689.657,cruise,直连,12.709
T06,690.655,cruise,直连,12.673
T06,691.653,cruise,直连,12.638
T06,692.65,cruise,直连,12.602
T06,693.648,cruise,直连,12.567
T06,694.646,cruise,直连,2.532
T06,695.643,cruise,直连,2.497
T06,696.641,cruise,直连,2.462
T06,697.639,cruise,直连,2.427
T06,698.636,cruise,直连,12.393
T06,699.634,cruise,直连,2.358
T06,700.632,cruise,直连,2.324
T06,701.629,cruise,直连,2.29
T06,702.627,cruise,直连,2.256
T06,703.625,cruise,直连,2.222
T06,704.622,cruise,直连,2.188
T06,705.62,cruise,直连,2.155
T06,706.618,cruise,直连,2.121
T06,707.615,cruise,直连,2.088
T06,708.613,cruise,直连,2.054
T06,709.611,cruise,直连,2.021
T06,710.608,cruise,直连,1.988
T06,711.606,cruise,直连,1.955
T06,712.604,cruise,直连,1.923
T06,713.602,cruise,直连,1.89
T06,714.599,cruise,直连,1.857
T06,715.597,cruise,直连,1.825
T06,716.595,cruise,直连,1.793
T06,717.592,cruise,直连,1.761
T06,718.59,cruise,直连,1.729
T06,719.588,cruise,直连,1.697
T06,720.585,cruise,直连,1.665
T06,721.583,cruise,直连,1.633
T06,722.581,cruise,直连,1.602
T06,723.578,cruise,直连,1.57
T06,724.576,cruise,直连,1.539
T06,725.574,cruise,直连,1.507
T06,726.571,cruise,直连,1.476
T06,727.569,cruise,直连,1.445
T06,728.567,cruise,直连,1.414
T06,729.564,cruise,直连,1.384
T06,730.562,cruise,直连,1.353
T06,731.56,cruise,直连,1.322
T06,732.557,cruise,直连,1.292
T06,733.555,cruise,直连,1.262
T06,734.553,cruise,直连,1.231
T06,735.55,cruise,直连,1.201
T06,736.548,cruise,直连,1.171
T06,737.546,cruise,直连,1.141
T06,738.543,cruise,直连,1.111
T06,739.541,cruise,直连,1.082
T06,740.539,cruise,直连,1.052
T06,741.536,cruise,直连,1.022
T06,742.534,cruise,直连,0.993
T06,743.532,cruise,直连,0.964
T06,744.529,cruise,直连,0.934
T06,745.527,cruise,直连,0.905
T06,746.525,cruise,直连,0.876
T06,747.522,cruise,直连,0.847
T06,748.52,cruise,直连,0.818
T06,749.518,cruise,直连,0.789
T06,750.515,cruise,直连,0.761
T06,751.513,cruise,直连,0.732
T06,752.511,cruise,直连,0.704
T06,753.508,cruise,直连,0.675
T06,754.506,cruise,直连,0.647
T06,755.504,cruise,直连,0.619
T06,756.502,cruise,直连,0.591
T06,757.499,cruise,直连,0.563
T06,758.497,cruise,直连,0.535
T06,759.495,cruise,直连,0.507
T06,760.492,cruise,直连,0.479
T06,761.49,cruise,直连,0.451
T06,762.488,cruise,直连,0.424
T06,763.485,cruise,直连,0.396
T06,764.483,cruise,直连,0.369
T06,765.481,cruise,直连,0.342
T06,766.478,cruise,直连,0.314
T06,767.476,cruise,直连,0.287
T06,768.474,cruise,直连,0.26
T06,769.471,cruise,直连,0.233
T06,770.469,cruise,直连,0.206
T06,771.467,cruise,直连,0.179
T06,772.464,cruise,直连,0.153
T06,773.462,cruise,直连,0.126
T06,774.46,cruise,直连,0.099
T06,775.457,cruise,直连,0.073
T06,776.455,cruise,直连,0.047
T06,777.453,cruise,直连,0.02
T06,778.45,cruise,中继,2.306
T06,779.448,cruise,中继,2.306
T06,780.446,cruise,中继,2.306
T06,781.443,cruise,中继,2.306
T06,782.441,cruise,中继,2.306
T06,783.439,cruise,中继,2.306
T06,784.436,cruise,中继,2.306
T06,785.434,cruise,中继,2.306
T06,786.432,cruise,中继,2.306
T06,787.429,cruise,中继,2.306
T06,788.427,cruise,中继,2.306
T06,789.425,cruise,中继,2.306
T06,790.422,cruise,中继,2.306
T06,791.42,cruise,中继,2.306
T06,792.418,cruise,中继,2.306
T06,793.415,cruise,中继,2.306
T06,794.413,cruise,中继,2.306
T06,795.411,cruise,中继,2.306
T06,796.409,cruise,中继,2.306
T06,797.406,cruise,中继,2.306
T06,798.404,cruise,中继,2.306
T06,799.402,cruise,中继,2.306
T06,800.399,cruise,中继,2.306
T06,801.397,cruise,中继,2.306
T06,802.395,cruise,中继,2.306
T06,803.392,cruise,中继,2.306
T06,804.39,cruise,中继,2.306
T06,805.388,cruise,中继,2.306
T06,806.385,cruise,中继,2.306
T06,807.383,cruise,中继,2.306
T06,808.381,cruise,中继,2.306
T06,809.378,cruise,中继,2.306
T06,810.376,cruise,中继,2.306
T06,811.374,cruise,中继,2.306
T06,812.371,cruise,中继,2.306
T06,813.369,cruise,中继,2.306
T06,814.367,cruise,中继,2.306
T06,815.364,cruise,中继,2.306
T06,816.362,cruise,中继,2.306
T06,817.36,cruise,中继,2.306
T06,818.357,cruise,中继,2.306
T06,819.355,cruise,中继,2.306
T06,820.353,cruise,中继,2.306
T06,821.35,cruise,中继,2.306
T06,822.348,cruise,中继,2.306
T06,823.346,cruise,中继,2.306
T06,824.343,cruise,中继,2.306
T06,825.341,cruise,中继,2.306
T06,826.339,cruise,中继,2.306
T06,827.336,cruise,中继,2.306
T06,828.334,cruise,中继,2.306
T06,829.332,cruise,中继,2.306
T06,830.329,cruise,中继,2.306
T06,831.327,cruise,中继,2.306
T06,832.325,cruise,中继,2.306
T06,833.322,cruise,中继,2.306
T06,834.32,cruise,中继,2.306
T06,835.318,cruise,中继,2.306
T06,836.315,cruise,中继,2.306
T06,837.313,cruise,中继,2.306
T06,838.311,cruise,中继,2.306
T06,839.309,cruise,中继,2.306
T06,840.306,cruise,中继,2.306
T06,841.304,cruise,中继,2.306
T06,842.302,cruise,中继,2.306
T06,843.299,cruise,中继,2.306
T06,844.297,cruise,中继,2.306
T06,845.295,cruise,中继,2.306
T06,846.292,cruise,中继,2.306
T06,847.29,cruise,中继,2.306
T06,848.288,cruise,中继,2.306
T06,849.285,cruise,中继,2.306
T06,850.283,cruise,中继,2.306
T06,851.281,cruise,中继,2.306
T06,852.278,cruise,中继,2.306
T06,853.276,cruise,中继,2.306
T06,853.276,descent,中继,2.306
T06,854.246,descent,中继,2.306
T06,855.216,descent,中继,2.306
T06,856.186,descent,中继,2.306
T06,857.156,descent,中继,2.306
T06,858.126,descent,中继,2.306
T06,859.096,descent,中继,2.306
T06,860.066,descent,中继,2.306
T06,861.037,descent,中继,2.306
T06,862.007,descent,中继,2.306
T06,862.977,descent,中继,2.306
T06,863.947,descent,中继,2.306
T06,864.917,descent,中继,2.306
T06,865.887,descent,中继,2.306
T06,866.857,descent,中继,2.306
T06,867.827,descent,中继,2.306
T06,868.797,descent,中继,2.306
T06,869.767,descent,中继,2.306
T06,870.737,descent,中继,2.306
T06,870.737,handover,中继,2.306
T06,1080.737,handover,中继,2.306
T06,1080.737,climb,中继,2.306
T06,1081.707,climb,中继,2.306
T06,1082.677,climb,中继,2.306
T06,1083.647,climb,中继,2.306
T06,1084.618,climb,中继,2.306
T06,1085.588,climb,中继,2.306
T06,1086.558,climb,中继,2.306
T06,1087.528,climb,中继,2.306
T06,1088.498,climb,中继,2.306
T06,1089.468,climb,中继,2.306
T06,1090.438,climb,中继,2.306
T06,1091.408,climb,中继,2.306
T06,1092.378,climb,中继,2.306
T06,1093.348,climb,中继,2.306
T06,1094.318,climb,中继,2.306
T06,1095.288,climb,中继,2.306
T06,1095.288,cruise,中继,2.306
T06,1096.286,cruise,中继,2.306
T06,1097.284,cruise,中继,2.306
T06,1098.281,cruise,中继,2.306
T06,1099.279,cruise,中继,2.306
T06,1100.277,cruise,中继,2.306
T06,1101.274,cruise,中继,2.306
T06,1102.272,cruise,中继,2.306
T06,1103.27,cruise,中继,2.306
T06,1104.267,cruise,中继,2.306
T06,1105.265,cruise,中继,2.306
T06,1106.263,cruise,中继,2.306
T06,1107.26,cruise,中继,2.306
T06,1108.258,cruise,中继,2.306
T06,1109.256,cruise,中继,2.306
T06,1110.253,cruise,中继,2.306
T06,1111.251,cruise,中继,2.306
T06,1112.249,cruise,中继,2.306
T06,1113.246,cruise,中继,2.306
T06,1114.244,cruise,中继,2.306
T06,1115.242,cruise,中继,2.306
T06,1116.239,cruise,中继,2.306
T06,1117.237,cruise,中继,2.306
T06,1118.235,cruise,中继,2.306
T06,1119.233,cruise,中继,2.306
T06,1120.23,cruise,中继,2.306
T06,1121.228,cruise,中继,2.306
T06,1122.226,cruise,中继,2.306
T06,1123.223,cruise,中继,2.306
T06,1124.221,cruise,中继,2.306
T06,1125.219,cruise,中继,2.306
T06,1126.216,cruise,中继,2.306
T06,1127.214,cruise,中继,2.306
T06,1128.212,cruise,中继,2.306
T06,1129.209,cruise,中继,2.306
T06,1130.207,cruise,中继,2.306
T06,1131.205,cruise,中继,2.306
T06,1132.202,cruise,中继,2.306
T06,1133.2,cruise,中继,2.306
T06,1134.198,cruise,中继,2.306
T06,1135.195,cruise,中继,2.306
T06,1136.193,cruise,中继,2.306
T06,1137.191,cruise,中继,2.306
T06,1138.188,cruise,中继,2.306
T06,1139.186,cruise,中继,2.306
T06,1140.184,cruise,中继,2.306
T06,1141.181,cruise,中继,2.306
T06,1142.179,cruise,中继,2.306
T06,1143.177,cruise,中继,2.306
T06,1144.174,cruise,中继,2.306
T06,1145.172,cruise,中继,2.306
T06,1146.17,cruise,中继,2.306
T06,1147.167,cruise,中继,2.306
T06,1148.165,cruise,中继,2.306
T06,1149.163,cruise,中继,2.306
T06,1150.16,cruise,中继,2.306
T06,1151.158,cruise,中继,2.306
T06,1152.156,cruise,中继,2.306
T06,1153.153,cruise,中继,2.306
T06,1154.151,cruise,中继,2.306
T06,1155.149,cruise,中继,2.306
T06,1156.146,cruise,中继,2.306
T06,1157.144,cruise,中继,2.306
T06,1158.142,cruise,中继,2.306
T06,1159.139,cruise,中继,2.306
T06,1160.137,cruise,中继,2.306
T06,1161.135,cruise,中继,2.306
T06,1162.133,cruise,中继,2.306
T06,1163.13,cruise,中继,2.306
T06,1164.128,cruise,中继,2.306
T06,1165.126,cruise,中继,2.306
T06,1166.123,cruise,中继,2.306
T06,1167.121,cruise,中继,2.306
T06,1168.119,cruise,中继,2.306
T06,1169.116,cruise,中继,2.306
T06,1170.114,cruise,中继,2.306
T06,1171.112,cruise,直连,0.02
T06,1172.109,cruise,直连,0.047
T06,1173.107,cruise,直连,0.073
T06,1174.105,cruise,直连,0.099
T06,1175.102,cruise,直连,0.126
T06,1176.1,cruise,直连,0.153
T06,1177.098,cruise,直连,0.179
T06,1178.095,cruise,直连,0.206
T06,1179.093,cruise,直连,0.233
T06,1180.091,cruise,直连,0.26
T06,1181.088,cruise,直连,0.287
T06,1182.086,cruise,直连,0.314
T06,1183.084,cruise,直连,0.342
T06,1184.081,cruise,直连,0.369
T06,1185.079,cruise,直连,0.396
T06,1186.077,cruise,直连,0.424
T06,1187.074,cruise,直连,0.451
T06,1188.072,cruise,直连,0.479
T06,1189.07,cruise,直连,0.507
T06,1190.067,cruise,直连,0.535
T06,1191.065,cruise,直连,0.563
T06,1192.063,cruise,直连,0.591
T06,1193.06,cruise,直连,0.619
T06,1194.058,cruise,直连,0.647
T06,1195.056,cruise,直连,0.675
T06,1196.053,cruise,直连,0.704
T06,1197.051,cruise,直连,0.732
T06,1198.049,cruise,直连,0.761
T06,1199.046,cruise,直连,0.789
T06,1200.044,cruise,直连,0.818
T06,1201.042,cruise,直连,0.847
T06,1202.04,cruise,直连,0.876
T06,1203.037,cruise,直连,0.905
T06,1204.035,cruise,直连,0.934
T06,1205.033,cruise,直连,0.964
T06,1206.03,cruise,直连,0.993
T06,1207.028,cruise,直连,1.022
T06,1208.026,cruise,直连,1.052
T06,1209.023,cruise,直连,1.082
T06,1210.021,cruise,直连,1.111
T06,1211.019,cruise,直连,1.141
T06,1212.016,cruise,直连,1.171
T06,1213.014,cruise,直连,1.201
T06,1214.012,cruise,直连,1.231
T06,1215.009,cruise,直连,1.262
T06,1216.007,cruise,直连,1.292
T06,1217.005,cruise,直连,1.322
T06,1218.002,cruise,直连,1.353
T06,1219.0,cruise,直连,1.384
T06,1219.998,cruise,直连,1.414
T06,1220.995,cruise,直连,1.445
T06,1221.993,cruise,直连,1.476
T06,1222.991,cruise,直连,1.507
T06,1223.988,cruise,直连,1.539
T06,1224.986,cruise,直连,1.57
T06,1225.984,cruise,直连,1.602
T06,1226.981,cruise,直连,1.633
T06,1227.979,cruise,直连,1.665
T06,1228.977,cruise,直连,1.697
T06,1229.974,cruise,直连,1.729
T06,1230.972,cruise,直连,1.761
T06,1231.97,cruise,直连,1.793
T06,1232.967,cruise,直连,1.825
T06,1233.965,cruise,直连,1.857
T06,1234.963,cruise,直连,1.89
T06,1235.96,cruise,直连,1.923
T06,1236.958,cruise,直连,1.955
T06,1237.956,cruise,直连,1.988
T06,1238.953,cruise,直连,2.021
T06,1239.951,cruise,直连,2.054
T06,1240.949,cruise,直连,2.088
T06,1241.946,cruise,直连,2.121
T06,1242.944,cruise,直连,2.155
T06,1243.942,cruise,直连,2.188
T06,1244.94,cruise,直连,2.222
T06,1245.937,cruise,直连,2.256
T06,1246.935,cruise,直连,2.29
T06,1247.933,cruise,直连,2.324
T06,1248.93,cruise,直连,2.358
T06,1249.928,cruise,直连,12.393
T06,1250.926,cruise,直连,2.427
T06,1251.923,cruise,直连,2.462
T06,1252.921,cruise,直连,2.497
T06,1253.919,cruise,直连,2.532
T06,1254.916,cruise,直连,12.567
T06,1255.914,cruise,直连,12.602
T06,1256.912,cruise,直连,12.638
T06,1257.909,cruise,直连,12.673
T06,1258.907,cruise,直连,12.709
T06,1259.905,cruise,直连,12.745
T06,1260.902,cruise,直连,12.781
T06,1261.9,cruise,直连,12.817
T06,1262.898,cruise,直连,12.853
T06,1263.895,cruise,直连,12.89
T06,1264.893,cruise,直连,12.926
T06,1265.891,cruise,直连,12.963
T06,1266.888,cruise,直连,13.0
T06,1267.886,cruise,直连,13.037
T06,1268.884,cruise,直连,13.074
T06,1269.881,cruise,直连,13.112
T06,1270.879,cruise,直连,13.149
T06,1271.877,cruise,直连,13.187
T06,1272.874,cruise,直连,13.225
T06,1273.872,cruise,直连,13.263
T06,1274.87,cruise,直连,13.301
T06,1275.867,cruise,直连,13.339
T06,1276.865,cruise,直连,13.378
T06,1277.863,cruise,直连,13.417
T06,1278.86,cruise,直连,13.455
T06,1279.858,cruise,直连,13.494
T06,1280.856,cruise,直连,13.534
T06,1281.853,cruise,直连,13.573
T06,1282.851,cruise,直连,13.613
T06,1283.849,cruise,直连,13.652
T06,1284.847,cruise,直连,13.692
T06,1285.844,cruise,直连,13.732
T06,1286.842,cruise,直连,13.773
T06,1287.84,cruise,直连,13.813
T06,1288.837,cruise,直连,13.854
T06,1289.835,cruise,直连,13.895
T06,1290.833,cruise,直连,13.936
T06,1291.83,cruise,直连,13.977
T06,1292.828,cruise,直连,14.019
T06,1293.826,cruise,直连,14.06
T06,1294.823,cruise,直连,14.102
T06,1295.821,cruise,直连,14.144
T06,1296.819,cruise,直连,14.186
T06,1297.816,cruise,直连,14.229
T06,1298.814,cruise,直连,14.271
T06,1299.812,cruise,直连,14.314
T06,1300.809,cruise,直连,14.357
T06,1301.807,cruise,直连,14.401
T06,1302.805,cruise,直连,14.444
T06,1303.802,cruise,直连,14.488
T06,1304.8,cruise,直连,14.532
T06,1305.798,cruise,直连,14.576
T06,1306.795,cruise,直连,14.62
T06,1307.793,cruise,直连,14.665
T06,1308.791,cruise,直连,14.71
T06,1309.788,cruise,直连,14.755
T06,1310.786,cruise,直连,14.8
T06,1311.784,cruise,直连,14.846
T06,1312.781,cruise,直连,14.891
T06,1313.779,cruise,直连,14.937
T06,1314.777,cruise,直连,14.984
T06,1315.774,cruise,直连,15.03
T06,1316.772,cruise,直连,15.077
T06,1317.77,cruise,直连,15.124
T06,1318.767,cruise,直连,15.171
T06,1319.765,cruise,直连,15.219
T06,1320.763,cruise,直连,15.266
T06,1321.76,cruise,直连,15.314
T06,1322.758,cruise,直连,15.363
T06,1323.756,cruise,直连,15.411
T06,1324.753,cruise,直连,15.46
T06,1325.751,cruise,直连,15.509
T06,1326.749,cruise,直连,15.559
T06,1327.747,cruise,直连,15.608
T06,1328.744,cruise,直连,15.658
T06,1329.742,cruise,直连,15.708
T06,1330.74,cruise,直连,15.759
T06,1331.737,cruise,直连,15.81
T06,1332.735,cruise,直连,15.861
T06,1333.733,cruise,直连,15.912
T06,1334.73,cruise,直连,15.964
T06,1335.728,cruise,直连,16.016
T06,1336.726,cruise,直连,16.068
T06,1337.723,cruise,直连,16.121
T06,1338.721,cruise,直连,16.173
T06,1339.719,cruise,直连,16.227
T06,1340.716,cruise,直连,16.28
T06,1341.714,cruise,直连,16.334
T06,1342.712,cruise,直连,16.388
T06,1343.709,cruise,直连,16.443
T06,1344.707,cruise,直连,16.498
T06,1345.705,cruise,直连,16.553
T06,1346.702,cruise,直连,16.609
T06,1347.7,cruise,直连,16.665
T06,1348.698,cruise,直连,16.721
T06,1349.695,cruise,直连,16.777
T06,1350.693,cruise,直连,16.834
T06,1351.691,cruise,直连,16.892
T06,1352.688,cruise,直连,16.95
T06,1353.686,cruise,直连,17.008
T06,1354.684,cruise,直连,17.066
T06,1355.681,cruise,直连,17.125
T06,1356.679,cruise,直连,17.184
T06,1357.677,cruise,直连,17.244
T06,1358.674,cruise,直连,17.304
T06,1359.672,cruise,直连,17.365
T06,1360.67,cruise,直连,17.426
T06,1361.667,cruise,直连,17.487
T06,1362.665,cruise,直连,17.549
T06,1363.663,cruise,直连,17.611
T06,1364.66,cruise,直连,17.674
T06,1365.658,cruise,直连,17.737
T06,1366.656,cruise,直连,17.8
T06,1367.653,cruise,直连,17.864
T06,1368.651,cruise,直连,17.929
T06,1369.649,cruise,直连,17.994
T06,1370.647,cruise,直连,18.059
T06,1371.644,cruise,直连,18.125
T06,1372.642,cruise,直连,18.191
T06,1373.64,cruise,直连,18.258
T06,1374.637,cruise,直连,18.326
T06,1375.635,cruise,直连,18.393
T06,1376.633,cruise,直连,18.462
T06,1377.63,cruise,直连,18.531
T06,1378.628,cruise,直连,18.6
T06,1379.626,cruise,直连,18.67
T06,1380.623,cruise,直连,18.741
T06,1381.621,cruise,直连,18.812
T06,1382.619,cruise,直连,18.884
T06,1383.616,cruise,直连,18.956
T06,1384.614,cruise,直连,19.029
T06,1385.612,cruise,直连,19.102
T06,1386.609,cruise,直连,19.176
T06,1387.607,cruise,直连,19.251
T06,1388.605,cruise,直连,19.326
T06,1389.602,cruise,直连,19.402
T06,1390.6,cruise,直连,19.479
T06,1391.598,cruise,直连,19.556
T06,1392.595,cruise,直连,19.634
T06,1393.593,cruise,直连,19.713
T06,1394.591,cruise,直连,19.792
T06,1395.588,cruise,直连,19.872
T06,1396.586,cruise,直连,19.953
T06,1397.584,cruise,直连,20.034
T06,1398.581,cruise,直连,20.116
T06,1399.579,cruise,直连,20.199
T06,1400.577,cruise,直连,20.283
T06,1401.574,cruise,直连,20.367
T06,1402.572,cruise,直连,20.452
T06,1403.57,cruise,直连,20.539
T06,1404.567,cruise,直连,20.625
T06,1405.565,cruise,直连,20.713
T06,1406.563,cruise,直连,20.802
T06,1407.56,cruise,直连,20.891
T06,1408.558,cruise,直连,20.981
T06,1409.556,cruise,直连,21.073
T06,1410.554,cruise,直连,21.165
T06,1411.551,cruise,直连,21.258
T06,1412.549,cruise,直连,21.352
T06,1413.547,cruise,直连,21.447
T06,1414.544,cruise,直连,21.543
T06,1415.542,cruise,直连,21.64
T06,1416.54,cruise,直连,21.738
T06,1417.537,cruise,直连,21.837
T06,1418.535,cruise,直连,21.937
T06,1419.533,cruise,直连,22.038
T06,1420.53,cruise,直连,22.141
T06,1421.528,cruise,直连,22.244
T06,1422.526,cruise,直连,22.349
T06,1423.523,cruise,直连,22.454
T06,1424.521,cruise,直连,22.561
T06,1425.519,cruise,直连,22.67
T06,1426.516,cruise,直连,22.779
T06,1427.514,cruise,直连,22.89
T06,1428.512,cruise,直连,23.002
T06,1429.509,cruise,直连,23.116
T06,1430.507,cruise,直连,23.23
T06,1431.505,cruise,直连,23.347
T06,1432.502,cruise,直连,23.464
T06,1433.5,cruise,直连,23.583
T06,1434.498,cruise,直连,23.704
T06,1435.495,cruise,直连,23.826
T06,1436.493,cruise,直连,23.95
T06,1437.491,cruise,直连,24.075
T06,1438.488,cruise,直连,24.202
T06,1439.486,cruise,直连,24.33
T06,1440.484,cruise,直连,24.461
T06,1441.481,cruise,直连,24.593
T06,1442.479,cruise,直连,24.726
T06,1443.477,cruise,直连,24.862
T06,1444.474,cruise,直连,24.999
T06,1445.472,cruise,直连,25.139
T06,1446.47,cruise,直连,25.28
T06,1447.467,cruise,直连,25.423
T06,1448.465,cruise,直连,25.568
T06,1449.463,cruise,直连,25.716
T06,1450.46,cruise,直连,25.865
T06,1451.458,cruise,直连,26.017
T06,1452.456,cruise,直连,26.17
T06,1453.454,cruise,直连,26.326
T06,1454.451,cruise,直连,26.484
T06,1455.449,cruise,直连,26.645
T06,1456.447,cruise,直连,26.808
T06,1457.444,cruise,直连,26.973
T06,1458.442,cruise,直连,27.141
T06,1459.44,cruise,直连,27.311
T06,1460.437,cruise,直连,27.483
T06,1461.435,cruise,直连,27.658
T06,1462.433,cruise,直连,27.836
T06,1463.43,cruise,直连,28.016
T06,1464.428,cruise,直连,28.199
T06,1465.426,cruise,直连,28.384
T06,1466.423,cruise,直连,28.572
T06,1467.421,cruise,直连,28.762
T06,1468.419,cruise,直连,28.955
T06,1469.416,cruise,直连,29.15
T06,1470.414,cruise,直连,29.347
T06,1471.412,cruise,直连,29.547
T06,1472.409,cruise,直连,29.748
T06,1473.407,cruise,直连,29.952
T06,1474.405,cruise,直连,30.158
T06,1475.402,cruise,直连,30.365
T06,1476.4,cruise,直连,30.573
T06,1477.398,cruise,直连,30.782
T06,1478.395,cruise,直连,30.992
T06,1479.393,cruise,直连,31.202
T06,1480.391,cruise,直连,31.411
T06,1481.388,cruise,直连,31.62
T06,1482.386,cruise,直连,31.827
T06,1483.384,cruise,直连,32.032
T06,1484.381,cruise,直连,32.233
T06,1485.379,cruise,直连,32.431
T06,1486.377,cruise,直连,32.623
T06,1487.374,cruise,直连,32.809
T06,1488.372,cruise,直连,32.987
T06,1489.37,cruise,直连,33.157
T06,1490.367,cruise,直连,33.316
T06,1491.365,cruise,直连,33.463
T06,1492.363,cruise,直连,33.598
T06,1493.36,cruise,直连,33.718
T06,1494.358,cruise,直连,33.822
T06,1495.356,cruise,直连,33.909
T06,1496.354,cruise,直连,33.978
T06,1497.351,cruise,直连,34.028
T06,1498.349,cruise,直连,34.059
T06,1499.347,cruise,直连,34.069
T06,1499.347,descent,直连,34.069
T06,1500.338,descent,直连,34.156
T06,1501.329,descent,直连,34.244
T06,1502.32,descent,直连,34.334
T06,1503.312,descent,直连,34.424
T06,1504.303,descent,直连,34.515
T06,1505.294,descent,直连,34.607
T06,1506.286,descent,直连,34.7
T06,1507.277,descent,直连,34.794
T06,1508.268,descent,直连,34.889
T06,1509.26,descent,直连,34.985
T06,1510.251,descent,直连,35.082
T06,1511.242,descent,直连,35.18
T06,1512.234,descent,直连,35.279
T06,1513.225,descent,直连,35.38
T06,1514.216,descent,直连,35.482
T06,1515.207,descent,直连,35.584
T06,1516.199,descent,直连,35.689
T06,1517.19,descent,直连,35.794
T06,1518.181,descent,直连,35.901
T06,1519.173,descent,直连,36.009
T06,1520.164,descent,直连,36.118
T06,1521.155,descent,直连,36.229
T06,1522.147,descent,直连,36.341
T06,1523.138,descent,直连,36.455
T06,1524.129,descent,直连,36.57
T06,1525.121,descent,直连,36.686
T06,1526.112,descent,直连,36.805
T06,1527.103,descent,直连,36.925
T06,1528.094,descent,直连,37.046
T06,1529.086,descent,直连,37.17
T06,1530.077,descent,直连,37.295
T06,1531.068,descent,直连,37.422
T06,1532.06,descent,直连,37.55
T06,1533.051,descent,直连,37.681
T06,1534.042,descent,直连,37.814
T06,1535.034,descent,直连,37.949
T06,1536.025,descent,直连,38.086
T06,1537.016,descent,直连,38.225
T06,1538.008,descent,直连,38.366
T06,1538.999,descent,直连,38.51
T06,1539.99,descent,直连,38.656
T06,1540.981,descent,直连,38.805
T06,1541.973,descent,直连,38.956
T06,1542.964,descent,直连,39.11
T06,1543.955,descent,直连,39.267
T06,1544.947,descent,直连,39.426
T06,1545.938,descent,直连,39.589
T06,1546.929,descent,直连,39.754
T06,1547.921,descent,直连,39.923
T06,1548.912,descent,直连,40.096
T06,1549.903,descent,直连,40.271
T06,1550.895,descent,直连,40.451
T06,1551.886,descent,直连,40.634
T06,1552.877,descent,直连,40.821
T06,1553.868,descent,直连,41.012
T06,1554.86,descent,直连,41.208
T06,1555.851,descent,直连,41.408
T06,1556.842,descent,直连,41.612
T06,1557.834,descent,直连,41.822
T06,1558.825,descent,直连,42.037
T06,1559.816,descent,直连,42.257
T06,1560.808,descent,直连,42.483
T06,1561.799,descent,直连,42.715
T06,1562.79,descent,直连,42.954
T06,1563.782,descent,直连,43.199
T06,1564.773,descent,直连,43.451
T06,1565.764,descent,直连,43.711
T06,1566.756,descent,直连,43.979
T06,1567.747,descent,直连,44.255
T06,1568.738,descent,直连,44.541
T06,1569.729,descent,直连,44.836
T06,1570.721,descent,直连,45.141
T06,1571.712,descent,直连,45.458
T06,1572.703,descent,直连,45.787
T06,1573.695,descent,直连,46.128
T06,1574.686,descent,直连,46.484
T06,1575.677,descent,直连,46.855
T06,1576.669,descent,直连,47.242
T06,1577.66,descent,直连,47.647
T06,1578.651,descent,直连,48.073
T06,1579.643,descent,直连,48.52
T06,1580.634,descent,直连,48.991
T06,1581.625,descent,直连,49.49
T06,1582.616,descent,直连,50.019
T06,1583.608,descent,直连,50.582
T06,1584.599,descent,直连,51.184
T06,1585.59,descent,直连,51.831
T06,1586.582,descent,直连,52.53
T06,1587.573,descent,直连,53.291
T06,1588.564,descent,直连,54.124
T06,1589.556,descent,直连,55.046
T06,1590.547,descent,直连,56.077
T06,1591.538,descent,直连,57.248
T06,1592.53,descent,直连,58.602
T06,1593.521,descent,直连,60.206
T06,1594.512,descent,直连,62.175
T06,1595.503,descent,直连,64.726
T06,1596.495,descent,直连,68.352
T06,1597.486,descent,直连,74.694
T06,1598.477,descent,直连,97.143
T06,1599.469,descent,直连,73.474
T06,1600.46,descent,直连,67.743
T06,1601.451,descent,直连,64.32
T06,1602.443,descent,直连,61.871
T06,1603.434,descent,直连,59.962
T06,1604.425,descent,直连,58.399
T06,1605.417,descent,直连,57.074
T06,1606.408,descent,直连,45.925
T07,390.0,climb,直连,45.925
T07,390.999,climb,直连,57.335
T07,391.998,climb,直连,59.019
T07,392.996,climb,直连,61.109
T07,393.995,climb,直连,63.868
T07,394.994,climb,直连,67.935
T07,395.993,climb,直连,75.831
T07,396.992,climb,直连,82.17
T07,397.99,climb,直连,69.968
T07,398.989,climb,直连,65.085
T07,399.988,climb,直连,61.977
T07,400.987,climb,直连,59.694
T07,401.985,climb,直连,57.887
T07,402.984,climb,直连,56.392
T07,403.983,climb,直连,55.117
T07,404.982,climb,直连,54.006
T07,405.981,climb,直连,53.021
T07,406.979,climb,直连,52.136
T07,407.978,climb,直连,51.333
T07,408.977,climb,直连,50.598
T07,409.976,climb,直连,49.92
T07,410.975,climb,直连,49.292
T07,411.973,climb,直连,48.706
T07,412.972,climb,直连,48.157
T07,413.971,climb,直连,47.64
T07,414.97,climb,直连,47.153
T07,415.968,climb,直连,46.691
T07,416.967,climb,直连,46.253
T07,417.966,climb,直连,45.836
T07,418.965,climb,直连,45.438
T07,419.964,climb,直连,45.057
T07,420.962,climb,直连,44.693
T07,421.961,climb,直连,44.343
T07,422.96,climb,直连,44.006
T07,423.959,climb,直连,43.683
T07,424.958,climb,直连,43.37
T07,425.956,climb,直连,43.069
T07,426.955,climb,直连,42.778
T07,427.954,climb,直连,42.496
T07,428.953,climb,直连,42.223
T07,429.951,climb,直连,41.958
T07,430.95,climb,直连,41.702
T07,431.949,climb,直连,41.452
T07,432.948,climb,直连,41.21
T07,433.947,climb,直连,40.974
T07,434.945,climb,直连,40.744
T07,435.944,climb,直连,40.52
T07,436.943,climb,直连,40.302
T07,437.942,climb,直连,40.09
T07,438.941,climb,直连,39.882
T07,439.939,climb,直连,39.679
T07,440.938,climb,直连,39.481
T07,441.937,climb,直连,39.287
T07,442.936,climb,直连,39.098
T07,443.934,climb,直连,38.912
T07,444.933,climb,直连,38.73
T07,445.932,climb,直连,38.553
T07,446.931,climb,直连,38.378
T07,447.93,climb,直连,38.207
T07,448.928,climb,直连,38.04
T07,449.927,climb,直连,37.875
T07,450.926,climb,直连,37.714
T07,451.925,climb,直连,37.555
T07,452.924,climb,直连,37.4
T07,453.922,climb,直连,37.247
T07,454.921,climb,直连,37.097
T07,455.92,climb,直连,36.949
T07,456.919,climb,直连,36.804
T07,457.917,climb,直连,36.661
T07,458.916,climb,直连,36.521
T07,459.915,climb,直连,36.382
T07,460.914,climb,直连,36.246
T07,461.913,climb,直连,36.112
T07,462.911,climb,直连,35.98
T07,463.91,climb,直连,35.85
T07,464.909,climb,直连,35.722
T07,465.908,climb,直连,35.596
T07,466.907,climb,直连,35.472
T07,467.905,climb,直连,35.349
T07,468.904,climb,直连,35.228
T07,469.903,climb,直连,35.109
T07,470.902,climb,直连,34.991
T07,471.9,climb,直连,34.875
T07,472.899,climb,直连,34.761
T07,473.898,climb,直连,34.647
T07,474.897,climb,直连,34.536
T07,475.896,climb,直连,34.426
T07,476.894,climb,直连,34.317
T07,477.893,climb,直连,34.209
T07,478.892,climb,直连,34.103
T07,479.891,climb,直连,33.998
T07,480.89,climb,直连,33.895
T07,481.888,climb,直连,33.792
T07,482.887,climb,直连,33.691
T07,483.886,climb,直连,33.591
T07,484.885,climb,直连,33.492
T07,485.883,climb,直连,33.394
T07,486.882,climb,直连,33.298
T07,487.881,climb,直连,33.202
T07,488.88,climb,直连,33.107
T07,489.879,climb,直连,33.014
T07,490.877,climb,直连,32.921
T07,491.876,climb,直连,32.83
T07,492.875,climb,直连,32.739
T07,493.874,climb,直连,32.649
T07,494.873,climb,直连,32.561
T07,495.871,climb,直连,32.473
T07,496.87,climb,直连,32.386
T07,497.869,climb,直连,32.3
T07,498.868,climb,直连,32.214
T07,499.867,climb,直连,32.13
T07,500.865,climb,直连,32.046
T07,501.864,climb,直连,31.963
T07,502.863,climb,直连,31.881
T07,503.862,climb,直连,31.8
T07,504.86,climb,直连,31.719
T07,505.859,climb,直连,31.639
T07,506.858,climb,直连,31.56
T07,507.857,climb,直连,31.482
T07,508.856,climb,直连,31.404
T07,509.854,climb,直连,31.327
T07,510.853,climb,直连,31.251
T07,511.852,climb,直连,31.175
T07,512.851,climb,直连,31.1
T07,513.85,climb,直连,31.026
T07,514.848,climb,直连,30.952
T07,515.847,climb,直连,30.879
T07,516.846,climb,直连,30.807
T07,517.845,climb,直连,30.735
T07,518.843,climb,直连,30.664
T07,519.842,climb,直连,30.593
T07,520.841,climb,直连,30.523
T07,521.84,climb,直连,30.453
T07,522.839,climb,直连,30.384
T07,523.837,climb,直连,30.316
T07,524.836,climb,直连,30.248
T07,525.835,climb,直连,30.18
T07,526.834,climb,直连,30.113
T07,527.833,climb,直连,30.047
T07,528.831,climb,直连,29.981
T07,529.83,climb,直连,29.916
T07,530.829,climb,直连,29.851
T07,531.828,climb,直连,29.786
T07,532.826,climb,直连,29.722
T07,533.825,climb,直连,29.659
T07,534.824,climb,直连,29.596
T07,535.823,climb,直连,29.533
T07,536.822,climb,直连,29.471
T07,537.82,climb,直连,29.41
T07,538.819,climb,直连,29.348
T07,539.818,climb,直连,29.287
T07,540.817,climb,直连,29.227
T07,541.816,climb,直连,29.167
T07,542.814,climb,直连,29.108
T07,542.814,cruise,直连,29.108
T07,543.812,cruise,直连,29.102
T07,544.81,cruise,直连,29.087
T07,545.808,cruise,直连,29.062
T07,546.806,cruise,直连,29.027
T07,547.804,cruise,直连,28.983
T07,548.801,cruise,直连,28.929
T07,549.799,cruise,直连,28.866
T07,550.797,cruise,直连,28.795
T07,551.795,cruise,直连,28.716
T07,552.793,cruise,直连,28.629
T07,553.791,cruise,直连,28.534
T07,554.788,cruise,直连,28.433
T07,555.786,cruise,直连,28.326
T07,556.784,cruise,直连,28.214
T07,557.782,cruise,直连,28.096
T07,558.78,cruise,直连,27.973
T07,559.778,cruise,直连,27.846
T07,560.775,cruise,直连,27.716
T07,561.773,cruise,直连,27.582
T07,562.771,cruise,直连,27.445
T07,563.769,cruise,直连,27.306
T07,564.767,cruise,直连,27.164
T07,565.765,cruise,直连,27.021
T07,566.762,cruise,直连,26.876
T07,567.76,cruise,直连,26.73
T07,568.758,cruise,直连,26.583
T07,569.756,cruise,直连,26.436
T07,570.754,cruise,直连,26.288
T07,571.752,cruise,直连,26.14
T07,572.749,cruise,直连,25.991
T07,573.747,cruise,直连,25.843
T07,574.745,cruise,直连,25.695
T07,575.743,cruise,直连,25.548
T07,576.741,cruise,直连,25.401
T07,577.739,cruise,直连,25.254
T07,578.736,cruise,直连,25.109
T07,579.734,cruise,直连,24.964
T07,580.732,cruise,直连,24.82
T07,581.73,cruise,直连,24.677
T07,582.728,cruise,直连,24.535
T07,583.726,cruise,直连,24.395
T07,584.723,cruise,直连,24.255
T07,585.721,cruise,直连,24.116
T07,586.719,cruise,直连,23.979
T07,587.717,cruise,直连,23.843
T07,588.715,cruise,直连,23.708
T07,589.713,cruise,直连,23.574
T07,590.711,cruise,直连,23.442
T07,591.708,cruise,直连,23.31
T07,592.706,cruise,直连,23.18
T07,593.704,cruise,直连,23.052
T07,594.702,cruise,直连,22.924
T07,595.7,cruise,直连,22.798
T07,596.698,cruise,直连,22.673
T07,597.695,cruise,直连,22.549
T07,598.693,cruise,直连,22.427
T07,599.691,cruise,直连,22.306
T07,600.689,cruise,直连,22.186
T07,601.687,cruise,直连,22.067
T07,602.685,cruise,直连,21.95
T07,603.682,cruise,直连,21.833
T07,604.68,cruise,直连,21.718
T07,605.678,cruise,直连,21.604
T07,606.676,cruise,直连,21.491
T07,607.674,cruise,直连,21.38
T07,608.672,cruise,直连,21.269
T07,609.669,cruise,直连,21.16
T07,610.667,cruise,直连,21.052
T07,611.665,cruise,直连,20.944
T07,612.663,cruise,直连,20.838
T07,613.661,cruise,直连,20.733
T07,614.659,cruise,直连,20.629
T07,615.656,cruise,直连,20.526
T07,616.654,cruise,直连,20.424
T07,617.652,cruise,直连,20.323
T07,618.65,cruise,直连,20.223
T07,619.648,cruise,直连,20.124
T07,620.646,cruise,直连,20.026
T07,621.643,cruise,直连,19.929
T07,622.641,cruise,直连,19.833
T07,623.639,cruise,直连,19.737
T07,624.637,cruise,直连,19.643
T07,625.635,cruise,直连,19.55
T07,626.633,cruise,直连,19.457
T07,627.631,cruise,直连,19.365
T07,628.628,cruise,直连,19.274
T07,629.626,cruise,直连,19.184
T07,630.624,cruise,直连,19.095
T07,631.622,cruise,直连,19.006
T07,632.62,cruise,直连,18.919
T07,633.618,cruise,直连,18.832
T07,634.615,cruise,直连,18.746
T07,635.613,cruise,直连,18.66
T07,636.611,cruise,直连,18.576
T07,637.609,cruise,直连,18.492
T07,638.607,cruise,直连,18.409
T07,639.605,cruise,直连,18.326
T07,640.602,cruise,直连,18.245
T07,641.6,cruise,直连,18.164
T07,642.598,cruise,直连,18.083
T07,643.596,cruise,直连,18.004
T07,644.594,cruise,直连,17.925
T07,645.592,cruise,直连,17.846
T07,646.589,cruise,直连,17.769
T07,647.587,cruise,直连,17.692
T07,648.585,cruise,直连,17.615
T07,649.583,cruise,直连,17.539
T07,650.581,cruise,直连,17.464
T07,651.579,cruise,直连,17.389
T07,652.576,cruise,直连,17.315
T07,653.574,cruise,直连,17.242
T07,654.572,cruise,直连,17.169
T07,655.57,cruise,直连,17.097
T07,656.568,cruise,直连,17.025
T07,657.566,cruise,直连,16.954
T07,658.563,cruise,直连,16.883
T07,659.561,cruise,直连,16.813
T07,660.559,cruise,直连,16.743
T07,661.557,cruise,直连,16.674
T07,662.555,cruise,直连,16.606
T07,663.553,cruise,直连,16.538
T07,664.551,cruise,直连,16.47
T07,665.548,cruise,直连,16.403
T07,666.546,cruise,直连,16.337
T07,667.544,cruise,直连,16.27
T07,668.542,cruise,直连,16.205
T07,669.54,cruise,直连,16.14
T07,670.538,cruise,直连,16.075
T07,671.535,cruise,直连,16.011
T07,672.533,cruise,直连,15.947
T07,673.531,cruise,直连,15.883
T07,674.529,cruise,直连,15.821
T07,675.527,cruise,直连,15.758
T07,676.525,cruise,直连,15.696
T07,677.522,cruise,直连,15.634
T07,678.52,cruise,直连,15.573
T07,679.518,cruise,直连,15.512
T07,680.516,cruise,直连,15.452
T07,681.514,cruise,直连,15.392
T07,682.512,cruise,直连,15.332
T07,683.509,cruise,直连,15.273
T07,684.507,cruise,直连,15.214
T07,685.505,cruise,直连,15.156
T07,686.503,cruise,直连,15.097
T07,687.501,cruise,直连,15.04
T07,688.499,cruise,直连,14.982
T07,689.496,cruise,直连,14.925
T07,690.494,cruise,直连,14.869
T07,691.492,cruise,直连,14.812
T07,692.49,cruise,直连,14.756
T07,693.488,cruise,直连,14.701
T07,694.486,cruise,直连,14.645
T07,695.483,cruise,直连,14.591
T07,696.481,cruise,直连,14.536
T07,697.479,cruise,直连,14.482
T07,698.477,cruise,直连,14.428
T07,699.475,cruise,直连,14.374
T07,700.473,cruise,直连,14.321
T07,701.47,cruise,直连,14.268
T07,702.468,cruise,直连,14.215
T07,703.466,cruise,直连,14.163
T07,704.464,cruise,直连,14.111
T07,705.462,cruise,直连,14.059
T07,706.46,cruise,直连,14.007
T07,707.458,cruise,直连,13.956
T07,708.455,cruise,直连,13.905
T07,709.453,cruise,直连,13.855
T07,710.451,cruise,直连,13.804
T07,711.449,cruise,直连,13.754
T07,712.447,cruise,直连,13.705
T07,713.445,cruise,直连,13.655
T07,714.442,cruise,直连,13.606
T07,715.44,cruise,直连,13.557
T07,716.438,cruise,直连,13.508
T07,717.436,cruise,直连,13.46
T07,718.434,cruise,直连,13.412
T07,719.432,cruise,直连,13.364
T07,720.429,cruise,直连,13.316
T07,721.427,cruise,直连,13.269
T07,722.425,cruise,直连,13.222
T07,723.423,cruise,直连,13.175
T07,724.421,cruise,直连,13.128
T07,725.419,cruise,直连,13.082
T07,726.416,cruise,直连,13.036
T07,727.414,cruise,直连,12.99
T07,728.412,cruise,直连,12.944
T07,729.41,cruise,直连,12.899
T07,730.408,cruise,直连,12.853
T07,731.406,cruise,直连,12.808
T07,732.403,cruise,直连,12.764
T07,733.401,cruise,直连,12.719
T07,734.399,cruise,直连,12.675
T07,735.397,cruise,直连,12.631
T07,736.395,cruise,直连,12.587
T07,737.393,cruise,直连,12.543
T07,738.39,cruise,直连,12.5
T07,739.388,cruise,直连,12.456
T07,740.386,cruise,直连,12.413
T07,741.384,cruise,直连,12.371
T07,742.382,cruise,直连,12.328
T07,743.38,cruise,直连,12.285
T07,744.378,cruise,直连,12.243
T07,745.375,cruise,直连,12.201
T07,746.373,cruise,直连,12.159
T07,747.371,cruise,直连,12.118
T07,748.369,cruise,直连,12.076
T07,749.367,cruise,直连,12.035
T07,750.365,cruise,直连,11.994
T07,751.362,cruise,直连,11.953
T07,752.36,cruise,直连,11.913
T07,753.358,cruise,直连,11.872
T07,754.356,cruise,直连,11.832
T07,755.354,cruise,直连,11.792
T07,756.352,cruise,直连,11.752
T07,757.349,cruise,直连,1.712
T07,758.347,cruise,直连,1.672
T07,759.345,cruise,直连,1.633
T07,760.343,cruise,直连,1.594
T07,761.341,cruise,直连,1.555
T07,762.339,cruise,直连,1.516
T07,763.336,cruise,直连,1.477
T07,764.334,cruise,直连,1.439
T07,765.332,cruise,直连,1.4
T07,766.33,cruise,直连,1.362
T07,767.328,cruise,直连,1.324
T07,768.326,cruise,直连,1.286
T07,769.323,cruise,直连,1.248
T07,770.321,cruise,直连,1.211
T07,771.319,cruise,直连,1.173
T07,772.317,cruise,直连,1.136
T07,773.315,cruise,直连,1.099
T07,774.313,cruise,直连,1.062
T07,775.31,cruise,直连,1.025
T07,776.308,cruise,直连,0.989
T07,777.306,cruise,直连,0.952
T07,778.304,cruise,直连,0.916
T07,779.302,cruise,直连,0.88
T07,780.3,cruise,直连,0.844
T07,781.298,cruise,直连,0.808
T07,782.295,cruise,直连,0.772
T07,783.293,cruise,直连,0.737
T07,784.291,cruise,直连,0.701
T07,785.289,cruise,直连,0.666
T07,786.287,cruise,直连,0.631
T07,787.285,cruise,直连,0.596
T07,788.282,cruise,直连,0.561
T07,789.28,cruise,直连,0.526
T07,790.278,cruise,直连,0.491
T07,791.276,cruise,直连,0.457
T07,792.274,cruise,直连,0.423
T07,793.272,cruise,直连,0.388
T07,794.269,cruise,直连,0.354
T07,795.267,cruise,直连,0.32
T07,796.265,cruise,直连,0.287
T07,797.263,cruise,直连,0.253
T07,798.261,cruise,直连,0.219
T07,799.259,cruise,直连,0.186
T07,800.256,cruise,直连,0.153
T07,801.254,cruise,直连,0.119
T07,802.252,cruise,直连,0.086
T07,803.25,cruise,直连,0.053
T07,804.248,cruise,直连,0.021
T07,805.246,cruise,中继,2.306
T07,806.243,cruise,中继,2.306
T07,807.241,cruise,中继,2.306
T07,808.239,cruise,中继,2.306
T07,809.237,cruise,中继,2.306
T07,810.235,cruise,中继,2.306
T07,811.233,cruise,中继,2.306
T07,812.23,cruise,中继,2.306
T07,813.228,cruise,中继,2.306
T07,814.226,cruise,中继,2.306
T07,815.224,cruise,中继,2.306
T07,816.222,cruise,中继,2.306
T07,817.22,cruise,中继,2.306
T07,818.218,cruise,中继,2.306
T07,819.215,cruise,中继,2.306
T07,820.213,cruise,中继,2.306
T07,821.211,cruise,中继,2.306
T07,822.209,cruise,中继,2.306
T07,823.207,cruise,中继,2.306
T07,824.205,cruise,中继,2.306
T07,825.202,cruise,中继,2.306
T07,826.2,cruise,中继,2.306
T07,827.198,cruise,中继,2.306
T07,828.196,cruise,中继,2.306
T07,829.194,cruise,中继,2.306
T07,830.192,cruise,中继,2.306
T07,831.189,cruise,中继,2.306
T07,832.187,cruise,中继,2.306
T07,833.185,cruise,中继,2.306
T07,834.183,cruise,中继,2.306
T07,835.181,cruise,中继,2.306
T07,836.179,cruise,中继,2.306
T07,837.176,cruise,中继,2.306
T07,838.174,cruise,中继,2.306
T07,839.172,cruise,中继,2.306
T07,840.17,cruise,中继,2.306
T07,841.168,cruise,中继,2.306
T07,842.166,cruise,中继,2.306
T07,843.163,cruise,中继,2.306
T07,844.161,cruise,中继,2.306
T07,845.159,cruise,中继,2.306
T07,846.157,cruise,中继,2.306
T07,847.155,cruise,中继,2.306
T07,848.153,cruise,中继,2.306
T07,849.15,cruise,中继,2.306
T07,850.148,cruise,中继,2.306
T07,851.146,cruise,中继,2.306
T07,852.144,cruise,中继,2.306
T07,853.142,cruise,中继,2.306
T07,854.14,cruise,中继,2.306
T07,855.137,cruise,中继,2.306
T07,856.135,cruise,中继,2.306
T07,857.133,cruise,中继,2.306
T07,858.131,cruise,中继,2.306
T07,859.129,cruise,中继,2.306
T07,860.127,cruise,中继,2.306
T07,861.125,cruise,中继,2.306
T07,862.122,cruise,中继,2.306
T07,863.12,cruise,中继,2.306
T07,864.118,cruise,中继,2.306
T07,865.116,cruise,中继,2.306
T07,866.114,cruise,中继,2.306
T07,867.112,cruise,中继,2.306
T07,868.109,cruise,中继,2.306
T07,869.107,cruise,中继,2.306
T07,870.105,cruise,中继,2.306
T07,871.103,cruise,中继,2.306
T07,872.101,cruise,中继,2.306
T07,873.099,cruise,中继,2.306
T07,874.096,cruise,中继,2.306
T07,875.094,cruise,中继,2.306
T07,876.092,cruise,中继,2.306
T07,877.09,cruise,中继,2.306
T07,878.088,cruise,中继,2.306
T07,879.086,cruise,中继,2.306
T07,880.083,cruise,中继,2.306
T07,881.081,cruise,中继,2.306
T07,882.079,cruise,中继,2.306
T07,883.077,cruise,中继,2.306
T07,884.075,cruise,中继,2.306
T07,885.073,cruise,中继,2.306
T07,886.07,cruise,中继,2.306
T07,887.068,cruise,中继,2.306
T07,888.066,cruise,中继,2.306
T07,889.064,cruise,中继,2.306
T07,890.062,cruise,中继,2.306
T07,891.06,cruise,中继,2.306
T07,892.057,cruise,中继,2.306
T07,893.055,cruise,中继,2.306
T07,894.053,cruise,中继,2.306
T07,895.051,cruise,中继,2.306
T07,896.049,cruise,中继,2.306
T07,897.047,cruise,中继,2.306
T07,898.045,cruise,中继,2.306
T07,899.042,cruise,中继,2.306
T07,900.04,cruise,中继,2.306
T07,901.038,cruise,中继,2.306
T07,902.036,cruise,中继,2.306
T07,903.034,cruise,中继,2.306
T07,904.032,cruise,中继,2.306
T07,904.032,descent,中继,2.306
T07,905.022,descent,中继,2.306
T07,906.012,descent,中继,2.306
T07,907.002,descent,中继,2.306
T07,907.992,descent,中继,2.306
T07,908.982,descent,中继,2.306
T07,909.972,descent,中继,2.306
T07,910.962,descent,中继,2.306
T07,911.952,descent,中继,2.306
T07,912.942,descent,中继,2.306
T07,913.932,descent,中继,2.306
T07,914.922,descent,中继,2.306
T07,915.912,descent,中继,2.306
T07,916.903,descent,中继,2.306
T07,917.893,descent,中继,2.306
T07,918.883,descent,中继,2.306
T07,919.873,descent,中继,2.306
T07,920.863,descent,中继,2.306
T07,921.853,descent,中继,2.306
T07,922.843,descent,中继,2.306
T07,923.833,descent,中继,2.306
T07,924.823,descent,中继,2.306
T07,925.813,descent,中继,2.306
T07,926.803,descent,中继,2.306
T07,927.793,descent,中继,2.306
T07,928.783,descent,中继,2.306
T07,929.774,descent,中继,2.306
T07,930.764,descent,中继,2.306
T07,931.754,descent,中继,2.306
T07,932.744,descent,中继,2.306
T07,933.734,descent,中继,2.306
T07,934.724,descent,中继,2.306
T07,935.714,descent,中继,2.306
T07,936.704,descent,中继,2.306
T07,937.694,descent,中继,2.306
T07,938.684,descent,中继,2.306
T07,939.674,descent,中继,2.306
T07,940.664,descent,中继,2.306
T07,941.654,descent,中继,2.306
T07,942.644,descent,中继,2.306
T07,943.635,descent,中继,2.306
T07,944.625,descent,中继,2.306
T07,945.615,descent,中继,2.306
T07,946.605,descent,中继,2.306
T07,947.595,descent,中继,2.306
T07,948.585,descent,中继,2.306
T07,949.575,descent,中继,2.306
T07,950.565,descent,中继,2.306
T07,951.555,descent,中继,2.306
T07,952.545,descent,中继,2.306
T07,953.535,descent,中继,2.306
T07,954.525,descent,中继,2.306
T07,955.515,descent,中继,2.306
T07,956.506,descent,中继,2.306
T07,957.496,descent,中继,2.306
T07,958.486,descent,中继,2.306
T07,959.476,descent,中继,2.306
T07,960.466,descent,中继,2.306
T07,961.456,descent,中继,2.306
T07,962.446,descent,中继,2.306
T07,963.436,descent,中继,2.306
T07,964.426,descent,中继,2.306
T07,965.416,descent,中继,2.306
T07,966.406,descent,中继,2.306
T07,967.396,descent,中继,2.306
T07,968.386,descent,中继,2.306
T07,969.377,descent,中继,2.306
T07,970.367,descent,中继,2.306
T07,971.357,descent,中继,2.306
T07,972.347,descent,中继,2.306
T07,973.337,descent,中继,2.306
T07,974.327,descent,中继,2.306
T07,975.317,descent,中继,2.306
T07,976.307,descent,中继,2.306
T07,977.297,descent,中继,2.306
T07,978.287,descent,中继,2.306
T07,979.277,descent,中继,2.306
T07,980.267,descent,中继,2.306
T07,981.257,descent,中继,2.306
T07,982.248,descent,中继,2.306
T07,983.238,descent,中继,2.306
T07,984.228,descent,中继,2.306
T07,985.218,descent,中继,2.306
T07,986.208,descent,中继,2.306
T07,987.198,descent,中继,2.306
T07,988.188,descent,中继,2.306
T07,989.178,descent,中继,2.306
T07,990.168,descent,中继,2.306
T07,991.158,descent,中继,2.306
T07,992.148,descent,中继,2.306
T07,993.138,descent,中继,2.306
T07,994.128,descent,中继,2.306
T07,995.118,descent,中继,2.306
T07,996.109,descent,中继,2.306
T07,997.099,descent,中继,2.306
T07,998.089,descent,中继,0.965
T07,998.089,handover,中继,0.965
T07,1238.089,handover,中继,0.965
T07,1238.089,climb,中继,0.965
T07,1239.081,climb,中继,2.306
T07,1240.073,climb,中继,2.306
T07,1241.065,climb,中继,2.306
T07,1242.057,climb,中继,2.306
T07,1243.05,climb,中继,2.306
T07,1244.042,climb,中继,2.306
T07,1245.034,climb,中继,2.306
T07,1246.026,climb,中继,2.306
T07,1247.018,climb,中继,2.306
T07,1248.01,climb,中继,2.306
T07,1249.003,climb,中继,2.306
T07,1249.995,climb,中继,2.306
T07,1250.987,climb,中继,2.306
T07,1251.979,climb,中继,2.306
T07,1252.971,climb,中继,2.306
T07,1253.963,climb,中继,2.306
T07,1254.956,climb,中继,2.306
T07,1255.948,climb,中继,2.306
T07,1256.94,climb,中继,2.306
T07,1257.932,climb,中继,2.306
T07,1258.924,climb,中继,2.306
T07,1259.916,climb,中继,2.306
T07,1260.908,climb,中继,2.306
T07,1261.901,climb,中继,2.306
T07,1262.893,climb,中继,2.306
T07,1263.885,climb,中继,2.306
T07,1264.877,climb,中继,2.306
T07,1265.869,climb,中继,2.306
T07,1266.861,climb,中继,2.306
T07,1267.854,climb,中继,2.306
T07,1268.846,climb,中继,2.306
T07,1269.838,climb,中继,2.306
T07,1270.83,climb,中继,2.306
T07,1271.822,climb,中继,2.306
T07,1272.814,climb,中继,2.306
T07,1273.807,climb,中继,2.306
T07,1274.799,climb,中继,2.306
T07,1275.791,climb,中继,2.306
T07,1276.783,climb,中继,2.306
T07,1277.775,climb,中继,2.306
T07,1278.767,climb,中继,2.306
T07,1279.76,climb,中继,2.306
T07,1280.752,climb,中继,2.306
T07,1281.744,climb,中继,2.306
T07,1282.736,climb,中继,2.306
T07,1283.728,climb,中继,2.306
T07,1284.72,climb,中继,2.306
T07,1285.713,climb,中继,2.306
T07,1286.705,climb,中继,2.306
T07,1287.697,climb,中继,2.306
T07,1288.689,climb,中继,2.306
T07,1289.681,climb,中继,2.306
T07,1290.673,climb,中继,2.306
T07,1291.666,climb,中继,2.306
T07,1292.658,climb,中继,2.306
T07,1293.65,climb,中继,2.306
T07,1294.642,climb,中继,2.306
T07,1295.634,climb,中继,2.306
T07,1296.626,climb,中继,2.306
T07,1297.619,climb,中继,2.306
T07,1298.611,climb,中继,2.306
T07,1299.603,climb,中继,2.306
T07,1300.595,climb,中继,2.306
T07,1301.587,climb,中继,2.306
T07,1302.579,climb,中继,2.306
T07,1303.572,climb,中继,2.306
T07,1304.564,climb,中继,2.306
T07,1305.556,climb,中继,2.306
T07,1306.548,climb,中继,2.306
T07,1307.54,climb,中继,2.306
T07,1308.532,climb,中继,2.306
T07,1309.525,climb,中继,2.306
T07,1310.517,climb,中继,2.306
T07,1311.509,climb,中继,2.306
T07,1312.501,climb,中继,2.306
T07,1313.493,climb,中继,2.306
T07,1314.485,climb,中继,2.306
T07,1315.478,climb,中继,2.306
T07,1316.47,climb,中继,2.306
T07,1316.47,cruise,中继,2.306
T07,1317.468,cruise,中继,2.306
T07,1318.465,cruise,中继,2.306
T07,1319.463,cruise,中继,2.306
T07,1320.461,cruise,中继,2.306
T07,1321.459,cruise,中继,2.306
T07,1322.457,cruise,中继,2.306
T07,1323.455,cruise,中继,2.306
T07,1324.452,cruise,中继,2.306
T07,1325.45,cruise,中继,2.306
T07,1326.448,cruise,中继,2.306
T07,1327.446,cruise,中继,2.306
T07,1328.444,cruise,中继,2.306
T07,1329.442,cruise,中继,2.306
T07,1330.439,cruise,中继,2.306
T07,1331.437,cruise,中继,2.306
T07,1332.435,cruise,中继,2.306
T07,1333.433,cruise,中继,2.306
T07,1334.431,cruise,中继,2.306
T07,1335.429,cruise,中继,2.306
T07,1336.426,cruise,中继,2.306
T07,1337.424,cruise,中继,2.306
T07,1338.422,cruise,中继,2.306
T07,1339.42,cruise,中继,2.306
T07,1340.418,cruise,中继,2.306
T07,1341.416,cruise,中继,2.306
T07,1342.413,cruise,中继,2.306
T07,1343.411,cruise,中继,2.306
T07,1344.409,cruise,中继,2.306
T07,1345.407,cruise,中继,2.306
T07,1346.405,cruise,中继,2.306
T07,1347.403,cruise,中继,2.306
T07,1348.4,cruise,中继,2.306
T07,1349.398,cruise,中继,2.306
T07,1350.396,cruise,中继,2.306
T07,1351.394,cruise,中继,2.306
T07,1352.392,cruise,中继,2.306
T07,1353.39,cruise,中继,2.306
T07,1354.388,cruise,中继,2.306
T07,1355.385,cruise,中继,2.306
T07,1356.383,cruise,中继,2.306
T07,1357.381,cruise,中继,2.306
T07,1358.379,cruise,中继,2.306
T07,1359.377,cruise,中继,2.306
T07,1360.375,cruise,中继,2.306
T07,1361.372,cruise,中继,2.306
T07,1362.37,cruise,中继,2.306
T07,1363.368,cruise,中继,2.306
T07,1364.366,cruise,中继,2.306
T07,1365.364,cruise,中继,2.306
T07,1366.362,cruise,中继,2.306
T07,1367.359,cruise,中继,2.306
T07,1368.357,cruise,中继,2.306
T07,1369.355,cruise,中继,2.306
T07,1370.353,cruise,中继,2.306
T07,1371.351,cruise,中继,2.306
T07,1372.349,cruise,中继,2.306
T07,1373.346,cruise,中继,2.306
T07,1374.344,cruise,中继,2.306
T07,1375.342,cruise,中继,2.306
T07,1376.34,cruise,中继,2.306
T07,1377.338,cruise,中继,2.306
T07,1378.336,cruise,中继,2.306
T07,1379.333,cruise,中继,2.306
T07,1380.331,cruise,中继,2.306
T07,1381.329,cruise,中继,2.306
T07,1382.327,cruise,中继,2.306
T07,1383.325,cruise,中继,2.306
T07,1384.323,cruise,中继,2.306
T07,1385.32,cruise,中继,2.306
T07,1386.318,cruise,中继,2.306
T07,1387.316,cruise,中继,2.306
T07,1388.314,cruise,中继,2.306
T07,1389.312,cruise,中继,2.306
T07,1390.31,cruise,中继,2.306
T07,1391.308,cruise,中继,2.306
T07,1392.305,cruise,中继,2.306
T07,1393.303,cruise,中继,2.306
T07,1394.301,cruise,中继,2.306
T07,1395.299,cruise,中继,2.306
T07,1396.297,cruise,中继,2.306
T07,1397.295,cruise,中继,2.306
T07,1398.292,cruise,中继,2.306
T07,1399.29,cruise,中继,2.306
T07,1400.288,cruise,中继,2.306
T07,1401.286,cruise,中继,2.306
T07,1402.284,cruise,中继,2.306
T07,1403.282,cruise,中继,2.306
T07,1404.279,cruise,中继,2.306
T07,1405.277,cruise,中继,2.306
T07,1406.275,cruise,中继,2.306
T07,1407.273,cruise,中继,2.306
T07,1408.271,cruise,中继,2.306
T07,1409.269,cruise,中继,2.306
T07,1410.266,cruise,中继,2.306
T07,1411.264,cruise,中继,2.306
T07,1412.262,cruise,中继,2.306
T07,1413.26,cruise,中继,2.306
T07,1414.258,cruise,中继,2.306
T07,1415.256,cruise,中继,2.306
T07,1416.253,cruise,直连,0.021
T07,1417.251,cruise,直连,0.053
T07,1418.249,cruise,直连,0.086
T07,1419.247,cruise,直连,0.119
T07,1420.245,cruise,直连,0.153
T07,1421.243,cruise,直连,0.186
T07,1422.24,cruise,直连,0.219
T07,1423.238,cruise,直连,0.253
T07,1424.236,cruise,直连,0.287
T07,1425.234,cruise,直连,0.32
T07,1426.232,cruise,直连,0.354
T07,1427.23,cruise,直连,0.388
T07,1428.228,cruise,直连,0.423
T07,1429.225,cruise,直连,0.457
T07,1430.223,cruise,直连,0.491
T07,1431.221,cruise,直连,0.526
T07,1432.219,cruise,直连,0.561
T07,1433.217,cruise,直连,0.596
T07,1434.215,cruise,直连,0.631
T07,1435.212,cruise,直连,0.666
T07,1436.21,cruise,直连,0.701
T07,1437.208,cruise,直连,0.737
T07,1438.206,cruise,直连,0.772
T07,1439.204,cruise,直连,0.808
T07,1440.202,cruise,直连,0.844
T07,1441.199,cruise,直连,0.88
T07,1442.197,cruise,直连,0.916
T07,1443.195,cruise,直连,0.952
T07,1444.193,cruise,直连,0.989
T07,1445.191,cruise,直连,1.025
T07,1446.189,cruise,直连,1.062
T07,1447.186,cruise,直连,1.099
T07,1448.184,cruise,直连,1.136
T07,1449.182,cruise,直连,1.173
T07,1450.18,cruise,直连,1.211
T07,1451.178,cruise,直连,1.248
T07,1452.176,cruise,直连,1.286
T07,1453.173,cruise,直连,1.324
T07,1454.171,cruise,直连,1.362
T07,1455.169,cruise,直连,1.4
T07,1456.167,cruise,直连,1.439
T07,1457.165,cruise,直连,1.477
T07,1458.163,cruise,直连,1.516
T07,1459.16,cruise,直连,1.555
T07,1460.158,cruise,直连,1.594
T07,1461.156,cruise,直连,1.633
T07,1462.154,cruise,直连,1.672
T07,1463.152,cruise,直连,1.712
T07,1464.15,cruise,直连,11.752
T07,1465.148,cruise,直连,11.792
T07,1466.145,cruise,直连,11.832
T07,1467.143,cruise,直连,11.872
T07,1468.141,cruise,直连,11.913
T07,1469.139,cruise,直连,11.953
T07,1470.137,cruise,直连,11.994
T07,1471.135,cruise,直连,12.035
T07,1472.132,cruise,直连,12.076
T07,1473.13,cruise,直连,12.118
T07,1474.128,cruise,直连,12.159
T07,1475.126,cruise,直连,12.201
T07,1476.124,cruise,直连,12.243
T07,1477.122,cruise,直连,12.285
T07,1478.119,cruise,直连,12.328
T07,1479.117,cruise,直连,12.371
T07,1480.115,cruise,直连,12.413
T07,1481.113,cruise,直连,12.456
T07,1482.111,cruise,直连,12.5
T07,1483.109,cruise,直连,12.543
T07,1484.106,cruise,直连,12.587
T07,1485.104,cruise,直连,12.631
T07,1486.102,cruise,直连,12.675
T07,1487.1,cruise,直连,12.719
T07,1488.098,cruise,直连,12.764
T07,1489.096,cruise,直连,12.808
T07,1490.093,cruise,直连,12.853
T07,1491.091,cruise,直连,12.899
T07,1492.089,cruise,直连,12.944
T07,1493.087,cruise,直连,12.99
T07,1494.085,cruise,直连,13.036
T07,1495.083,cruise,直连,13.082
T07,1496.08,cruise,直连,13.128
T07,1497.078,cruise,直连,13.175
T07,1498.076,cruise,直连,13.222
T07,1499.074,cruise,直连,13.269
T07,1500.072,cruise,直连,13.316
T07,1501.07,cruise,直连,13.364
T07,1502.067,cruise,直连,13.412
T07,1503.065,cruise,直连,13.46
T07,1504.063,cruise,直连,13.508
T07,1505.061,cruise,直连,13.557
T07,1506.059,cruise,直连,13.606
T07,1507.057,cruise,直连,13.655
T07,1508.055,cruise,直连,13.705
T07,1509.052,cruise,直连,13.754
T07,1510.05,cruise,直连,13.804
T07,1511.048,cruise,直连,13.855
T07,1512.046,cruise,直连,13.905
T07,1513.044,cruise,直连,13.956
T07,1514.042,cruise,直连,14.007
T07,1515.039,cruise,直连,14.059
T07,1516.037,cruise,直连,14.111
T07,1517.035,cruise,直连,14.163
T07,1518.033,cruise,直连,14.215
T07,1519.031,cruise,直连,14.268
T07,1520.029,cruise,直连,14.321
T07,1521.026,cruise,直连,14.374
T07,1522.024,cruise,直连,14.428
T07,1523.022,cruise,直连,14.482
T07,1524.02,cruise,直连,14.536
T07,1525.018,cruise,直连,14.591
T07,1526.016,cruise,直连,14.645
T07,1527.013,cruise,直连,14.701
T07,1528.011,cruise,直连,14.756
T07,1529.009,cruise,直连,14.812
T07,1530.007,cruise,直连,14.869
T07,1531.005,cruise,直连,14.925
T07,1532.003,cruise,直连,14.982
T07,1533.0,cruise,直连,15.04
T07,1533.998,cruise,直连,15.097
T07,1534.996,cruise,直连,15.156
T07,1535.994,cruise,直连,15.214
T07,1536.992,cruise,直连,15.273
T07,1537.99,cruise,直连,15.332
T07,1538.987,cruise,直连,15.392
T07,1539.985,cruise,直连,15.452
T07,1540.983,cruise,直连,15.512
T07,1541.981,cruise,直连,15.573
T07,1542.979,cruise,直连,15.634
T07,1543.977,cruise,直连,15.696
T07,1544.975,cruise,直连,15.758
T07,1545.972,cruise,直连,15.821
T07,1546.97,cruise,直连,15.883
T07,1547.968,cruise,直连,15.947
T07,1548.966,cruise,直连,16.011
T07,1549.964,cruise,直连,16.075
T07,1550.962,cruise,直连,16.14
T07,1551.959,cruise,直连,16.205
T07,1552.957,cruise,直连,16.27
T07,1553.955,cruise,直连,16.337
T07,1554.953,cruise,直连,16.403
T07,1555.951,cruise,直连,16.47
T07,1556.949,cruise,直连,16.538
T07,1557.946,cruise,直连,16.606
T07,1558.944,cruise,直连,16.674
T07,1559.942,cruise,直连,16.743
T07,1560.94,cruise,直连,16.813
T07,1561.938,cruise,直连,16.883
T07,1562.936,cruise,直连,16.954
T07,1563.933,cruise,直连,17.025
T07,1564.931,cruise,直连,17.097
T07,1565.929,cruise,直连,17.169
T07,1566.927,cruise,直连,17.242
T07,1567.925,cruise,直连,17.315
T07,1568.923,cruise,直连,17.389
T07,1569.92,cruise,直连,17.464
T07,1570.918,cruise,直连,17.539
T07,1571.916,cruise,直连,17.615
T07,1572.914,cruise,直连,17.692
T07,1573.912,cruise,直连,17.769
T07,1574.91,cruise,直连,17.846
T07,1575.907,cruise,直连,17.925
T07,1576.905,cruise,直连,18.004
T07,1577.903,cruise,直连,18.083
T07,1578.901,cruise,直连,18.164
T07,1579.899,cruise,直连,18.245
T07,1580.897,cruise,直连,18.326
T07,1581.895,cruise,直连,18.409
T07,1582.892,cruise,直连,18.492
T07,1583.89,cruise,直连,18.576
T07,1584.888,cruise,直连,18.66
T07,1585.886,cruise,直连,18.746
T07,1586.884,cruise,直连,18.832
T07,1587.882,cruise,直连,18.919
T07,1588.879,cruise,直连,19.006
T07,1589.877,cruise,直连,19.095
T07,1590.875,cruise,直连,19.184
T07,1591.873,cruise,直连,19.274
T07,1592.871,cruise,直连,19.365
T07,1593.869,cruise,直连,19.457
T07,1594.866,cruise,直连,19.55
T07,1595.864,cruise,直连,19.643
T07,1596.862,cruise,直连,19.737
T07,1597.86,cruise,直连,19.833
T07,1598.858,cruise,直连,19.929
T07,1599.856,cruise,直连,20.026
T07,1600.853,cruise,直连,20.124
T07,1601.851,cruise,直连,20.223
T07,1602.849,cruise,直连,20.323
T07,1603.847,cruise,直连,20.424
T07,1604.845,cruise,直连,20.526
T07,1605.843,cruise,直连,20.629
T07,1606.84,cruise,直连,20.733
T07,1607.838,cruise,直连,20.838
T07,1608.836,cruise,直连,20.944
T07,1609.834,cruise,直连,21.052
T07,1610.832,cruise,直连,21.16
T07,1611.83,cruise,直连,21.269
T07,1612.827,cruise,直连,21.38
T07,1613.825,cruise,直连,21.491
T07,1614.823,cruise,直连,21.604
T07,1615.821,cruise,直连,21.718
T07,1616.819,cruise,直连,21.833
T07,1617.817,cruise,直连,21.95
T07,1618.814,cruise,直连,22.067
T07,1619.812,cruise,直连,22.186
T07,1620.81,cruise,直连,22.306
T07,1621.808,cruise,直连,22.427
T07,1622.806,cruise,直连,22.549
T07,1623.804,cruise,直连,22.673
T07,1624.802,cruise,直连,22.798
T07,1625.799,cruise,直连,22.924
T07,1626.797,cruise,直连,23.052
T07,1627.795,cruise,直连,23.18
T07,1628.793,cruise,直连,23.31
T07,1629.791,cruise,直连,23.442
T07,1630.789,cruise,直连,23.574
T07,1631.786,cruise,直连,23.708
T07,1632.784,cruise,直连,23.843
T07,1633.782,cruise,直连,23.979
T07,1634.78,cruise,直连,24.116
T07,1635.778,cruise,直连,24.255
T07,1636.776,cruise,直连,24.395
T07,1637.773,cruise,直连,24.535
T07,1638.771,cruise,直连,24.677
T07,1639.769,cruise,直连,24.82
T07,1640.767,cruise,直连,24.964
T07,1641.765,cruise,直连,25.109
T07,1642.763,cruise,直连,25.254
T07,1643.76,cruise,直连,25.401
T07,1644.758,cruise,直连,25.548
T07,1645.756,cruise,直连,25.695
T07,1646.754,cruise,直连,25.843
T07,1647.752,cruise,直连,25.991
T07,1648.75,cruise,直连,26.14
T07,1649.747,cruise,直连,26.288
T07,1650.745,cruise,直连,26.436
T07,1651.743,cruise,直连,26.583
T07,1652.741,cruise,直连,26.73
T07,1653.739,cruise,直连,26.876
T07,1654.737,cruise,直连,27.021
T07,1655.734,cruise,直连,27.164
T07,1656.732,cruise,直连,27.306
T07,1657.73,cruise,直连,27.445
T07,1658.728,cruise,直连,27.582
T07,1659.726,cruise,直连,27.716
T07,1660.724,cruise,直连,27.846
T07,1661.722,cruise,直连,27.973
T07,1662.719,cruise,直连,28.096
T07,1663.717,cruise,直连,28.214
T07,1664.715,cruise,直连,28.326
T07,1665.713,cruise,直连,28.433
T07,1666.711,cruise,直连,28.534
T07,1667.709,cruise,直连,28.629
T07,1668.706,cruise,直连,28.716
T07,1669.704,cruise,直连,28.795
T07,1670.702,cruise,直连,28.866
T07,1671.7,cruise,直连,28.929
T07,1672.698,cruise,直连,28.983
T07,1673.696,cruise,直连,29.027
T07,1674.693,cruise,直连,29.062
T07,1675.691,cruise,直连,29.087
T07,1676.689,cruise,直连,29.102
T07,1677.687,cruise,直连,29.108
T07,1677.687,descent,直连,29.108
T07,1678.684,descent,直连,29.157
T07,1679.68,descent,直连,29.207
T07,1680.677,descent,直连,29.257
T07,1681.673,descent,直连,29.307
T07,1682.67,descent,直连,29.358
T07,1683.667,descent,直连,29.409
T07,1684.663,descent,直连,29.46
T07,1685.66,descent,直连,29.512
T07,1686.656,descent,直连,29.564
T07,1687.653,descent,直连,29.616
T07,1688.65,descent,直连,29.668
T07,1689.646,descent,直连,29.721
T07,1690.643,descent,直连,29.774
T07,1691.64,descent,直连,29.828
T07,1692.636,descent,直连,29.881
T07,1693.633,descent,直连,29.936
T07,1694.629,descent,直连,29.99
T07,1695.626,descent,直连,30.045
T07,1696.623,descent,直连,30.1
T07,1697.619,descent,直连,30.155
T07,1698.616,descent,直连,30.211
T07,1699.612,descent,直连,30.268
T07,1700.609,descent,直连,30.324
T07,1701.606,descent,直连,30.381
T07,1702.602,descent,直连,30.438
T07,1703.599,descent,直连,30.496
T07,1704.596,descent,直连,30.554
T07,1705.592,descent,直连,30.613
T07,1706.589,descent,直连,30.672
T07,1707.585,descent,直连,30.731
T07,1708.582,descent,直连,30.791
T07,1709.579,descent,直连,30.851
T07,1710.575,descent,直连,30.911
T07,1711.572,descent,直连,30.972
T07,1712.568,descent,直连,31.034
T07,1713.565,descent,直连,31.096
T07,1714.562,descent,直连,31.158
T07,1715.558,descent,直连,31.221
T07,1716.555,descent,直连,31.284
T07,1717.552,descent,直连,31.347
T07,1718.548,descent,直连,31.411
T07,1719.545,descent,直连,31.476
T07,1720.541,descent,直连,31.541
T07,1721.538,descent,直连,31.607
T07,1722.535,descent,直连,31.673
T07,1723.531,descent,直连,31.739
T07,1724.528,descent,直连,31.806
T07,1725.524,descent,直连,31.874
T07,1726.521,descent,直连,31.942
T07,1727.518,descent,直连,32.011
T07,1728.514,descent,直连,32.08
T07,1729.511,descent,直连,32.15
T07,1730.508,descent,直连,32.22
T07,1731.504,descent,直连,32.291
T07,1732.501,descent,直连,32.363
T07,1733.497,descent,直连,32.435
T07,1734.494,descent,直连,32.507
T07,1735.491,descent,直连,32.581
T07,1736.487,descent,直连,32.655
T07,1737.484,descent,直连,32.729
T07,1738.48,descent,直连,32.805
T07,1739.477,descent,直连,32.88
T07,1740.474,descent,直连,32.957
T07,1741.47,descent,直连,33.034
T07,1742.467,descent,直连,33.112
T07,1743.464,descent,直连,33.191
T07,1744.46,descent,直连,33.27
T07,1745.457,descent,直连,33.35
T07,1746.453,descent,直连,33.431
T07,1747.45,descent,直连,33.513
T07,1748.447,descent,直连,33.595
T07,1749.443,descent,直连,33.678
T07,1750.44,descent,直连,33.762
T07,1751.436,descent,直连,33.847
T07,1752.433,descent,直连,33.932
T07,1753.43,descent,直连,34.019
T07,1754.426,descent,直连,34.106
T07,1755.423,descent,直连,34.194
T07,1756.42,descent,直连,34.283
T07,1757.416,descent,直连,34.373
T07,1758.413,descent,直连,34.464
T07,1759.409,descent,直连,34.556
T07,1760.406,descent,直连,34.649
T07,1761.403,descent,直连,34.743
T07,1762.399,descent,直连,34.838
T07,1763.396,descent,直连,34.934
T07,1764.392,descent,直连,35.031
T07,1765.389,descent,直连,35.129
T07,1766.386,descent,直连,35.229
T07,1767.382,descent,直连,35.329
T07,1768.379,descent,直连,35.431
T07,1769.376,descent,直连,35.534
T07,1770.372,descent,直连,35.638
T07,1771.369,descent,直连,35.743
T07,1772.365,descent,直连,35.85
T07,1773.362,descent,直连,35.958
T07,1774.359,descent,直连,36.067
T07,1775.355,descent,直连,36.178
T07,1776.352,descent,直连,36.29
T07,1777.348,descent,直连,36.403
T07,1778.345,descent,直连,36.518
T07,1779.342,descent,直连,36.635
T07,1780.338,descent,直连,36.753
T07,1781.335,descent,直连,36.873
T07,1782.332,descent,直连,36.995
T07,1783.328,descent,直连,37.118
T07,1784.325,descent,直连,37.243
T07,1785.321,descent,直连,37.37
T07,1786.318,descent,直连,37.498
T07,1787.315,descent,直连,37.629
T07,1788.311,descent,直连,37.762
T07,1789.308,descent,直连,37.897
T07,1790.304,descent,直连,38.033
T07,1791.301,descent,直连,38.172
T07,1792.298,descent,直连,38.314
T07,1793.294,descent,直连,38.457
T07,1794.291,descent,直连,38.603
T07,1795.287,descent,直连,38.752
T07,1796.284,descent,直连,38.903
T07,1797.281,descent,直连,39.057
T07,1798.277,descent,直连,39.213
T07,1799.274,descent,直连,39.373
T07,1800.271,descent,直连,39.535
T07,1801.267,descent,直连,39.701
T07,1802.264,descent,直连,39.87
T07,1803.26,descent,直连,40.042
T07,1804.257,descent,直连,40.217
T07,1805.254,descent,直连,40.397
T07,1806.25,descent,直连,40.579
T07,1807.247,descent,直连,40.766
T07,1808.243,descent,直连,40.957
T07,1809.24,descent,直连,41.153
T07,1810.237,descent,直连,41.353
T07,1811.233,descent,直连,41.557
T07,1812.23,descent,直连,41.767
T07,1813.227,descent,直连,41.981
T07,1814.223,descent,直连,42.201
T07,1815.22,descent,直连,42.427
T07,1816.216,descent,直连,42.659
T07,1817.213,descent,直连,42.897
T07,1818.21,descent,直连,43.142
T07,1819.206,descent,直连,43.394
T07,1820.203,descent,直连,43.653
T07,1821.199,descent,直连,43.921
T07,1822.196,descent,直连,44.197
T07,1823.193,descent,直连,44.482
T07,1824.189,descent,直连,44.777
T07,1825.186,descent,直连,45.082
T07,1826.183,descent,直连,45.398
T07,1827.179,descent,直连,45.726
T07,1828.176,descent,直连,46.067
T07,1829.172,descent,直连,46.422
T07,1830.169,descent,直连,46.792
T07,1831.166,descent,直连,47.179
T07,1832.162,descent,直连,47.583
T07,1833.159,descent,直连,48.008
T07,1834.155,descent,直连,48.454
T07,1835.152,descent,直连,48.924
T07,1836.149,descent,直连,49.421
T07,1837.145,descent,直连,49.949
T07,1838.142,descent,直连,50.51
T07,1839.139,descent,直连,51.111
T07,1840.135,descent,直连,51.756
T07,1841.132,descent,直连,52.452
T07,1842.128,descent,直连,53.21
T07,1843.125,descent,直连,54.04
T07,1844.122,descent,直连,54.958
T07,1845.118,descent,直连,55.984
T07,1846.115,descent,直连,57.148
T07,1847.111,descent,直连,58.493
T07,1848.108,descent,直连,60.084
T07,1849.105,descent,直连,62.034
T07,1850.101,descent,直连,64.553
T07,1851.098,descent,直连,68.115
T07,1852.095,descent,直连,74.256
T07,1853.091,descent,直连,105.334
T07,1854.088,descent,直连,73.784
T07,1855.084,descent,直连,67.879
T07,1856.081,descent,直连,64.396
T07,1857.078,descent,直连,61.916
T07,1858.074,descent,直连,59.99
T07,1859.071,descent,直连,58.414
T07,1860.067,descent,直连,57.081
T07,1861.064,descent,直连,45.925
T08,360.0,climb,直连,45.925
T08,360.999,climb,直连,57.336
T08,361.999,climb,直连,59.021
T08,362.998,climb,直连,61.113
T08,363.997,climb,直连,63.875
T08,364.996,climb,直连,67.948
T08,365.996,climb,直连,75.87
T08,366.995,climb,直连,82.076
T08,367.994,climb,直连,69.942
T08,368.994,climb,直连,65.068
T08,369.993,climb,直连,61.964
T08,370.992,climb,直连,59.683
T08,371.991,climb,直连,57.877
T08,372.991,climb,直连,56.383
T08,373.99,climb,直连,55.109
T08,374.989,climb,直连,53.998
T08,375.989,climb,直连,53.013
T08,376.988,climb,直连,52.129
T08,377.987,climb,直连,51.326
T08,378.987,climb,直连,50.591
T08,379.986,climb,直连,49.914
T08,380.985,climb,直连,49.285
T08,381.984,climb,直连,48.699
T08,382.984,climb,直连,48.151
T08,383.983,climb,直连,47.634
T08,384.982,climb,直连,47.147
T08,385.982,climb,直连,46.686
T08,386.981,climb,直连,46.247
T08,387.98,climb,直连,45.83
T08,388.979,climb,直连,45.432
T08,389.979,climb,直连,45.052
T08,390.978,climb,直连,44.687
T08,391.977,climb,直连,44.337
T08,392.977,climb,直连,44.001
T08,393.976,climb,直连,43.677
T08,394.975,climb,直连,43.365
T08,395.974,climb,直连,43.064
T08,396.974,climb,直连,42.772
T08,397.973,climb,直连,42.491
T08,398.972,climb,直连,42.218
T08,399.972,climb,直连,41.953
T08,400.971,climb,直连,41.696
T08,401.97,climb,直连,41.447
T08,402.97,climb,直连,41.205
T08,403.969,climb,直连,40.969
T08,404.968,climb,直连,40.739
T08,405.967,climb,直连,40.515
T08,406.967,climb,直连,40.297
T08,407.966,climb,直连,40.084
T08,408.965,climb,直连,39.877
T08,409.965,climb,直连,39.674
T08,410.964,climb,直连,39.476
T08,411.963,climb,直连,39.282
T08,412.962,climb,直连,39.093
T08,413.962,climb,直连,38.907
T08,414.961,climb,直连,38.725
T08,415.96,climb,直连,38.548
T08,416.96,climb,直连,38.373
T08,417.959,climb,直连,38.202
T08,418.958,climb,直连,38.035
T08,419.957,climb,直连,37.87
T08,420.957,climb,直连,37.709
T08,421.956,climb,直连,37.551
T08,422.955,climb,直连,37.395
T08,423.955,climb,直连,37.242
T08,424.954,climb,直连,37.092
T08,425.953,climb,直连,36.944
T08,426.952,climb,直连,36.799
T08,427.952,climb,直连,36.656
T08,428.951,climb,直连,36.516
T08,429.95,climb,直连,36.378
T08,430.95,climb,直连,36.241
T08,431.949,climb,直连,36.107
T08,432.948,climb,直连,35.975
T08,433.948,climb,直连,35.846
T08,434.947,climb,直连,35.717
T08,435.946,climb,直连,35.591
T08,436.945,climb,直连,35.467
T08,437.945,climb,直连,35.344
T08,438.944,climb,直连,35.223
T08,438.944,cruise,直连,35.223
T08,439.942,cruise,直连,35.21
T08,440.94,cruise,直连,35.171
T08,441.938,cruise,直连,35.106
T08,442.936,cruise,直连,35.016
T08,443.934,cruise,直连,34.904
T08,444.932,cruise,直连,34.771
T08,445.93,cruise,直连,34.618
T08,446.928,cruise,直连,34.449
T08,447.925,cruise,直连,34.264
T08,448.923,cruise,直连,34.067
T08,449.921,cruise,直连,33.858
T08,450.919,cruise,直连,33.641
T08,451.917,cruise,直连,33.417
T08,452.915,cruise,直连,33.187
T08,453.913,cruise,直连,32.953
T08,454.911,cruise,直连,32.716
T08,455.909,cruise,直连,32.477
T08,456.907,cruise,直连,32.238
T08,457.905,cruise,直连,31.998
T08,458.903,cruise,直连,31.758
T08,459.901,cruise,直连,31.52
T08,460.899,cruise,直连,31.284
T08,461.897,cruise,直连,31.05
T08,462.895,cruise,直连,30.818
T08,463.893,cruise,直连,30.588
T08,464.891,cruise,直连,30.362
T08,465.889,cruise,直连,30.138
T08,466.886,cruise,直连,29.918
T08,467.884,cruise,直连,29.701
T08,468.882,cruise,直连,29.487
T08,469.88,cruise,直连,29.276
T08,470.878,cruise,直连,29.069
T08,471.876,cruise,直连,28.865
T08,472.874,cruise,直连,28.665
T08,473.872,cruise,直连,28.467
T08,474.87,cruise,直连,28.273
T08,475.868,cruise,直连,28.082
T08,476.866,cruise,直连,27.894
T08,477.864,cruise,直连,27.709
T08,478.862,cruise,直连,27.528
T08,479.86,cruise,直连,27.349
T08,480.858,cruise,直连,27.173
T08,481.856,cruise,直连,27.0
T08,482.854,cruise,直连,26.83
T08,483.852,cruise,直连,26.662
T08,484.85,cruise,直连,26.497
T08,485.847,cruise,直连,26.335
T08,486.845,cruise,直连,26.176
T08,487.843,cruise,直连,26.018
T08,488.841,cruise,直连,25.864
T08,489.839,cruise,直连,25.711
T08,490.837,cruise,直连,25.561
T08,491.835,cruise,直连,25.413
T08,492.833,cruise,直连,25.268
T08,493.831,cruise,直连,25.124
T08,494.829,cruise,直连,24.983
T08,495.827,cruise,直连,24.843
T08,496.825,cruise,直连,24.706
T08,497.823,cruise,直连,24.57
T08,498.821,cruise,直连,24.437
T08,499.819,cruise,直连,24.305
T08,500.817,cruise,直连,24.175
T08,501.815,cruise,直连,24.047
T08,502.813,cruise,直连,23.92
T08,503.81,cruise,直连,23.795
T08,504.808,cruise,直连,23.672
T08,505.806,cruise,直连,23.55
T08,506.804,cruise,直连,23.43
T08,507.802,cruise,直连,23.312
T08,508.8,cruise,直连,23.195
T08,509.798,cruise,直连,23.079
T08,510.796,cruise,直连,22.965
T08,511.794,cruise,直连,22.852
T08,512.792,cruise,直连,22.741
T08,513.79,cruise,直连,22.631
T08,514.788,cruise,直连,22.522
T08,515.786,cruise,直连,22.414
T08,516.784,cruise,直连,22.308
T08,517.782,cruise,直连,22.203
T08,518.78,cruise,直连,22.099
T08,519.778,cruise,直连,21.997
T08,520.776,cruise,直连,21.895
T08,521.774,cruise,直连,21.795
T08,522.771,cruise,直连,21.695
T08,523.769,cruise,直连,21.597
T08,524.767,cruise,直连,21.5
T08,525.765,cruise,直连,21.403
T08,526.763,cruise,直连,21.308
T08,527.761,cruise,直连,21.214
T08,528.759,cruise,直连,21.121
T08,529.757,cruise,直连,21.029
T08,530.755,cruise,直连,20.937
T08,531.753,cruise,直连,20.847
T08,532.751,cruise,直连,20.757
T08,533.749,cruise,直连,20.669
T08,534.747,cruise,直连,20.581
T08,535.745,cruise,直连,20.494
T08,536.743,cruise,直连,20.408
T08,537.741,cruise,直连,20.322
T08,538.739,cruise,直连,20.238
T08,539.737,cruise,直连,20.154
T08,540.734,cruise,直连,20.071
T08,541.732,cruise,直连,19.989
T08,542.73,cruise,直连,19.908
T08,543.728,cruise,直连,19.827
T08,544.726,cruise,直连,19.747
T08,545.724,cruise,直连,19.668
T08,546.722,cruise,直连,19.589
T08,547.72,cruise,直连,19.511
T08,548.718,cruise,直连,19.434
T08,549.716,cruise,直连,19.357
T08,550.714,cruise,直连,19.282
T08,551.712,cruise,直连,19.206
T08,552.71,cruise,直连,19.132
T08,553.708,cruise,直连,19.058
T08,554.706,cruise,直连,18.984
T08,555.704,cruise,直连,18.911
T08,556.702,cruise,直连,18.839
T08,557.7,cruise,直连,18.768
T08,558.698,cruise,直连,18.697
T08,559.695,cruise,直连,18.626
T08,560.693,cruise,直连,18.556
T08,561.691,cruise,直连,18.487
T08,562.689,cruise,直连,18.418
T08,563.687,cruise,直连,18.35
T08,564.685,cruise,直连,18.282
T08,565.683,cruise,直连,18.215
T08,566.681,cruise,直连,18.148
T08,567.679,cruise,直连,18.081
T08,568.677,cruise,直连,18.016
T08,569.675,cruise,直连,17.95
T08,570.673,cruise,直连,17.886
T08,571.671,cruise,直连,17.821
T08,572.669,cruise,直连,17.757
T08,573.667,cruise,直连,17.694
T08,574.665,cruise,直连,17.631
T08,575.663,cruise,直连,17.568
T08,576.661,cruise,直连,17.506
T08,577.659,cruise,直连,7.445
T08,578.656,cruise,直连,7.383
T08,579.654,cruise,直连,7.323
T08,580.652,cruise,直连,7.262
T08,581.65,cruise,直连,7.202
T08,582.648,cruise,直连,7.143
T08,583.646,cruise,直连,7.083
T08,584.644,cruise,直连,7.025
T08,585.642,cruise,直连,6.966
T08,586.64,cruise,直连,6.908
T08,587.638,cruise,直连,6.851
T08,588.636,cruise,直连,6.793
T08,589.634,cruise,直连,6.736
T08,590.632,cruise,直连,6.68
T08,591.63,cruise,直连,6.624
T08,592.628,cruise,直连,6.568
T08,593.626,cruise,直连,6.512
T08,594.624,cruise,直连,6.457
T08,595.622,cruise,直连,6.403
T08,596.619,cruise,直连,6.348
T08,597.617,cruise,直连,6.294
T08,598.615,cruise,直连,6.24
T08,599.613,cruise,直连,6.187
T08,600.611,cruise,直连,6.134
T08,601.609,cruise,直连,6.081
T08,602.607,cruise,直连,6.028
T08,603.605,cruise,直连,5.976
T08,604.603,cruise,直连,5.924
T08,605.601,cruise,直连,5.873
T08,606.599,cruise,直连,5.822
T08,607.597,cruise,直连,5.771
T08,608.595,cruise,直连,5.72
T08,609.593,cruise,直连,5.67
T08,610.591,cruise,直连,5.62
T08,611.589,cruise,直连,5.57
T08,612.587,cruise,直连,5.52
T08,613.585,cruise,直连,5.471
T08,614.583,cruise,直连,5.422
T08,615.58,cruise,直连,5.373
T08,616.578,cruise,直连,5.325
T08,617.576,cruise,直连,5.277
T08,618.574,cruise,直连,5.229
T08,619.572,cruise,直连,5.181
T08,620.57,cruise,直连,5.134
T08,621.568,cruise,直连,5.087
T08,622.566,cruise,直连,5.04
T08,623.564,cruise,直连,4.993
T08,624.562,cruise,直连,4.947
T08,625.56,cruise,直连,4.901
T08,626.558,cruise,直连,4.855
T08,627.556,cruise,直连,4.809
T08,628.554,cruise,直连,4.764
T08,629.552,cruise,直连,4.718
T08,630.55,cruise,直连,4.673
T08,631.548,cruise,直连,4.629
T08,632.546,cruise,直连,4.584
T08,633.544,cruise,直连,4.54
T08,634.541,cruise,直连,4.496
T08,635.539,cruise,直连,4.452
T08,636.537,cruise,直连,4.408
T08,637.535,cruise,直连,4.365
T08,638.533,cruise,直连,4.322
T08,639.531,cruise,直连,4.279
T08,640.529,cruise,直连,4.236
T08,641.527,cruise,直连,4.194
T08,642.525,cruise,直连,4.151
T08,643.523,cruise,直连,4.109
T08,644.521,cruise,直连,4.067
T08,645.519,cruise,直连,4.025
T08,646.517,cruise,直连,3.984
T08,647.515,cruise,直连,3.943
T08,648.513,cruise,直连,3.901
T08,649.511,cruise,直连,3.86
T08,650.509,cruise,直连,3.82
T08,651.507,cruise,直连,3.779
T08,652.504,cruise,直连,3.739
T08,653.502,cruise,直连,3.698
T08,654.5,cruise,直连,3.658
T08,655.498,cruise,直连,3.619
T08,656.496,cruise,直连,3.579
T08,657.494,cruise,直连,3.539
T08,658.492,cruise,直连,3.5
T08,659.49,cruise,直连,3.461
T08,660.488,cruise,直连,3.422
T08,661.486,cruise,直连,3.383
T08,662.484,cruise,直连,3.345
T08,663.482,cruise,直连,3.306
T08,664.48,cruise,直连,3.268
T08,665.478,cruise,直连,3.23
T08,666.476,cruise,直连,3.192
T08,667.474,cruise,直连,3.154
T08,668.472,cruise,直连,3.117
T08,669.47,cruise,直连,3.079
T08,670.468,cruise,直连,3.042
T08,671.465,cruise,直连,3.005
T08,672.463,cruise,直连,2.968
T08,673.461,cruise,直连,2.931
T08,674.459,cruise,直连,2.894
T08,675.457,cruise,直连,2.858
T08,676.455,cruise,直连,2.821
T08,677.453,cruise,直连,2.785
T08,678.451,cruise,直连,2.749
T08,679.449,cruise,直连,2.713
T08,680.447,cruise,直连,2.677
T08,681.445,cruise,直连,2.642
T08,682.443,cruise,直连,2.606
T08,683.441,cruise,直连,2.571
T08,684.439,cruise,直连,2.536
T08,685.437,cruise,直连,2.501
T08,686.435,cruise,直连,2.466
T08,687.433,cruise,直连,2.431
T08,688.431,cruise,直连,2.396
T08,689.428,cruise,直连,2.362
T08,690.426,cruise,直连,2.328
T08,691.424,cruise,直连,2.293
T08,692.422,cruise,直连,2.259
T08,693.42,cruise,直连,2.225
T08,694.418,cruise,直连,2.191
T08,695.416,cruise,直连,2.158
T08,696.414,cruise,直连,2.124
T08,697.412,cruise,直连,2.091
T08,698.41,cruise,直连,2.057
T08,699.408,cruise,直连,2.024
T08,700.406,cruise,直连,1.991
T08,701.404,cruise,直连,1.958
T08,702.402,cruise,直连,1.925
T08,703.4,cruise,直连,1.893
T08,704.398,cruise,直连,1.86
T08,704.398,descent,直连,1.86
T08,705.392,descent,直连,1.861
T08,706.387,descent,直连,1.861
T08,707.382,descent,直连,1.862
T08,708.376,descent,直连,1.862
T08,709.371,descent,直连,1.862
T08,710.366,descent,直连,1.863
T08,711.36,descent,直连,1.863
T08,712.355,descent,直连,1.864
T08,713.349,descent,直连,1.864
T08,714.344,descent,直连,1.865
T08,715.339,descent,直连,1.865
T08,716.333,descent,直连,1.865
T08,717.328,descent,直连,1.866
T08,718.323,descent,直连,1.866
T08,719.317,descent,直连,1.867
T08,720.312,descent,直连,1.867
T08,721.307,descent,直连,1.867
T08,722.301,descent,直连,1.868
T08,723.296,descent,直连,1.868
T08,724.29,descent,直连,1.868
T08,724.29,handover,直连,1.868
T08,934.29,handover,直连,1.868
T08,934.29,climb,直连,1.868
T08,935.266,climb,直连,1.868
T08,936.241,climb,直连,1.868
T08,937.216,climb,直连,1.867
T08,938.191,climb,直连,1.867
T08,939.166,climb,直连,1.866
T08,940.141,climb,直连,1.866
T08,941.116,climb,直连,1.865
T08,942.092,climb,直连,1.865
T08,943.067,climb,直连,1.864
T08,944.042,climb,直连,1.864
T08,945.017,climb,直连,1.863
T08,945.992,climb,直连,1.863
T08,946.967,climb,直连,1.862
T08,947.942,climb,直连,1.862
T08,948.917,climb,直连,1.861
T08,949.893,climb,直连,1.861
T08,950.868,climb,直连,1.86
T08,950.868,cruise,直连,1.86
T08,951.866,cruise,直连,1.893
T08,952.864,cruise,直连,1.925
T08,953.862,cruise,直连,1.958
T08,954.86,cruise,直连,1.991
T08,955.858,cruise,直连,2.024
T08,956.855,cruise,直连,2.057
T08,957.853,cruise,直连,2.091
T08,958.851,cruise,直连,2.124
T08,959.849,cruise,直连,2.158
T08,960.847,cruise,直连,2.191
T08,961.845,cruise,直连,2.225
T08,962.843,cruise,直连,2.259
T08,963.841,cruise,直连,2.293
T08,964.839,cruise,直连,2.328
T08,965.837,cruise,直连,2.362
T08,966.835,cruise,直连,2.396
T08,967.833,cruise,直连,2.431
T08,968.831,cruise,直连,2.466
T08,969.829,cruise,直连,2.501
T08,970.827,cruise,直连,2.536
T08,971.825,cruise,直连,2.571
T08,972.823,cruise,直连,2.606
T08,973.821,cruise,直连,2.642
T08,974.818,cruise,直连,2.677
T08,975.816,cruise,直连,2.713
T08,976.814,cruise,直连,2.749
T08,977.812,cruise,直连,2.785
T08,978.81,cruise,直连,2.821
T08,979.808,cruise,直连,2.858
T08,980.806,cruise,直连,2.894
T08,981.804,cruise,直连,2.931
T08,982.802,cruise,直连,2.968
T08,983.8,cruise,直连,3.005
T08,984.798,cruise,直连,3.042
T08,985.796,cruise,直连,3.079
T08,986.794,cruise,直连,3.117
T08,987.792,cruise,直连,3.154
T08,988.79,cruise,直连,3.192
T08,989.788,cruise,直连,3.23
T08,990.786,cruise,直连,3.268
T08,991.784,cruise,直连,3.306
T08,992.782,cruise,直连,3.345
T08,993.779,cruise,直连,3.383
T08,994.777,cruise,直连,3.422
T08,995.775,cruise,直连,3.461
T08,996.773,cruise,直连,3.5
T08,997.771,cruise,直连,3.539
T08,998.769,cruise,直连,3.579
T08,999.767,cruise,直连,3.619
T08,1000.765,cruise,直连,3.658
T08,1001.763,cruise,直连,3.698
T08,1002.761,cruise,直连,3.739
T08,1003.759,cruise,直连,3.779
T08,1004.757,cruise,直连,3.82
T08,1005.755,cruise,直连,3.86
T08,1006.753,cruise,直连,3.901
T08,1007.751,cruise,直连,3.943
T08,1008.749,cruise,直连,3.984
T08,1009.747,cruise,直连,4.025
T08,1010.745,cruise,直连,4.067
T08,1011.742,cruise,直连,4.109
T08,1012.74,cruise,直连,4.151
T08,1013.738,cruise,直连,4.194
T08,1014.736,cruise,直连,4.236
T08,1015.734,cruise,直连,4.279
T08,1016.732,cruise,直连,4.322
T08,1017.73,cruise,直连,4.365
T08,1018.728,cruise,直连,4.408
T08,1019.726,cruise,直连,4.452
T08,1020.724,cruise,直连,4.496
T08,1021.722,cruise,直连,4.54
T08,1022.72,cruise,直连,4.584
T08,1023.718,cruise,直连,4.629
T08,1024.716,cruise,直连,4.673
T08,1025.714,cruise,直连,4.718
T08,1026.712,cruise,直连,4.764
T08,1027.71,cruise,直连,4.809
T08,1028.708,cruise,直连,4.855
T08,1029.706,cruise,直连,4.901
T08,1030.703,cruise,直连,4.947
T08,1031.701,cruise,直连,4.993
T08,1032.699,cruise,直连,5.04
T08,1033.697,cruise,直连,5.087
T08,1034.695,cruise,直连,5.134
T08,1035.693,cruise,直连,5.181
T08,1036.691,cruise,直连,5.229
T08,1037.689,cruise,直连,5.277
T08,1038.687,cruise,直连,5.325
T08,1039.685,cruise,直连,5.373
T08,1040.683,cruise,直连,5.422
T08,1041.681,cruise,直连,5.471
T08,1042.679,cruise,直连,5.52
T08,1043.677,cruise,直连,5.57
T08,1044.675,cruise,直连,5.62
T08,1045.673,cruise,直连,5.67
T08,1046.671,cruise,直连,5.72
T08,1047.669,cruise,直连,5.771
T08,1048.667,cruise,直连,5.822
T08,1049.664,cruise,直连,5.873
T08,1050.662,cruise,直连,5.924
T08,1051.66,cruise,直连,5.976
T08,1052.658,cruise,直连,6.028
T08,1053.656,cruise,直连,6.081
T08,1054.654,cruise,直连,6.134
T08,1055.652,cruise,直连,6.187
T08,1056.65,cruise,直连,6.24
T08,1057.648,cruise,直连,6.294
T08,1058.646,cruise,直连,6.348
T08,1059.644,cruise,直连,6.403
T08,1060.642,cruise,直连,6.457
T08,1061.64,cruise,直连,6.512
T08,1062.638,cruise,直连,6.568
T08,1063.636,cruise,直连,6.624
T08,1064.634,cruise,直连,6.68
T08,1065.632,cruise,直连,6.736
T08,1066.63,cruise,直连,6.793
T08,1067.627,cruise,直连,6.851
T08,1068.625,cruise,直连,6.908
T08,1069.623,cruise,直连,6.966
T08,1070.621,cruise,直连,7.025
T08,1071.619,cruise,直连,7.083
T08,1072.617,cruise,直连,7.143
T08,1073.615,cruise,直连,7.202
T08,1074.613,cruise,直连,7.262
T08,1075.611,cruise,直连,7.323
T08,1076.609,cruise,直连,7.383
T08,1077.607,cruise,直连,7.445
T08,1078.605,cruise,直连,17.506
T08,1079.603,cruise,直连,17.568
T08,1080.601,cruise,直连,17.631
T08,1081.599,cruise,直连,17.694
T08,1082.597,cruise,直连,17.757
T08,1083.595,cruise,直连,17.821
T08,1084.593,cruise,直连,17.886
T08,1085.591,cruise,直连,17.95
T08,1086.588,cruise,直连,18.016
T08,1087.586,cruise,直连,18.081
T08,1088.584,cruise,直连,18.148
T08,1089.582,cruise,直连,18.215
T08,1090.58,cruise,直连,18.282
T08,1091.578,cruise,直连,18.35
T08,1092.576,cruise,直连,18.418
T08,1093.574,cruise,直连,18.487
T08,1094.572,cruise,直连,18.556
T08,1095.57,cruise,直连,18.626
T08,1096.568,cruise,直连,18.697
T08,1097.566,cruise,直连,18.768
T08,1098.564,cruise,直连,18.839
T08,1099.562,cruise,直连,18.911
T08,1100.56,cruise,直连,18.984
T08,1101.558,cruise,直连,19.058
T08,1102.556,cruise,直连,19.132
T08,1103.554,cruise,直连,19.206
T08,1104.551,cruise,直连,19.282
T08,1105.549,cruise,直连,19.357
T08,1106.547,cruise,直连,19.434
T08,1107.545,cruise,直连,19.511
T08,1108.543,cruise,直连,19.589
T08,1109.541,cruise,直连,19.668
T08,1110.539,cruise,直连,19.747
T08,1111.537,cruise,直连,19.827
T08,1112.535,cruise,直连,19.908
T08,1113.533,cruise,直连,19.989
T08,1114.531,cruise,直连,20.071
T08,1115.529,cruise,直连,20.154
T08,1116.527,cruise,直连,20.238
T08,1117.525,cruise,直连,20.322
T08,1118.523,cruise,直连,20.408
T08,1119.521,cruise,直连,20.494
T08,1120.519,cruise,直连,20.581
T08,1121.517,cruise,直连,20.669
T08,1122.515,cruise,直连,20.757
T08,1123.512,cruise,直连,20.847
T08,1124.51,cruise,直连,20.937
T08,1125.508,cruise,直连,21.029
T08,1126.506,cruise,直连,21.121
T08,1127.504,cruise,直连,21.214
T08,1128.502,cruise,直连,21.308
T08,1129.5,cruise,直连,21.403
T08,1130.498,cruise,直连,21.5
T08,1131.496,cruise,直连,21.597
T08,1132.494,cruise,直连,21.695
T08,1133.492,cruise,直连,21.795
T08,1134.49,cruise,直连,21.895
T08,1135.488,cruise,直连,21.997
T08,1136.486,cruise,直连,22.099
T08,1137.484,cruise,直连,22.203
T08,1138.482,cruise,直连,22.308
T08,1139.48,cruise,直连,22.414
T08,1140.478,cruise,直连,22.522
T08,1141.476,cruise,直连,22.631
T08,1142.473,cruise,直连,22.741
T08,1143.471,cruise,直连,22.852
T08,1144.469,cruise,直连,22.965
T08,1145.467,cruise,直连,23.079
T08,1146.465,cruise,直连,23.195
T08,1147.463,cruise,直连,23.312
T08,1148.461,cruise,直连,23.43
T08,1149.459,cruise,直连,23.55
T08,1150.457,cruise,直连,23.672
T08,1151.455,cruise,直连,23.795
T08,1152.453,cruise,直连,23.92
T08,1153.451,cruise,直连,24.047
T08,1154.449,cruise,直连,24.175
T08,1155.447,cruise,直连,24.305
T08,1156.445,cruise,直连,24.437
T08,1157.443,cruise,直连,24.57
T08,1158.441,cruise,直连,24.706
T08,1159.439,cruise,直连,24.843
T08,1160.436,cruise,直连,24.983
T08,1161.434,cruise,直连,25.124
T08,1162.432,cruise,直连,25.268
T08,1163.43,cruise,直连,25.413
T08,1164.428,cruise,直连,25.561
T08,1165.426,cruise,直连,25.711
T08,1166.424,cruise,直连,25.864
T08,1167.422,cruise,直连,26.018
T08,1168.42,cruise,直连,26.176
T08,1169.418,cruise,直连,26.335
T08,1170.416,cruise,直连,26.497
T08,1171.414,cruise,直连,26.662
T08,1172.412,cruise,直连,26.83
T08,1173.41,cruise,直连,27.0
T08,1174.408,cruise,直连,27.173
T08,1175.406,cruise,直连,27.349
T08,1176.404,cruise,直连,27.528
T08,1177.402,cruise,直连,27.709
T08,1178.4,cruise,直连,27.894
T08,1179.397,cruise,直连,28.082
T08,1180.395,cruise,直连,28.273
T08,1181.393,cruise,直连,28.467
T08,1182.391,cruise,直连,28.665
T08,1183.389,cruise,直连,28.865
T08,1184.387,cruise,直连,29.069
T08,1185.385,cruise,直连,29.276
T08,1186.383,cruise,直连,29.487
T08,1187.381,cruise,直连,29.701
T08,1188.379,cruise,直连,29.918
T08,1189.377,cruise,直连,30.138
T08,1190.375,cruise,直连,30.362
T08,1191.373,cruise,直连,30.588
T08,1192.371,cruise,直连,30.818
T08,1193.369,cruise,直连,31.05
T08,1194.367,cruise,直连,31.284
T08,1195.365,cruise,直连,31.52
T08,1196.363,cruise,直连,31.758
T08,1197.361,cruise,直连,31.998
T08,1198.358,cruise,直连,32.238
T08,1199.356,cruise,直连,32.477
T08,1200.354,cruise,直连,32.716
T08,1201.352,cruise,直连,32.953
T08,1202.35,cruise,直连,33.187
T08,1203.348,cruise,直连,33.417
T08,1204.346,cruise,直连,33.641
T08,1205.344,cruise,直连,33.858
T08,1206.342,cruise,直连,34.067
T08,1207.34,cruise,直连,34.264
T08,1208.338,cruise,直连,34.449
T08,1209.336,cruise,直连,34.618
T08,1210.334,cruise,直连,34.771
T08,1211.332,cruise,直连,34.904
T08,1212.33,cruise,直连,35.016
T08,1213.328,cruise,直连,35.106
T08,1214.326,cruise,直连,35.171
T08,1215.324,cruise,直连,35.21
T08,1216.321,cruise,直连,35.223
T08,1216.321,descent,直连,35.223
T08,1217.319,descent,直连,35.324
T08,1218.316,descent,直连,35.425
T08,1219.313,descent,直连,35.528
T08,1220.31,descent,直连,35.632
T08,1221.307,descent,直连,35.738
T08,1222.305,descent,直连,35.844
T08,1223.302,descent,直连,35.952
T08,1224.299,descent,直连,36.061
T08,1225.296,descent,直连,36.172
T08,1226.293,descent,直连,36.284
T08,1227.291,descent,直连,36.398
T08,1228.288,descent,直连,36.513
T08,1229.285,descent,直连,36.629
T08,1230.282,descent,直连,36.748
T08,1231.279,descent,直连,36.868
T08,1232.276,descent,直连,36.989
T08,1233.274,descent,直连,37.112
T08,1234.271,descent,直连,37.237
T08,1235.268,descent,直连,37.364
T08,1236.265,descent,直连,37.493
T08,1237.262,descent,直连,37.624
T08,1238.26,descent,直连,37.756
T08,1239.257,descent,直连,37.891
T08,1240.254,descent,直连,38.028
T08,1241.251,descent,直连,38.167
T08,1242.248,descent,直连,38.308
T08,1243.246,descent,直连,38.452
T08,1244.243,descent,直连,38.598
T08,1245.24,descent,直连,38.746
T08,1246.237,descent,直连,38.897
T08,1247.234,descent,直连,39.051
T08,1248.231,descent,直连,39.208
T08,1249.229,descent,直连,39.367
T08,1250.226,descent,直连,39.53
T08,1251.223,descent,直连,39.695
T08,1252.22,descent,直连,39.864
T08,1253.217,descent,直连,40.036
T08,1254.215,descent,直连,40.212
T08,1255.212,descent,直连,40.391
T08,1256.209,descent,直连,40.574
T08,1257.206,descent,直连,40.761
T08,1258.203,descent,直连,40.952
T08,1259.201,descent,直连,41.147
T08,1260.198,descent,直连,41.347
T08,1261.195,descent,直连,41.551
T08,1262.192,descent,直连,41.761
T08,1263.189,descent,直连,41.975
T08,1264.186,descent,直连,42.195
T08,1265.184,descent,直连,42.421
T08,1266.181,descent,直连,42.653
T08,1267.178,descent,直连,42.891
T08,1268.175,descent,直连,43.136
T08,1269.172,descent,直连,43.388
T08,1270.17,descent,直连,43.647
T08,1271.167,descent,直连,43.915
T08,1272.164,descent,直连,44.191
T08,1273.161,descent,直连,44.476
T08,1274.158,descent,直连,44.77
T08,1275.156,descent,直连,45.075
T08,1276.153,descent,直连,45.391
T08,1277.15,descent,直连,45.72
T08,1278.147,descent,直连,46.06
T08,1279.144,descent,直连,46.415
T08,1280.141,descent,直连,46.785
T08,1281.139,descent,直连,47.172
T08,1282.136,descent,直连,47.576
T08,1283.133,descent,直连,48.001
T08,1284.13,descent,直连,48.447
T08,1285.127,descent,直连,48.917
T08,1286.125,descent,直连,49.414
T08,1287.122,descent,直连,49.941
T08,1288.119,descent,直连,50.503
T08,1289.116,descent,直连,51.103
T08,1290.113,descent,直连,51.748
T08,1291.111,descent,直连,52.444
T08,1292.108,descent,直连,53.201
T08,1293.105,descent,直连,54.031
T08,1294.102,descent,直连,54.948
T08,1295.099,descent,直连,55.974
T08,1296.096,descent,直连,57.138
T08,1297.094,descent,直连,58.481
T08,1298.091,descent,直连,60.071
T08,1299.088,descent,直连,62.019
T08,1300.085,descent,直连,64.535
T08,1301.082,descent,直连,68.089
T08,1302.08,descent,直连,74.21
T08,1303.077,descent,直连,106.942
T08,1304.074,descent,直连,73.818
T08,1305.071,descent,直连,67.893
T08,1306.068,descent,直连,64.404
T08,1307.066,descent,直连,61.921
T08,1308.063,descent,直连,59.993
T08,1309.06,descent,直连,58.416
T08,1310.057,descent,直连,57.082
T08,1311.054,descent,直连,45.925
T09,2251.1,climb,直连,45.925
T09,2252.092,climb,直连,57.324
T09,2253.084,climb,直连,58.993
T09,2254.076,climb,直连,61.061
T09,2255.068,climb,直连,63.78
T09,2256.06,climb,直连,67.759
T09,2257.052,climb,直连,75.318
T09,2258.044,climb,直连,83.552
T09,2259.036,climb,直连,70.334
T09,2260.028,climb,直连,65.318
T09,2261.02,climb,直连,62.158
T09,2262.012,climb,直连,59.846
T09,2263.003,climb,直连,58.022
T09,2263.995,climb,直连,56.515
T09,2264.987,climb,直连,55.232
T09,2265.979,climb,直连,54.114
T09,2266.971,climb,直连,53.123
T09,2267.963,climb,直连,52.234
T09,2268.955,climb,直连,51.428
T09,2269.947,climb,直连,50.69
T09,2270.939,climb,直连,50.01
T09,2271.931,climb,直连,49.379
T09,2272.923,climb,直连,48.791
T09,2273.915,climb,直连,48.241
T09,2274.907,climb,直连,47.723
T09,2275.899,climb,直连,47.234
T09,2276.891,climb,直连,46.772
T09,2277.883,climb,直连,46.332
T09,2278.875,climb,直连,45.914
T09,2279.867,climb,直连,45.515
T09,2280.859,climb,直连,45.134
T09,2281.851,climb,直连,44.769
T09,2282.843,climb,直连,44.418
T09,2283.835,climb,直连,44.081
T09,2284.827,climb,直连,43.757
T09,2285.819,climb,直连,43.444
T09,2286.81,climb,直连,43.142
T09,2287.802,climb,直连,42.851
T09,2288.794,climb,直连,42.568
T09,2289.786,climb,直连,42.295
T09,2290.778,climb,直连,42.03
T09,2291.77,climb,直连,41.773
T09,2292.762,climb,直连,41.523
T09,2293.754,climb,直连,41.28
T09,2294.746,climb,直连,41.044
T09,2295.738,climb,直连,40.814
T09,2296.73,climb,直连,40.59
T09,2297.722,climb,直连,40.372
T09,2298.714,climb,直连,40.159
T09,2299.706,climb,直连,39.951
T09,2300.698,climb,直连,39.748
T09,2301.69,climb,直连,39.549
T09,2302.682,climb,直连,39.355
T09,2303.674,climb,直连,39.166
T09,2304.666,climb,直连,38.98
T09,2305.658,climb,直连,38.798
T09,2306.65,climb,直连,38.62
T09,2307.642,climb,直连,38.446
T09,2308.634,climb,直连,38.275
T09,2309.626,climb,直连,38.107
T09,2310.617,climb,直连,37.942
T09,2311.609,climb,直连,37.781
T09,2312.601,climb,直连,37.622
T09,2313.593,climb,直连,37.467
T09,2314.585,climb,直连,37.314
T09,2315.577,climb,直连,37.163
T09,2316.569,climb,直连,37.015
T09,2317.561,climb,直连,36.87
T09,2318.553,climb,直连,36.727
T09,2319.545,climb,直连,36.587
T09,2320.537,climb,直连,36.448
T09,2321.529,climb,直连,36.312
T09,2322.521,climb,直连,36.178
T09,2323.513,climb,直连,36.046
T09,2324.505,climb,直连,35.916
T09,2325.497,climb,直连,35.788
T09,2326.489,climb,直连,35.661
T09,2327.481,climb,直连,35.537
T09,2328.473,climb,直连,35.414
T09,2329.465,climb,直连,35.293
T09,2330.457,climb,直连,35.174
T09,2331.449,climb,直连,35.056
T09,2332.441,climb,直连,34.94
T09,2333.433,climb,直连,34.825
T09,2334.424,climb,直连,34.712
T09,2335.416,climb,直连,34.601
T09,2336.408,climb,直连,34.49
T09,2337.4,climb,直连,34.381
T09,2338.392,climb,直连,34.274
T09,2339.384,climb,直连,34.168
T09,2340.376,climb,直连,34.063
T09,2341.368,climb,直连,33.959
T09,2342.36,climb,直连,33.857
T09,2343.352,climb,直连,33.755
T09,2344.344,climb,直连,33.655
T09,2345.336,climb,直连,33.556
T09,2346.328,climb,直连,33.458
T09,2346.328,cruise,直连,33.458
T09,2347.327,cruise,直连,33.445
T09,2348.327,cruise,直连,33.404
T09,2349.326,cruise,直连,33.336
T09,2350.325,cruise,直连,33.243
T09,2351.325,cruise,直连,33.126
T09,2352.324,cruise,直连,32.987
T09,2353.323,cruise,直连,32.829
T09,2354.323,cruise,直连,32.653
T09,2355.322,cruise,直连,32.462
T09,2356.322,cruise,直连,32.258
T09,2357.321,cruise,直连,32.043
T09,2358.32,cruise,直连,31.819
T09,2359.32,cruise,直连,31.589
T09,2360.319,cruise,直连,31.352
T09,2361.318,cruise,直连,31.112
T09,2362.318,cruise,直连,30.869
T09,2363.317,cruise,直连,30.625
T09,2364.316,cruise,直连,30.38
T09,2365.316,cruise,直连,30.135
T09,2366.315,cruise,直连,29.891
T09,2367.314,cruise,直连,29.649
T09,2368.314,cruise,直连,29.408
T09,2369.313,cruise,直连,29.17
T09,2370.313,cruise,直连,28.934
T09,2371.312,cruise,直连,28.702
T09,2372.311,cruise,直连,28.472
T09,2373.311,cruise,直连,28.245
T09,2374.31,cruise,直连,28.022
T09,2375.309,cruise,直连,27.803
T09,2376.309,cruise,直连,27.586
T09,2377.308,cruise,直连,27.373
T09,2378.307,cruise,直连,27.164
T09,2379.307,cruise,直连,26.958
T09,2380.306,cruise,直连,26.755
T09,2381.305,cruise,直连,26.556
T09,2382.305,cruise,直连,26.36
T09,2383.304,cruise,直连,26.168
T09,2384.304,cruise,直连,25.978
T09,2385.303,cruise,直连,25.792
T09,2386.302,cruise,直连,25.609
T09,2387.302,cruise,直连,25.429
T09,2388.301,cruise,直连,25.252
T09,2389.3,cruise,直连,25.078
T09,2390.3,cruise,直连,24.907
T09,2391.299,cruise,直连,24.738
T09,2392.298,cruise,直连,24.572
T09,2393.298,cruise,直连,24.409
T09,2394.297,cruise,直连,24.249
T09,2395.296,cruise,直连,24.091
T09,2396.296,cruise,直连,23.935
T09,2397.295,cruise,直连,23.782
T09,2398.294,cruise,直连,23.631
T09,2399.294,cruise,直连,23.483
T09,2400.293,cruise,直连,23.336
T09,2401.293,cruise,直连,23.192
T09,2402.292,cruise,直连,23.05
T09,2403.291,cruise,直连,22.91
T09,2404.291,cruise,直连,22.772
T09,2405.29,cruise,直连,22.636
T09,2406.289,cruise,直连,22.502
T09,2407.289,cruise,直连,22.37
T09,2408.288,cruise,直连,22.24
T09,2409.287,cruise,直连,22.111
T09,2410.287,cruise,直连,21.984
T09,2411.286,cruise,直连,21.859
T09,2412.285,cruise,直连,21.735
T09,2413.285,cruise,直连,21.613
T09,2414.284,cruise,直连,21.493
T09,2415.284,cruise,直连,21.374
T09,2416.283,cruise,直连,21.257
T09,2417.282,cruise,直连,21.141
T09,2418.282,cruise,直连,21.027
T09,2419.281,cruise,直连,20.913
T09,2420.28,cruise,直连,20.802
T09,2421.28,cruise,直连,20.691
T09,2422.279,cruise,直连,20.582
T09,2423.278,cruise,直连,20.475
T09,2424.278,cruise,直连,20.368
T09,2425.277,cruise,直连,20.263
T09,2426.276,cruise,直连,20.159
T09,2427.276,cruise,直连,20.056
T09,2428.275,cruise,直连,19.954
T09,2429.274,cruise,直连,19.853
T09,2430.274,cruise,直连,19.754
T09,2431.273,cruise,直连,19.655
T09,2432.273,cruise,直连,19.558
T09,2433.272,cruise,直连,19.462
T09,2434.271,cruise,直连,19.366
T09,2435.271,cruise,直连,19.272
T09,2436.27,cruise,直连,19.179
T09,2437.269,cruise,直连,19.086
T09,2438.269,cruise,直连,18.995
T09,2439.268,cruise,直连,18.904
T09,2440.267,cruise,直连,18.814
T09,2441.267,cruise,直连,18.726
T09,2442.266,cruise,直连,18.638
T09,2443.265,cruise,直连,18.551
T09,2444.265,cruise,直连,18.464
T09,2445.264,cruise,直连,18.379
T09,2446.264,cruise,直连,18.294
T09,2447.263,cruise,直连,18.211
T09,2448.262,cruise,直连,18.127
T09,2449.262,cruise,直连,18.045
T09,2450.261,cruise,直连,17.964
T09,2451.26,cruise,直连,17.883
T09,2452.26,cruise,直连,17.803
T09,2453.259,cruise,直连,17.723
T09,2454.258,cruise,直连,17.645
T09,2455.258,cruise,直连,17.567
T09,2456.257,cruise,直连,17.49
T09,2457.256,cruise,直连,17.413
T09,2458.256,cruise,直连,17.337
T09,2459.255,cruise,直连,17.262
T09,2460.255,cruise,直连,17.187
T09,2461.254,cruise,直连,17.113
T09,2462.253,cruise,直连,17.039
T09,2463.253,cruise,直连,16.966
T09,2464.252,cruise,直连,16.894
T09,2465.251,cruise,直连,16.822
T09,2466.251,cruise,直连,16.751
T09,2467.25,cruise,直连,16.681
T09,2468.249,cruise,直连,16.611
T09,2469.249,cruise,直连,16.541
T09,2470.248,cruise,直连,16.472
T09,2471.247,cruise,直连,16.404
T09,2472.247,cruise,直连,16.336
T09,2473.246,cruise,直连,16.269
T09,2474.245,cruise,直连,16.202
T09,2475.245,cruise,直连,16.136
T09,2476.244,cruise,直连,16.07
T09,2477.244,cruise,直连,16.004
T09,2478.243,cruise,直连,15.94
T09,2479.242,cruise,直连,15.875
T09,2480.242,cruise,直连,15.811
T09,2481.241,cruise,直连,15.748
T09,2482.24,cruise,直连,15.685
T09,2483.24,cruise,直连,15.622
T09,2484.239,cruise,直连,15.56
T09,2485.238,cruise,直连,15.498
T09,2486.238,cruise,直连,15.437
T09,2487.237,cruise,直连,15.376
T09,2488.236,cruise,直连,15.316
T09,2489.236,cruise,直连,15.256
T09,2490.235,cruise,直连,15.196
T09,2491.235,cruise,直连,15.137
T09,2492.234,cruise,直连,15.078
T09,2493.233,cruise,直连,15.02
T09,2494.233,cruise,直连,14.962
T09,2495.232,cruise,直连,14.904
T09,2496.231,cruise,直连,14.847
T09,2497.231,cruise,直连,14.79
T09,2498.23,cruise,直连,14.733
T09,2499.229,cruise,直连,14.677
T09,2500.229,cruise,直连,14.621
T09,2501.228,cruise,直连,14.566
T09,2502.227,cruise,直连,14.511
T09,2503.227,cruise,直连,14.456
T09,2504.226,cruise,直连,14.401
T09,2505.226,cruise,直连,14.347
T09,2506.225,cruise,直连,14.293
T09,2507.224,cruise,直连,14.24
T09,2508.224,cruise,直连,14.187
T09,2509.223,cruise,直连,14.134
T09,2510.222,cruise,直连,14.081
T09,2511.222,cruise,直连,14.029
T09,2512.221,cruise,直连,13.977
T09,2513.22,cruise,直连,13.926
T09,2514.22,cruise,直连,13.874
T09,2515.219,cruise,直连,13.824
T09,2516.218,cruise,直连,13.773
T09,2517.218,cruise,直连,13.722
T09,2518.217,cruise,直连,13.672
T09,2519.216,cruise,直连,13.622
T09,2520.216,cruise,直连,13.573
T09,2521.215,cruise,直连,13.524
T09,2522.215,cruise,直连,13.475
T09,2523.214,cruise,直连,13.426
T09,2524.213,cruise,直连,13.378
T09,2525.213,cruise,直连,13.329
T09,2526.212,cruise,直连,13.281
T09,2527.211,cruise,直连,13.234
T09,2528.211,cruise,直连,13.186
T09,2529.21,cruise,直连,13.139
T09,2530.209,cruise,直连,13.092
T09,2531.209,cruise,直连,13.046
T09,2532.208,cruise,直连,12.999
T09,2533.207,cruise,直连,12.953
T09,2534.207,cruise,直连,12.907
T09,2535.206,cruise,直连,12.862
T09,2536.206,cruise,直连,12.816
T09,2537.205,cruise,直连,12.771
T09,2538.204,cruise,直连,12.726
T09,2539.204,cruise,直连,12.681
T09,2540.203,cruise,直连,12.637
T09,2541.202,cruise,直连,12.592
T09,2542.202,cruise,直连,12.548
T09,2543.201,cruise,直连,12.504
T09,2544.2,cruise,直连,12.461
T09,2545.2,cruise,直连,12.417
T09,2546.199,cruise,直连,12.374
T09,2547.198,cruise,直连,12.331
T09,2548.198,cruise,直连,12.288
T09,2549.197,cruise,直连,12.246
T09,2550.197,cruise,直连,12.204
T09,2551.196,cruise,直连,12.161
T09,2552.195,cruise,直连,12.119
T09,2553.195,cruise,直连,12.078
T09,2554.194,cruise,直连,12.036
T09,2555.193,cruise,直连,11.995
T09,2556.193,cruise,直连,11.954
T09,2557.192,cruise,直连,11.913
T09,2558.191,cruise,直连,11.872
T09,2559.191,cruise,直连,11.831
T09,2560.19,cruise,直连,11.791
T09,2561.189,cruise,直连,11.751
T09,2562.189,cruise,直连,11.711
T09,2563.188,cruise,直连,11.671
T09,2564.187,cruise,直连,11.631
T09,2565.187,cruise,直连,11.592
T09,2566.186,cruise,直连,11.552
T09,2567.186,cruise,直连,11.513
T09,2568.185,cruise,直连,11.474
T09,2569.184,cruise,直连,1.435
T09,2570.184,cruise,直连,11.397
T09,2571.183,cruise,直连,1.358
T09,2572.182,cruise,直连,1.32
T09,2573.182,cruise,直连,1.282
T09,2574.181,cruise,直连,1.244
T09,2575.18,cruise,直连,1.206
T09,2576.18,cruise,直连,1.169
T09,2577.179,cruise,直连,1.131
T09,2578.178,cruise,直连,1.094
T09,2579.178,cruise,直连,1.057
T09,2580.177,cruise,直连,1.02
T09,2581.177,cruise,直连,0.983
T09,2582.176,cruise,直连,0.946
T09,2583.175,cruise,直连,0.91
T09,2584.175,cruise,直连,0.873
T09,2585.174,cruise,直连,0.837
T09,2586.173,cruise,直连,0.801
T09,2587.173,cruise,直连,0.765
T09,2588.172,cruise,直连,0.729
T09,2589.171,cruise,直连,0.694
T09,2590.171,cruise,直连,0.658
T09,2591.17,cruise,直连,0.623
T09,2592.169,cruise,直连,0.588
T09,2593.169,cruise,直连,0.553
T09,2594.168,cruise,直连,0.518
T09,2595.168,cruise,直连,0.483
T09,2596.167,cruise,直连,0.448
T09,2597.166,cruise,直连,0.414
T09,2598.166,cruise,直连,0.379
T09,2599.165,cruise,直连,0.345
T09,2600.164,cruise,直连,0.311
T09,2601.164,cruise,直连,0.277
T09,2602.163,cruise,直连,0.243
T09,2603.162,cruise,直连,0.21
T09,2604.162,cruise,直连,0.176
T09,2605.161,cruise,直连,0.143
T09,2606.16,cruise,直连,0.109
T09,2607.16,cruise,直连,0.076
T09,2608.159,cruise,直连,0.043
T09,2609.158,cruise,直连,0.01
T09,2610.158,cruise,中继,2.306
T09,2611.157,cruise,中继,2.306
T09,2612.157,cruise,中继,2.306
T09,2613.156,cruise,中继,2.306
T09,2614.155,cruise,中继,2.306
T09,2615.155,cruise,中继,2.306
T09,2616.154,cruise,中继,2.306
T09,2617.153,cruise,中继,2.306
T09,2618.153,cruise,中继,2.306
T09,2619.152,cruise,中继,2.306
T09,2620.151,cruise,中继,2.306
T09,2621.151,cruise,中继,2.306
T09,2622.15,cruise,中继,2.306
T09,2623.149,cruise,中继,2.306
T09,2624.149,cruise,中继,2.306
T09,2625.148,cruise,中继,2.306
T09,2626.148,cruise,中继,2.306
T09,2627.147,cruise,中继,2.306
T09,2628.146,cruise,中继,2.306
T09,2629.146,cruise,中继,2.306
T09,2630.145,cruise,中继,2.306
T09,2631.144,cruise,中继,2.306
T09,2632.144,cruise,中继,2.306
T09,2633.143,cruise,中继,2.306
T09,2634.142,cruise,中继,2.306
T09,2635.142,cruise,中继,2.306
T09,2636.141,cruise,中继,2.306
T09,2637.14,cruise,中继,2.306
T09,2638.14,cruise,中继,2.306
T09,2639.139,cruise,中继,2.306
T09,2640.138,cruise,中继,2.306
T09,2641.138,cruise,中继,2.306
T09,2642.137,cruise,中继,2.306
T09,2643.137,cruise,中继,2.306
T09,2644.136,cruise,中继,2.306
T09,2645.135,cruise,中继,2.306
T09,2646.135,cruise,中继,2.306
T09,2647.134,cruise,中继,2.306
T09,2648.133,cruise,中继,2.306
T09,2649.133,cruise,中继,2.306
T09,2650.132,cruise,中继,2.306
T09,2651.131,cruise,中继,2.306
T09,2652.131,cruise,中继,2.306
T09,2653.13,cruise,中继,2.306
T09,2654.129,cruise,中继,2.306
T09,2655.129,cruise,中继,2.306
T09,2656.128,cruise,中继,2.306
T09,2657.128,cruise,中继,2.306
T09,2658.127,cruise,中继,2.306
T09,2659.126,cruise,中继,2.306
T09,2660.126,cruise,中继,2.306
T09,2661.125,cruise,中继,2.306
T09,2662.124,cruise,中继,2.306
T09,2663.124,cruise,中继,2.306
T09,2664.123,cruise,中继,2.306
T09,2665.122,cruise,中继,2.306
T09,2666.122,cruise,中继,2.306
T09,2667.121,cruise,中继,2.306
T09,2668.12,cruise,中继,2.306
T09,2669.12,cruise,中继,2.306
T09,2670.119,cruise,中继,2.306
T09,2671.119,cruise,中继,2.306
T09,2672.118,cruise,中继,2.306
T09,2673.117,cruise,中继,2.306
T09,2674.117,cruise,中继,2.306
T09,2675.116,cruise,中继,2.306
T09,2676.115,cruise,中继,2.306
T09,2677.115,cruise,中继,2.306
T09,2678.114,cruise,中继,2.306
T09,2679.113,cruise,中继,2.306
T09,2680.113,cruise,中继,2.306
T09,2681.112,cruise,中继,2.306
T09,2682.111,cruise,中继,2.306
T09,2683.111,cruise,中继,2.306
T09,2684.11,cruise,中继,2.306
T09,2685.109,cruise,中继,2.306
T09,2686.109,cruise,中继,2.306
T09,2687.108,cruise,中继,2.306
T09,2688.108,cruise,中继,2.306
T09,2689.107,cruise,中继,2.306
T09,2690.106,cruise,中继,2.306
T09,2691.106,cruise,中继,2.306
T09,2692.105,cruise,中继,2.306
T09,2693.104,cruise,中继,2.306
T09,2694.104,cruise,中继,2.306
T09,2695.103,cruise,中继,2.306
T09,2696.102,cruise,中继,2.306
T09,2697.102,cruise,中继,2.306
T09,2698.101,cruise,中继,2.306
T09,2699.1,cruise,中继,2.306
T09,2700.1,cruise,中继,2.306
T09,2701.099,cruise,中继,2.306
T09,2702.099,cruise,中继,2.306
T09,2703.098,cruise,中继,2.306
T09,2704.097,cruise,中继,2.306
T09,2705.097,cruise,中继,2.306
T09,2706.096,cruise,中继,2.306
T09,2707.095,cruise,中继,2.306
T09,2708.095,cruise,中继,2.306
T09,2709.094,cruise,中继,2.306
T09,2710.093,cruise,中继,2.306
T09,2711.093,cruise,中继,2.306
T09,2712.092,cruise,中继,2.306
T09,2713.091,cruise,中继,2.306
T09,2714.091,cruise,中继,2.306
T09,2715.09,cruise,中继,2.306
T09,2716.09,cruise,中继,2.306
T09,2717.089,cruise,中继,2.306
T09,2718.088,cruise,中继,2.306
T09,2719.088,cruise,中继,2.306
T09,2720.087,cruise,中继,2.306
T09,2721.086,cruise,中继,2.306
T09,2722.086,cruise,中继,2.306
T09,2723.085,cruise,中继,2.306
T09,2724.084,cruise,中继,2.306
T09,2725.084,cruise,中继,2.306
T09,2726.083,cruise,中继,2.306
T09,2727.082,cruise,中继,2.306
T09,2728.082,cruise,中继,2.306
T09,2729.081,cruise,中继,2.306
T09,2730.08,cruise,中继,2.306
T09,2731.08,cruise,中继,2.306
T09,2732.079,cruise,中继,2.306
T09,2733.079,cruise,中继,2.306
T09,2734.078,cruise,中继,2.306
T09,2735.077,cruise,中继,2.306
T09,2736.077,cruise,中继,2.306
T09,2737.076,cruise,中继,2.306
T09,2738.075,cruise,中继,2.306
T09,2739.075,cruise,中继,2.306
T09,2740.074,cruise,中继,2.306
T09,2741.073,cruise,中继,2.306
T09,2742.073,cruise,中继,2.306
T09,2743.072,cruise,中继,2.306
T09,2744.071,cruise,中继,2.306
T09,2745.071,cruise,中继,2.306
T09,2746.07,cruise,中继,2.306
T09,2747.07,cruise,中继,2.306
T09,2748.069,cruise,中继,2.306
T09,2749.068,cruise,中继,2.306
T09,2750.068,cruise,中继,2.306
T09,2751.067,cruise,中继,2.306
T09,2752.066,cruise,中继,2.306
T09,2753.066,cruise,中继,2.306
T09,2754.065,cruise,中继,2.306
T09,2755.064,cruise,中继,2.306
T09,2756.064,cruise,中继,2.306
T09,2757.063,cruise,中继,2.306
T09,2758.062,cruise,中继,2.306
T09,2759.062,cruise,中继,2.306
T09,2760.061,cruise,中继,2.306
T09,2761.061,cruise,中继,2.306
T09,2762.06,cruise,中继,2.306
T09,2763.059,cruise,中继,2.306
T09,2764.059,cruise,中继,2.306
T09,2765.058,cruise,中继,2.306
T09,2766.057,cruise,中继,2.306
T09,2767.057,cruise,中继,2.306
T09,2768.056,cruise,中继,2.306
T09,2769.055,cruise,中继,2.306
T09,2770.055,cruise,中继,2.306
T09,2771.054,cruise,中继,2.306
T09,2772.053,cruise,中继,2.306
T09,2773.053,cruise,中继,2.306
T09,2774.052,cruise,中继,2.306
T09,2775.051,cruise,中继,2.306
T09,2776.051,cruise,中继,2.306
T09,2777.05,cruise,中继,2.306
T09,2778.05,cruise,中继,2.306
T09,2779.049,cruise,中继,2.306
T09,2780.048,cruise,中继,2.306
T09,2781.048,cruise,中继,2.306
T09,2782.047,cruise,中继,2.306
T09,2783.046,cruise,中继,2.306
T09,2784.046,cruise,中继,2.306
T09,2785.045,cruise,中继,2.306
T09,2786.044,cruise,中继,2.306
T09,2787.044,cruise,中继,2.306
T09,2788.043,cruise,中继,2.306
T09,2789.042,cruise,中继,2.306
T09,2790.042,cruise,中继,2.306
T09,2791.041,cruise,中继,2.306
T09,2792.041,cruise,中继,2.306
T09,2793.04,cruise,中继,2.306
T09,2794.039,cruise,中继,2.306
T09,2795.039,cruise,中继,2.306
T09,2796.038,cruise,中继,2.306
T09,2797.037,cruise,中继,2.306
T09,2798.037,cruise,中继,2.306
T09,2799.036,cruise,中继,2.306
T09,2800.035,cruise,中继,2.306
T09,2801.035,cruise,中继,2.306
T09,2802.034,cruise,中继,2.306
T09,2803.033,cruise,中继,2.306
T09,2804.033,cruise,中继,2.306
T09,2805.032,cruise,中继,2.306
T09,2806.032,cruise,中继,2.306
T09,2807.031,cruise,中继,2.306
T09,2808.03,cruise,中继,2.306
T09,2809.03,cruise,中继,2.306
T09,2810.029,cruise,中继,2.306
T09,2811.028,cruise,中继,2.306
T09,2812.028,cruise,中继,2.306
T09,2813.027,cruise,中继,2.306
T09,2814.026,cruise,中继,2.306
T09,2815.026,cruise,中继,2.306
T09,2816.025,cruise,中继,2.306
T09,2817.024,cruise,中继,2.306
T09,2818.024,cruise,中继,2.306
T09,2819.023,cruise,中继,2.306
T09,2820.022,cruise,中继,2.306
T09,2821.022,cruise,中继,2.306
T09,2822.021,cruise,中继,2.306
T09,2823.021,cruise,中继,2.306
T09,2824.02,cruise,中继,2.306
T09,2825.019,cruise,中继,2.306
T09,2826.019,cruise,中继,2.306
T09,2827.018,cruise,中继,2.306
T09,2828.017,cruise,中继,2.306
T09,2829.017,cruise,中继,2.306
T09,2830.016,cruise,中继,2.306
T09,2831.015,cruise,中继,2.306
T09,2832.015,cruise,中继,2.306
T09,2833.014,cruise,中继,2.306
T09,2834.013,cruise,中继,2.306
T09,2835.013,cruise,中继,2.306
T09,2836.012,cruise,中继,2.306
T09,2837.012,cruise,中继,2.306
T09,2838.011,cruise,中继,2.306
T09,2839.01,cruise,中继,2.306
T09,2839.01,descent,中继,2.306
T09,2840.0,descent,中继,2.306
T09,2840.989,descent,中继,2.306
T09,2841.979,descent,中继,2.306
T09,2842.968,descent,中继,2.306
T09,2843.958,descent,中继,2.306
T09,2844.947,descent,中继,2.306
T09,2845.937,descent,中继,2.306
T09,2846.926,descent,中继,2.306
T09,2847.916,descent,中继,2.306
T09,2848.905,descent,中继,2.306
T09,2849.895,descent,中继,2.306
T09,2850.884,descent,中继,2.306
T09,2851.874,descent,中继,2.306
T09,2852.863,descent,中继,2.306
T09,2853.853,descent,中继,2.306
T09,2854.842,descent,中继,2.306
T09,2855.832,descent,中继,2.306
T09,2856.821,descent,中继,2.306
T09,2857.811,descent,中继,2.306
T09,2858.8,descent,中继,2.306
T09,2859.79,descent,中继,2.306
T09,2860.779,descent,中继,2.306
T09,2861.769,descent,中继,2.306
T09,2862.758,descent,中继,2.306
T09,2863.748,descent,中继,2.306
T09,2864.738,descent,中继,2.306
T09,2865.727,descent,中继,2.306
T09,2866.717,descent,中继,2.306
T09,2867.706,descent,中继,2.306
T09,2868.696,descent,中继,2.306
T09,2869.685,descent,中继,2.306
T09,2870.675,descent,中继,2.306
T09,2871.664,descent,中继,2.306
T09,2872.654,descent,中继,2.306
T09,2873.643,descent,中继,2.306
T09,2874.633,descent,中继,2.306
T09,2875.622,descent,中继,2.306
T09,2876.612,descent,中继,2.306
T09,2877.601,descent,中继,2.306
T09,2878.591,descent,中继,2.306
T09,2879.58,descent,中继,2.306
T09,2880.57,descent,中继,2.306
T09,2881.559,descent,中继,2.306
T09,2882.549,descent,中继,2.306
T09,2883.538,descent,中继,2.306
T09,2884.528,descent,中继,2.306
T09,2885.517,descent,中继,2.306
T09,2886.507,descent,中继,2.306
T09,2887.496,descent,中继,2.306
T09,2888.486,descent,中继,2.306
T09,2889.475,descent,中继,2.306
T09,2890.465,descent,中继,2.306
T09,2891.454,descent,中继,2.306
T09,2892.444,descent,中继,2.306
T09,2892.444,handover,中继,2.306
T09,3132.444,handover,中继,2.306
T09,3132.444,climb,中继,2.306
T09,3133.433,climb,中继,2.306
T09,3134.423,climb,中继,2.306
T09,3135.412,climb,中继,2.306
T09,3136.402,climb,中继,2.306
T09,3137.391,climb,中继,2.306
T09,3138.381,climb,中继,2.306
T09,3139.37,climb,中继,2.306
T09,3140.36,climb,中继,2.306
T09,3141.349,climb,中继,2.306
T09,3142.339,climb,中继,2.306
T09,3143.328,climb,中继,2.306
T09,3144.318,climb,中继,2.306
T09,3145.307,climb,中继,2.306
T09,3146.297,climb,中继,2.306
T09,3147.286,climb,中继,2.306
T09,3148.276,climb,中继,2.306
T09,3149.266,climb,中继,2.306
T09,3150.255,climb,中继,2.306
T09,3151.245,climb,中继,2.306
T09,3152.234,climb,中继,2.306
T09,3153.224,climb,中继,2.306
T09,3154.213,climb,中继,2.306
T09,3155.203,climb,中继,2.306
T09,3156.192,climb,中继,2.306
T09,3157.182,climb,中继,2.306
T09,3158.171,climb,中继,2.306
T09,3159.161,climb,中继,2.306
T09,3160.15,climb,中继,2.306
T09,3161.14,climb,中继,2.306
T09,3162.129,climb,中继,2.306
T09,3163.119,climb,中继,2.306
T09,3164.108,climb,中继,2.306
T09,3165.098,climb,中继,2.306
T09,3166.087,climb,中继,2.306
T09,3167.077,climb,中继,2.306
T09,3168.066,climb,中继,2.306
T09,3169.056,climb,中继,2.306
T09,3170.045,climb,中继,2.306
T09,3171.035,climb,中继,2.306
T09,3172.024,climb,中继,2.306
T09,3173.014,climb,中继,2.306
T09,3174.003,climb,中继,2.306
T09,3174.993,climb,中继,2.306
T09,3175.982,climb,中继,2.306
T09,3176.972,climb,中继,2.306
T09,3176.972,cruise,中继,2.306
T09,3177.971,cruise,中继,2.306
T09,3178.971,cruise,中继,2.306
T09,3179.97,cruise,中继,2.306
T09,3180.969,cruise,中继,2.306
T09,3181.969,cruise,中继,2.306
T09,3182.968,cruise,中继,2.306
T09,3183.967,cruise,中继,2.306
T09,3184.967,cruise,中继,2.306
T09,3185.966,cruise,中继,2.306
T09,3186.965,cruise,中继,2.306
T09,3187.965,cruise,中继,2.306
T09,3188.964,cruise,中继,2.306
T09,3189.963,cruise,中继,2.306
T09,3190.963,cruise,中继,2.306
T09,3191.962,cruise,中继,2.306
T09,3192.962,cruise,中继,2.306
T09,3193.961,cruise,中继,2.306
T09,3194.96,cruise,中继,2.306
T09,3195.96,cruise,中继,2.306
T09,3196.959,cruise,中继,2.306
T09,3197.958,cruise,中继,2.306
T09,3198.958,cruise,中继,2.306
T09,3199.957,cruise,中继,2.306
T09,3200.956,cruise,中继,2.306
T09,3201.956,cruise,中继,2.306
T09,3202.955,cruise,中继,2.306
T09,3203.954,cruise,中继,2.306
T09,3204.954,cruise,中继,2.306
T09,3205.953,cruise,中继,2.306
T09,3206.952,cruise,中继,2.306
T09,3207.952,cruise,中继,2.306
T09,3208.951,cruise,中继,2.306
T09,3209.951,cruise,中继,2.306
T09,3210.95,cruise,中继,2.306
T09,3211.949,cruise,中继,2.306
T09,3212.949,cruise,中继,2.306
T09,3213.948,cruise,中继,2.306
T09,3214.947,cruise,中继,2.306
T09,3215.947,cruise,中继,2.306
T09,3216.946,cruise,中继,2.306
T09,3217.945,cruise,中继,2.306
T09,3218.945,cruise,中继,2.306
T09,3219.944,cruise,中继,2.306
T09,3220.943,cruise,中继,2.306
T09,3221.943,cruise,中继,2.306
T09,3222.942,cruise,中继,2.306
T09,3223.942,cruise,中继,2.306
T09,3224.941,cruise,中继,2.306
T09,3225.94,cruise,中继,2.306
T09,3226.94,cruise,中继,2.306
T09,3227.939,cruise,中继,2.306
T09,3228.938,cruise,中继,2.306
T09,3229.938,cruise,中继,2.306
T09,3230.937,cruise,中继,2.306
T09,3231.936,cruise,中继,2.306
T09,3232.936,cruise,中继,2.306
T09,3233.935,cruise,中继,2.306
T09,3234.934,cruise,中继,2.306
T09,3235.934,cruise,中继,2.306
T09,3236.933,cruise,中继,2.306
T09,3237.933,cruise,中继,2.306
T09,3238.932,cruise,中继,2.306
T09,3239.931,cruise,中继,2.306
T09,3240.931,cruise,中继,2.306
T09,3241.93,cruise,中继,2.306
T09,3242.929,cruise,中继,2.306
T09,3243.929,cruise,中继,2.306
T09,3244.928,cruise,中继,2.306
T09,3245.927,cruise,中继,2.306
T09,3246.927,cruise,中继,2.306
T09,3247.926,cruise,中继,2.306
T09,3248.925,cruise,中继,2.306
T09,3249.925,cruise,中继,2.306
T09,3250.924,cruise,中继,2.306
T09,3251.923,cruise,中继,2.306
T09,3252.923,cruise,中继,2.306
T09,3253.922,cruise,中继,2.306
T09,3254.922,cruise,中继,2.306
T09,3255.921,cruise,中继,2.306
T09,3256.92,cruise,中继,2.306
T09,3257.92,cruise,中继,2.306
T09,3258.919,cruise,中继,2.306
T09,3259.918,cruise,中继,2.306
T09,3260.918,cruise,中继,2.306
T09,3261.917,cruise,中继,2.306
T09,3262.916,cruise,中继,2.306
T09,3263.916,cruise,中继,2.306
T09,3264.915,cruise,中继,2.306
T09,3265.914,cruise,中继,2.306
T09,3266.914,cruise,中继,2.306
T09,3267.913,cruise,中继,2.306
T09,3268.913,cruise,中继,2.306
T09,3269.912,cruise,中继,2.306
T09,3270.911,cruise,中继,2.306
T09,3271.911,cruise,中继,2.306
T09,3272.91,cruise,中继,2.306
T09,3273.909,cruise,中继,2.306
T09,3274.909,cruise,中继,2.306
T09,3275.908,cruise,中继,2.306
T09,3276.907,cruise,中继,2.306
T09,3277.907,cruise,中继,2.306
T09,3278.906,cruise,中继,2.306
T09,3279.905,cruise,中继,2.306
T09,3280.905,cruise,中继,2.306
T09,3281.904,cruise,中继,2.306
T09,3282.903,cruise,中继,2.306
T09,3283.903,cruise,中继,2.306
T09,3284.902,cruise,中继,2.306
T09,3285.902,cruise,中继,2.306
T09,3286.901,cruise,中继,2.306
T09,3287.9,cruise,中继,2.306
T09,3288.9,cruise,中继,2.306
T09,3289.899,cruise,中继,2.306
T09,3290.898,cruise,中继,2.306
T09,3291.898,cruise,中继,2.306
T09,3292.897,cruise,中继,2.306
T09,3293.896,cruise,中继,2.306
T09,3294.896,cruise,中继,2.306
T09,3295.895,cruise,中继,2.306
T09,3296.894,cruise,中继,2.306
T09,3297.894,cruise,中继,2.306
T09,3298.893,cruise,中继,2.306
T09,3299.893,cruise,中继,2.306
T09,3300.892,cruise,中继,2.306
T09,3301.891,cruise,中继,2.306
T09,3302.891,cruise,中继,2.306
T09,3303.89,cruise,中继,2.306
T09,3304.889,cruise,中继,2.306
T09,3305.889,cruise,中继,2.306
T09,3306.888,cruise,中继,2.306
T09,3307.887,cruise,中继,2.306
T09,3308.887,cruise,中继,2.306
T09,3309.886,cruise,中继,2.306
T09,3310.885,cruise,中继,2.306
T09,3311.885,cruise,中继,2.306
T09,3312.884,cruise,中继,2.306
T09,3313.884,cruise,中继,2.306
T09,3314.883,cruise,中继,2.306
T09,3315.882,cruise,中继,2.306
T09,3316.882,cruise,中继,2.306
T09,3317.881,cruise,中继,2.306
T09,3318.88,cruise,中继,2.306
T09,3319.88,cruise,中继,2.306
T09,3320.879,cruise,中继,2.306
T09,3321.878,cruise,中继,2.306
T09,3322.878,cruise,中继,2.306
T09,3323.877,cruise,中继,2.306
T09,3324.876,cruise,中继,2.306
T09,3325.876,cruise,中继,2.306
T09,3326.875,cruise,中继,2.306
T09,3327.874,cruise,中继,2.306
T09,3328.874,cruise,中继,2.306
T09,3329.873,cruise,中继,2.306
T09,3330.873,cruise,中继,2.306
T09,3331.872,cruise,中继,2.306
T09,3332.871,cruise,中继,2.306
T09,3333.871,cruise,中继,2.306
T09,3334.87,cruise,中继,2.306
T09,3335.869,cruise,中继,2.306
T09,3336.869,cruise,中继,2.306
T09,3337.868,cruise,中继,2.306
T09,3338.867,cruise,中继,2.306
T09,3339.867,cruise,中继,2.306
T09,3340.866,cruise,中继,2.306
T09,3341.865,cruise,中继,2.306
T09,3342.865,cruise,中继,2.306
T09,3343.864,cruise,中继,2.306
T09,3344.864,cruise,中继,2.306
T09,3345.863,cruise,中继,2.306
T09,3346.862,cruise,中继,2.306
T09,3347.862,cruise,中继,2.306
T09,3348.861,cruise,中继,2.306
T09,3349.86,cruise,中继,2.306
T09,3350.86,cruise,中继,2.306
T09,3351.859,cruise,中继,2.306
T09,3352.858,cruise,中继,2.306
T09,3353.858,cruise,中继,2.306
T09,3354.857,cruise,中继,2.306
T09,3355.856,cruise,中继,2.306
T09,3356.856,cruise,中继,2.306
T09,3357.855,cruise,中继,2.306
T09,3358.855,cruise,中继,2.306
T09,3359.854,cruise,中继,2.306
T09,3360.853,cruise,中继,2.306
T09,3361.853,cruise,中继,2.306
T09,3362.852,cruise,中继,2.306
T09,3363.851,cruise,中继,2.306
T09,3364.851,cruise,中继,2.306
T09,3365.85,cruise,中继,2.306
T09,3366.849,cruise,中继,2.306
T09,3367.849,cruise,中继,2.306
T09,3368.848,cruise,中继,2.306
T09,3369.847,cruise,中继,2.306
T09,3370.847,cruise,中继,2.306
T09,3371.846,cruise,中继,2.306
T09,3372.845,cruise,中继,2.306
T09,3373.845,cruise,中继,2.306
T09,3374.844,cruise,中继,2.306
T09,3375.844,cruise,中继,2.306
T09,3376.843,cruise,中继,2.306
T09,3377.842,cruise,中继,2.306
T09,3378.842,cruise,中继,2.306
T09,3379.841,cruise,中继,2.306
T09,3380.84,cruise,中继,2.306
T09,3381.84,cruise,中继,2.306
T09,3382.839,cruise,中继,2.306
T09,3383.838,cruise,中继,2.306
T09,3384.838,cruise,中继,2.306
T09,3385.837,cruise,中继,2.306
T09,3386.836,cruise,中继,2.306
T09,3387.836,cruise,中继,2.306
T09,3388.835,cruise,中继,2.306
T09,3389.835,cruise,中继,2.306
T09,3390.834,cruise,中继,2.306
T09,3391.833,cruise,中继,2.306
T09,3392.833,cruise,中继,2.306
T09,3393.832,cruise,中继,2.306
T09,3394.831,cruise,中继,2.306
T09,3395.831,cruise,中继,2.306
T09,3396.83,cruise,中继,2.306
T09,3397.829,cruise,中继,2.306
T09,3398.829,cruise,中继,2.306
T09,3399.828,cruise,中继,2.306
T09,3400.827,cruise,中继,0.562
T09,3401.827,cruise,中继,0.572
T09,3402.826,cruise,中继,0.583
T09,3403.826,cruise,中继,0.593
T09,3404.825,cruise,中继,0.604
T09,3405.824,cruise,中继,0.614
T09,3406.824,cruise,直连,0.01
T09,3407.823,cruise,直连,0.043
T09,3408.822,cruise,直连,0.076
T09,3409.822,cruise,直连,0.109
T09,3410.821,cruise,直连,0.143
T09,3411.82,cruise,直连,0.176
T09,3412.82,cruise,直连,0.21
T09,3413.819,cruise,直连,0.243
T09,3414.818,cruise,直连,0.277
T09,3415.818,cruise,直连,0.311
T09,3416.817,cruise,直连,0.345
T09,3417.816,cruise,直连,0.379
T09,3418.816,cruise,直连,0.414
T09,3419.815,cruise,直连,0.448
T09,3420.815,cruise,直连,0.483
T09,3421.814,cruise,直连,0.518
T09,3422.813,cruise,直连,0.553
T09,3423.813,cruise,直连,0.588
T09,3424.812,cruise,直连,0.623
T09,3425.811,cruise,直连,0.658
T09,3426.811,cruise,直连,0.694
T09,3427.81,cruise,直连,0.729
T09,3428.809,cruise,直连,0.765
T09,3429.809,cruise,直连,0.801
T09,3430.808,cruise,直连,0.837
T09,3431.807,cruise,直连,0.873
T09,3432.807,cruise,直连,0.91
T09,3433.806,cruise,直连,0.946
T09,3434.806,cruise,直连,0.983
T09,3435.805,cruise,直连,1.02
T09,3436.804,cruise,直连,1.057
T09,3437.804,cruise,直连,1.094
T09,3438.803,cruise,直连,1.131
T09,3439.802,cruise,直连,1.169
T09,3440.802,cruise,直连,1.206
T09,3441.801,cruise,直连,1.244
T09,3442.8,cruise,直连,1.282
T09,3443.8,cruise,直连,1.32
T09,3444.799,cruise,直连,1.358
T09,3445.798,cruise,直连,11.397
T09,3446.798,cruise,直连,1.435
T09,3447.797,cruise,直连,11.474
T09,3448.797,cruise,直连,11.513
T09,3449.796,cruise,直连,11.552
T09,3450.795,cruise,直连,11.592
T09,3451.795,cruise,直连,11.631
T09,3452.794,cruise,直连,11.671
T09,3453.793,cruise,直连,11.711
T09,3454.793,cruise,直连,11.751
T09,3455.792,cruise,直连,11.791
T09,3456.791,cruise,直连,11.831
T09,3457.791,cruise,直连,11.872
T09,3458.79,cruise,直连,11.913
T09,3459.789,cruise,直连,11.954
T09,3460.789,cruise,直连,11.995
T09,3461.788,cruise,直连,12.036
T09,3462.787,cruise,直连,12.078
T09,3463.787,cruise,直连,12.119
T09,3464.786,cruise,直连,12.161
T09,3465.786,cruise,直连,12.204
T09,3466.785,cruise,直连,12.246
T09,3467.784,cruise,直连,12.288
T09,3468.784,cruise,直连,12.331
T09,3469.783,cruise,直连,12.374
T09,3470.782,cruise,直连,12.417
T09,3471.782,cruise,直连,12.461
T09,3472.781,cruise,直连,12.504
T09,3473.78,cruise,直连,12.548
T09,3474.78,cruise,直连,12.592
T09,3475.779,cruise,直连,12.637
T09,3476.778,cruise,直连,12.681
T09,3477.778,cruise,直连,12.726
T09,3478.777,cruise,直连,12.771
T09,3479.777,cruise,直连,12.816
T09,3480.776,cruise,直连,12.862
T09,3481.775,cruise,直连,12.907
T09,3482.775,cruise,直连,12.953
T09,3483.774,cruise,直连,12.999
T09,3484.773,cruise,直连,13.046
T09,3485.773,cruise,直连,13.092
T09,3486.772,cruise,直连,13.139
T09,3487.771,cruise,直连,13.186
T09,3488.771,cruise,直连,13.234
T09,3489.77,cruise,直连,13.281
T09,3490.769,cruise,直连,13.329
T09,3491.769,cruise,直连,13.378
T09,3492.768,cruise,直连,13.426
T09,3493.767,cruise,直连,13.475
T09,3494.767,cruise,直连,13.524
T09,3495.766,cruise,直连,13.573
T09,3496.766,cruise,直连,13.622
T09,3497.765,cruise,直连,13.672
T09,3498.764,cruise,直连,13.722
T09,3499.764,cruise,直连,13.773
T09,3500.763,cruise,直连,13.824
T09,3501.762,cruise,直连,13.874
T09,3502.762,cruise,直连,13.926
T09,3503.761,cruise,直连,13.977
T09,3504.76,cruise,直连,14.029
T09,3505.76,cruise,直连,14.081
T09,3506.759,cruise,直连,14.134
T09,3507.758,cruise,直连,14.187
T09,3508.758,cruise,直连,14.24
T09,3509.757,cruise,直连,14.293
T09,3510.757,cruise,直连,14.347
T09,3511.756,cruise,直连,14.401
T09,3512.755,cruise,直连,14.456
T09,3513.755,cruise,直连,14.511
T09,3514.754,cruise,直连,14.566
T09,3515.753,cruise,直连,14.621
T09,3516.753,cruise,直连,14.677
T09,3517.752,cruise,直连,14.733
T09,3518.751,cruise,直连,14.79
T09,3519.751,cruise,直连,14.847
T09,3520.75,cruise,直连,14.904
T09,3521.749,cruise,直连,14.962
T09,3522.749,cruise,直连,15.02
T09,3523.748,cruise,直连,15.078
T09,3524.748,cruise,直连,15.137
T09,3525.747,cruise,直连,15.196
T09,3526.746,cruise,直连,15.256
T09,3527.746,cruise,直连,15.316
T09,3528.745,cruise,直连,15.376
T09,3529.744,cruise,直连,15.437
T09,3530.744,cruise,直连,15.498
T09,3531.743,cruise,直连,15.56
T09,3532.742,cruise,直连,15.622
T09,3533.742,cruise,直连,15.685
T09,3534.741,cruise,直连,15.748
T09,3535.74,cruise,直连,15.811
T09,3536.74,cruise,直连,15.875
T09,3537.739,cruise,直连,15.94
T09,3538.738,cruise,直连,16.004
T09,3539.738,cruise,直连,16.07
T09,3540.737,cruise,直连,16.136
T09,3541.737,cruise,直连,16.202
T09,3542.736,cruise,直连,16.269
T09,3543.735,cruise,直连,16.336
T09,3544.735,cruise,直连,16.404
T09,3545.734,cruise,直连,16.472
T09,3546.733,cruise,直连,16.541
T09,3547.733,cruise,直连,16.611
T09,3548.732,cruise,直连,16.681
T09,3549.731,cruise,直连,16.751
T09,3550.731,cruise,直连,16.822
T09,3551.73,cruise,直连,16.894
T09,3552.729,cruise,直连,16.966
T09,3553.729,cruise,直连,17.039
T09,3554.728,cruise,直连,17.113
T09,3555.728,cruise,直连,17.187
T09,3556.727,cruise,直连,17.262
T09,3557.726,cruise,直连,17.337
T09,3558.726,cruise,直连,17.413
T09,3559.725,cruise,直连,17.49
T09,3560.724,cruise,直连,17.567
T09,3561.724,cruise,直连,17.645
T09,3562.723,cruise,直连,17.723
T09,3563.722,cruise,直连,17.803
T09,3564.722,cruise,直连,17.883
T09,3565.721,cruise,直连,17.964
T09,3566.72,cruise,直连,18.045
T09,3567.72,cruise,直连,18.127
T09,3568.719,cruise,直连,18.211
T09,3569.719,cruise,直连,18.294
T09,3570.718,cruise,直连,18.379
T09,3571.717,cruise,直连,18.464
T09,3572.717,cruise,直连,18.551
T09,3573.716,cruise,直连,18.638
T09,3574.715,cruise,直连,18.726
T09,3575.715,cruise,直连,18.814
T09,3576.714,cruise,直连,18.904
T09,3577.713,cruise,直连,18.995
T09,3578.713,cruise,直连,19.086
T09,3579.712,cruise,直连,19.179
T09,3580.711,cruise,直连,19.272
T09,3581.711,cruise,直连,19.366
T09,3582.71,cruise,直连,19.462
T09,3583.709,cruise,直连,19.558
T09,3584.709,cruise,直连,19.655
T09,3585.708,cruise,直连,19.754
T09,3586.708,cruise,直连,19.853
T09,3587.707,cruise,直连,19.954
T09,3588.706,cruise,直连,20.056
T09,3589.706,cruise,直连,20.159
T09,3590.705,cruise,直连,20.263
T09,3591.704,cruise,直连,20.368
T09,3592.704,cruise,直连,20.475
T09,3593.703,cruise,直连,20.582
T09,3594.702,cruise,直连,20.691
T09,3595.702,cruise,直连,20.802
T09,3596.701,cruise,直连,20.913
T09,3597.7,cruise,直连,21.027
T09,3598.7,cruise,直连,21.141
T09,3599.699,cruise,直连,21.257
T09,3600.699,cruise,直连,21.374
T09,3601.698,cruise,直连,21.493
T09,3602.697,cruise,直连,21.613
T09,3603.697,cruise,直连,21.735
T09,3604.696,cruise,直连,21.859
T09,3605.695,cruise,直连,21.984
T09,3606.695,cruise,直连,22.111
T09,3607.694,cruise,直连,22.24
T09,3608.693,cruise,直连,22.37
T09,3609.693,cruise,直连,22.502
T09,3610.692,cruise,直连,22.636
T09,3611.691,cruise,直连,22.772
T09,3612.691,cruise,直连,22.91
T09,3613.69,cruise,直连,23.05
T09,3614.69,cruise,直连,23.192
T09,3615.689,cruise,直连,23.336
T09,3616.688,cruise,直连,23.483
T09,3617.688,cruise,直连,23.631
T09,3618.687,cruise,直连,23.782
T09,3619.686,cruise,直连,23.935
T09,3620.686,cruise,直连,24.091
T09,3621.685,cruise,直连,24.249
T09,3622.684,cruise,直连,24.409
T09,3623.684,cruise,直连,24.572
T09,3624.683,cruise,直连,24.738
T09,3625.682,cruise,直连,24.907
T09,3626.682,cruise,直连,25.078
T09,3627.681,cruise,直连,25.252
T09,3628.68,cruise,直连,25.429
T09,3629.68,cruise,直连,25.609
T09,3630.679,cruise,直连,25.792
T09,3631.679,cruise,直连,25.978
T09,3632.678,cruise,直连,26.168
T09,3633.677,cruise,直连,26.36
T09,3634.677,cruise,直连,26.556
T09,3635.676,cruise,直连,26.755
T09,3636.675,cruise,直连,26.958
T09,3637.675,cruise,直连,27.164
T09,3638.674,cruise,直连,27.373
T09,3639.673,cruise,直连,27.586
T09,3640.673,cruise,直连,27.803
T09,3641.672,cruise,直连,28.022
T09,3642.671,cruise,直连,28.245
T09,3643.671,cruise,直连,28.472
T09,3644.67,cruise,直连,28.702
T09,3645.67,cruise,直连,28.934
T09,3646.669,cruise,直连,29.17
T09,3647.668,cruise,直连,29.408
T09,3648.668,cruise,直连,29.649
T09,3649.667,cruise,直连,29.891
T09,3650.666,cruise,直连,30.135
T09,3651.666,cruise,直连,30.38
T09,3652.665,cruise,直连,30.625
T09,3653.664,cruise,直连,30.869
T09,3654.664,cruise,直连,31.112
T09,3655.663,cruise,直连,31.352
T09,3656.662,cruise,直连,31.589
T09,3657.662,cruise,直连,31.819
T09,3658.661,cruise,直连,32.043
T09,3659.661,cruise,直连,32.258
T09,3660.66,cruise,直连,32.462
T09,3661.659,cruise,直连,32.653
T09,3662.659,cruise,直连,32.829
T09,3663.658,cruise,直连,32.987
T09,3664.657,cruise,直连,33.126
T09,3665.657,cruise,直连,33.243
T09,3666.656,cruise,直连,33.336
T09,3667.655,cruise,直连,33.404
T09,3668.655,cruise,直连,33.445
T09,3669.654,cruise,直连,33.458
T09,3669.654,descent,直连,33.458
T09,3670.648,descent,直连,33.54
T09,3671.641,descent,直连,33.622
T09,3672.635,descent,直连,33.706
T09,3673.629,descent,直连,33.79
T09,3674.622,descent,直连,33.874
T09,3675.616,descent,直连,33.96
T09,3676.61,descent,直连,34.046
T09,3677.604,descent,直连,34.134
T09,3678.597,descent,直连,34.222
T09,3679.591,descent,直连,34.311
T09,3680.585,descent,直连,34.401
T09,3681.578,descent,直连,34.492
T09,3682.572,descent,直连,34.584
T09,3683.566,descent,直连,34.677
T09,3684.559,descent,直连,34.771
T09,3685.553,descent,直连,34.866
T09,3686.547,descent,直连,34.962
T09,3687.54,descent,直连,35.059
T09,3688.534,descent,直连,35.157
T09,3689.528,descent,直连,35.257
T09,3690.521,descent,直连,35.357
T09,3691.515,descent,直连,35.459
T09,3692.509,descent,直连,35.562
T09,3693.502,descent,直连,35.666
T09,3694.496,descent,直连,35.771
T09,3695.49,descent,直连,35.878
T09,3696.484,descent,直连,35.986
T09,3697.477,descent,直连,36.095
T09,3698.471,descent,直连,36.206
T09,3699.465,descent,直连,36.318
T09,3700.458,descent,直连,36.432
T09,3701.452,descent,直连,36.547
T09,3702.446,descent,直连,36.663
T09,3703.439,descent,直连,36.782
T09,3704.433,descent,直连,36.902
T09,3705.427,descent,直连,37.023
T09,3706.42,descent,直连,37.146
T09,3707.414,descent,直连,37.271
T09,3708.408,descent,直连,37.398
T09,3709.401,descent,直连,37.527
T09,3710.395,descent,直连,37.658
T09,3711.389,descent,直连,37.791
T09,3712.382,descent,直连,37.925
T09,3713.376,descent,直连,38.062
T09,3714.37,descent,直连,38.201
T09,3715.363,descent,直连,38.343
T09,3716.357,descent,直连,38.486
T09,3717.351,descent,直连,38.632
T09,3718.345,descent,直连,38.781
T09,3719.338,descent,直连,38.932
T09,3720.332,descent,直连,39.086
T09,3721.326,descent,直连,39.243
T09,3722.319,descent,直连,39.402
T09,3723.313,descent,直连,39.565
T09,3724.307,descent,直连,39.73
T09,3725.3,descent,直连,39.899
T09,3726.294,descent,直连,40.071
T09,3727.288,descent,直连,40.247
T09,3728.281,descent,直连,40.426
T09,3729.275,descent,直连,40.609
T09,3730.269,descent,直连,40.796
T09,3731.262,descent,直连,40.988
T09,3732.256,descent,直连,41.183
T09,3733.25,descent,直连,41.383
T09,3734.243,descent,直连,41.588
T09,3735.237,descent,直连,41.797
T09,3736.231,descent,直连,42.012
T09,3737.225,descent,直连,42.232
T09,3738.218,descent,直连,42.458
T09,3739.212,descent,直连,42.69
T09,3740.206,descent,直连,42.928
T09,3741.199,descent,直连,43.173
T09,3742.193,descent,直连,43.425
T09,3743.187,descent,直连,43.685
T09,3744.18,descent,直连,43.953
T09,3745.174,descent,直连,44.229
T09,3746.168,descent,直连,44.514
T09,3747.161,descent,直连,44.809
T09,3748.155,descent,直连,45.115
T09,3749.149,descent,直连,45.431
T09,3750.142,descent,直连,45.76
T09,3751.136,descent,直连,46.101
T09,3752.13,descent,直连,46.456
T09,3753.123,descent,直连,46.827
T09,3754.117,descent,直连,47.214
T09,3755.111,descent,直连,47.619
T09,3756.105,descent,直连,48.044
T09,3757.098,descent,直连,48.49
T09,3758.092,descent,直连,48.961
T09,3759.086,descent,直连,49.459
T09,3760.079,descent,直连,49.987
T09,3761.073,descent,直连,50.55
T09,3762.067,descent,直连,51.151
T09,3763.06,descent,直连,51.797
T09,3764.054,descent,直连,52.495
T09,3765.048,descent,直连,53.254
T09,3766.041,descent,直连,54.086
T09,3767.035,descent,直连,55.006
T09,3768.029,descent,直连,56.036
T09,3769.022,descent,直连,57.203
T09,3770.016,descent,直连,58.553
T09,3771.01,descent,直连,60.151
T09,3772.003,descent,直连,62.112
T09,3772.997,descent,直连,64.648
T09,3773.991,descent,直连,68.245
T09,3774.985,descent,直连,74.495
T09,3775.978,descent,直连,99.916
T09,3776.972,descent,直连,73.611
T09,3777.966,descent,直连,67.803
T09,3778.959,descent,直连,64.354
T09,3779.953,descent,直连,61.891
T09,3780.947,descent,直连,59.975
T09,3781.94,descent,直连,58.406
T09,3782.934,descent,直连,57.077
T09,3783.928,descent,直连,45.925
T10,3783.6,climb,直连,45.925
T10,3784.591,climb,直连,57.323
T10,3785.583,climb,直连,58.991
T10,3786.574,climb,直连,61.056
T10,3787.565,climb,直连,63.771
T10,3788.557,climb,直连,67.743
T10,3789.548,climb,直连,75.271
T10,3790.539,climb,直连,83.696
T10,3791.53,climb,直连,70.37
T10,3792.522,climb,直连,65.34
T10,3793.513,climb,直连,62.175
T10,3794.504,climb,直连,59.861
T10,3795.496,climb,直连,58.035
T10,3796.487,climb,直连,56.527
T10,3797.478,climb,直连,55.243
T10,3798.47,climb,直连,54.124
T10,3799.461,climb,直连,53.133
T10,3800.452,climb,直连,52.244
T10,3801.444,climb,直连,51.437
T10,3802.435,climb,直连,50.699
T10,3803.426,climb,直连,50.019
T10,3804.417,climb,直连,49.388
T10,3805.409,climb,直连,48.8
T10,3806.4,climb,直连,48.249
T10,3807.391,climb,直连,47.731
T10,3808.383,climb,直连,47.242
T10,3809.374,climb,直连,46.779
T10,3810.365,climb,直连,46.34
T10,3811.357,climb,直连,45.922
T10,3812.348,climb,直连,45.523
T10,3813.339,climb,直连,45.141
T10,3814.331,climb,直连,44.776
T10,3815.322,climb,直连,44.425
T10,3816.313,climb,直连,44.088
T10,3817.304,climb,直连,43.764
T10,3818.296,climb,直连,43.451
T10,3819.287,climb,直连,43.149
T10,3820.278,climb,直连,42.858
T10,3821.27,climb,直连,42.575
T10,3822.261,climb,直连,42.302
T10,3823.252,climb,直连,42.037
T10,3824.244,climb,直连,41.78
T10,3825.235,climb,直连,41.53
T10,3826.226,climb,直连,41.287
T10,3827.218,climb,直连,41.051
T10,3828.209,climb,直连,40.821
T10,3829.2,climb,直连,40.597
T10,3830.191,climb,直连,40.378
T10,3831.183,climb,直连,40.165
T10,3832.174,climb,直连,39.958
T10,3833.165,climb,直连,39.754
T10,3834.157,climb,直连,39.556
T10,3835.148,climb,直连,39.362
T10,3836.139,climb,直连,39.172
T10,3837.131,climb,直连,38.987
T10,3838.122,climb,直连,38.805
T10,3839.113,climb,直连,38.627
T10,3840.105,climb,直连,38.452
T10,3841.096,climb,直连,38.281
T10,3842.087,climb,直连,38.113
T10,3843.078,climb,直连,37.949
T10,3844.07,climb,直连,37.787
T10,3845.061,climb,直连,37.629
T10,3846.052,climb,直连,37.473
T10,3847.044,climb,直连,37.32
T10,3848.035,climb,直连,37.17
T10,3849.026,climb,直连,37.022
T10,3850.018,climb,直连,36.876
T10,3851.009,climb,直连,36.734
T10,3852.0,climb,直连,36.593
T10,3852.992,climb,直连,36.455
T10,3853.983,climb,直连,36.318
T10,3854.974,climb,直连,36.184
T10,3855.965,climb,直连,36.052
T10,3856.957,climb,直连,35.922
T10,3857.948,climb,直连,35.794
T10,3858.939,climb,直连,35.668
T10,3859.931,climb,直连,35.543
T10,3860.922,climb,直连,35.42
T10,3861.913,climb,直连,35.299
T10,3862.905,climb,直连,35.18
T10,3863.896,climb,直连,35.062
T10,3864.887,climb,直连,34.946
T10,3865.879,climb,直连,34.832
T10,3866.87,climb,直连,34.718
T10,3867.861,climb,直连,34.607
T10,3868.853,climb,直连,34.496
T10,3869.844,climb,直连,34.388
T10,3870.835,climb,直连,34.28
T10,3871.826,climb,直连,34.174
T10,3872.818,climb,直连,34.069
T10,3872.818,cruise,直连,34.069
T10,3873.815,cruise,直连,34.053
T10,3874.813,cruise,直连,34.006
T10,3875.811,cruise,直连,33.928
T10,3876.808,cruise,直连,33.822
T10,3877.806,cruise,直连,33.689
T10,3878.804,cruise,直连,33.532
T10,3879.801,cruise,直连,33.354
T10,3880.799,cruise,直连,33.157
T10,3881.797,cruise,直连,32.943
T10,3882.794,cruise,直连,32.717
T10,3883.792,cruise,直连,32.479
T10,3884.79,cruise,直连,32.233
T10,3885.788,cruise,直连,31.981
T10,3886.785,cruise,直连,31.724
T10,3887.783,cruise,直连,31.464
T10,3888.781,cruise,直连,31.202
T10,3889.778,cruise,直连,30.939
T10,3890.776,cruise,直连,30.677
T10,3891.774,cruise,直连,30.417
T10,3892.771,cruise,直连,30.158
T10,3893.769,cruise,直连,29.901
T10,3894.767,cruise,直连,29.647
T10,3895.764,cruise,直连,29.397
T10,3896.762,cruise,直连,29.15
T10,3897.76,cruise,直连,28.906
T10,3898.757,cruise,直连,28.667
T10,3899.755,cruise,直连,28.431
T10,3900.753,cruise,直连,28.199
T10,3901.75,cruise,直连,27.971
T10,3902.748,cruise,直连,27.747
T10,3903.746,cruise,直连,27.527
T10,3904.743,cruise,直连,27.311
T10,3905.741,cruise,直连,27.099
T10,3906.739,cruise,直连,26.89
T10,3907.736,cruise,直连,26.685
T10,3908.734,cruise,直连,26.484
T10,3909.732,cruise,直连,26.287
T10,3910.729,cruise,直连,26.093
T10,3911.727,cruise,直连,25.903
T10,3912.725,cruise,直连,25.716
T10,3913.722,cruise,直连,25.532
T10,3914.72,cruise,直连,25.351
T10,3915.718,cruise,直连,25.174
T10,3916.715,cruise,直连,24.999
T10,3917.713,cruise,直连,24.828
T10,3918.711,cruise,直连,24.659
T10,3919.708,cruise,直连,24.493
T10,3920.706,cruise,直连,24.33
T10,3921.704,cruise,直连,24.17
T10,3922.701,cruise,直连,24.012
T10,3923.699,cruise,直连,23.857
T10,3924.697,cruise,直连,23.704
T10,3925.694,cruise,直连,23.553
T10,3926.692,cruise,直连,23.405
T10,3927.69,cruise,直连,23.259
T10,3928.688,cruise,直连,23.116
T10,3929.685,cruise,直连,22.974
T10,3930.683,cruise,直连,22.834
T10,3931.681,cruise,直连,22.697
T10,3932.678,cruise,直连,22.561
T10,3933.676,cruise,直连,22.428
T10,3934.674,cruise,直连,22.296
T10,3935.671,cruise,直连,22.166
T10,3936.669,cruise,直连,22.038
T10,3937.667,cruise,直连,21.912
T10,3938.664,cruise,直连,21.787
T10,3939.662,cruise,直连,21.664
T10,3940.66,cruise,直连,21.543
T10,3941.657,cruise,直连,21.423
T10,3942.655,cruise,直连,21.305
T10,3943.653,cruise,直连,21.188
T10,3944.65,cruise,直连,21.073
T10,3945.648,cruise,直连,20.959
T10,3946.646,cruise,直连,20.846
T10,3947.643,cruise,直连,20.735
T10,3948.641,cruise,直连,20.625
T10,3949.639,cruise,直连,20.517
T10,3950.636,cruise,直连,20.41
T10,3951.634,cruise,直连,20.304
T10,3952.632,cruise,直连,20.199
T10,3953.629,cruise,直连,20.096
T10,3954.627,cruise,直连,19.993
T10,3955.625,cruise,直连,19.892
T10,3956.622,cruise,直连,19.792
T10,3957.62,cruise,直连,19.693
T10,3958.618,cruise,直连,19.595
T10,3959.615,cruise,直连,19.498
T10,3960.613,cruise,直连,19.402
T10,3961.611,cruise,直连,19.307
T10,3962.608,cruise,直连,19.214
T10,3963.606,cruise,直连,19.121
T10,3964.604,cruise,直连,19.029
T10,3965.601,cruise,直连,18.938
T10,3966.599,cruise,直连,18.848
T10,3967.597,cruise,直连,18.759
T10,3968.595,cruise,直连,18.67
T10,3969.592,cruise,直连,18.583
T10,3970.59,cruise,直连,18.496
T10,3971.588,cruise,直连,18.41
T10,3972.585,cruise,直连,18.326
T10,3973.583,cruise,直连,18.241
T10,3974.581,cruise,直连,18.158
T10,3975.578,cruise,直连,18.075
T10,3976.576,cruise,直连,17.994
T10,3977.574,cruise,直连,17.913
T10,3978.571,cruise,直连,17.832
T10,3979.569,cruise,直连,17.753
T10,3980.567,cruise,直连,17.674
T10,3981.564,cruise,直连,17.595
T10,3982.562,cruise,直连,17.518
T10,3983.56,cruise,直连,17.441
T10,3984.557,cruise,直连,17.365
T10,3985.555,cruise,直连,17.289
T10,3986.553,cruise,直连,17.214
T10,3987.55,cruise,直连,17.14
T10,3988.548,cruise,直连,17.066
T10,3989.546,cruise,直连,16.993
T10,3990.543,cruise,直连,16.921
T10,3991.541,cruise,直连,16.849
T10,3992.539,cruise,直连,16.777
T10,3993.536,cruise,直连,16.707
T10,3994.534,cruise,直连,16.637
T10,3995.532,cruise,直连,16.567
T10,3996.529,cruise,直连,16.498
T10,3997.527,cruise,直连,16.429
T10,3998.525,cruise,直连,16.361
T10,3999.522,cruise,直连,16.294
T10,4000.52,cruise,直连,16.227
T10,4001.518,cruise,直连,16.16
T10,4002.515,cruise,直连,16.094
T10,4003.513,cruise,直连,16.029
T10,4004.511,cruise,直连,15.964
T10,4005.508,cruise,直连,15.899
T10,4006.506,cruise,直连,15.835
T10,4007.504,cruise,直连,15.771
T10,4008.501,cruise,直连,15.708
T10,4009.499,cruise,直连,15.646
T10,4010.497,cruise,直连,15.583
T10,4011.495,cruise,直连,15.521
T10,4012.492,cruise,直连,15.46
T10,4013.49,cruise,直连,15.399
T10,4014.488,cruise,直连,15.339
T10,4015.485,cruise,直连,15.278
T10,4016.483,cruise,直连,15.219
T10,4017.481,cruise,直连,15.159
T10,4018.478,cruise,直连,15.1
T10,4019.476,cruise,直连,15.042
T10,4020.474,cruise,直连,14.984
T10,4021.471,cruise,直连,14.926
T10,4022.469,cruise,直连,14.869
T10,4023.467,cruise,直连,14.812
T10,4024.464,cruise,直连,14.755
T10,4025.462,cruise,直连,14.699
T10,4026.46,cruise,直连,14.643
T10,4027.457,cruise,直连,14.587
T10,4028.455,cruise,直连,14.532
T10,4029.453,cruise,直连,14.477
T10,4030.45,cruise,直连,14.422
T10,4031.448,cruise,直连,14.368
T10,4032.446,cruise,直连,14.314
T10,4033.443,cruise,直连,14.261
T10,4034.441,cruise,直连,14.208
T10,4035.439,cruise,直连,14.155
T10,4036.436,cruise,直连,14.102
T10,4037.434,cruise,直连,14.05
T10,4038.432,cruise,直连,13.998
T10,4039.429,cruise,直连,13.946
T10,4040.427,cruise,直连,13.895
T10,4041.425,cruise,直连,13.844
T10,4042.422,cruise,直连,13.793
T10,4043.42,cruise,直连,13.743
T10,4044.418,cruise,直连,13.692
T10,4045.415,cruise,直连,13.642
T10,4046.413,cruise,直连,13.593
T10,4047.411,cruise,直连,13.544
T10,4048.408,cruise,直连,13.494
T10,4049.406,cruise,直连,13.446
T10,4050.404,cruise,直连,13.397
T10,4051.401,cruise,直连,13.349
T10,4052.399,cruise,直连,13.301
T10,4053.397,cruise,直连,13.253
T10,4054.395,cruise,直连,13.206
T10,4055.392,cruise,直连,13.159
T10,4056.39,cruise,直连,13.112
T10,4057.388,cruise,直连,13.065
T10,4058.385,cruise,直连,13.018
T10,4059.383,cruise,直连,12.972
T10,4060.381,cruise,直连,12.926
T10,4061.378,cruise,直连,12.881
T10,4062.376,cruise,直连,12.835
T10,4063.374,cruise,直连,12.79
T10,4064.371,cruise,直连,12.745
T10,4065.369,cruise,直连,12.7
T10,4066.367,cruise,直连,12.655
T10,4067.364,cruise,直连,12.611
T10,4068.362,cruise,直连,12.567
T10,4069.36,cruise,直连,2.523
T10,4070.357,cruise,直连,2.479
T10,4071.355,cruise,直连,2.436
T10,4072.353,cruise,直连,12.393
T10,4073.35,cruise,直连,2.35
T10,4074.348,cruise,直连,2.307
T10,4075.346,cruise,直连,2.264
T10,4076.343,cruise,直连,2.222
T10,4077.341,cruise,直连,2.18
T10,4078.339,cruise,直连,2.138
T10,4079.336,cruise,直连,2.096
T10,4080.334,cruise,直连,2.054
T10,4081.332,cruise,直连,2.013
T10,4082.329,cruise,直连,1.972
T10,4083.327,cruise,直连,1.931
T10,4084.325,cruise,直连,1.89
T10,4085.322,cruise,直连,1.849
T10,4086.32,cruise,直连,1.809
T10,4087.318,cruise,直连,1.769
T10,4088.315,cruise,直连,1.729
T10,4089.313,cruise,直连,1.689
T10,4090.311,cruise,直连,1.649
T10,4091.308,cruise,直连,1.609
T10,4092.306,cruise,直连,1.57
T10,4093.304,cruise,直连,1.531
T10,4094.302,cruise,直连,1.492
T10,4095.299,cruise,直连,1.453
T10,4096.297,cruise,直连,1.414
T10,4097.295,cruise,直连,1.376
T10,4098.292,cruise,直连,1.338
T10,4099.29,cruise,直连,1.3
T10,4100.288,cruise,直连,1.262
T10,4101.285,cruise,直连,1.224
T10,4102.283,cruise,直连,1.186
T10,4103.281,cruise,直连,1.149
T10,4104.278,cruise,直连,1.111
T10,4105.276,cruise,直连,1.074
T10,4106.274,cruise,直连,1.037
T10,4107.271,cruise,直连,1.0
T10,4108.269,cruise,直连,0.964
T10,4109.267,cruise,直连,0.927
T10,4110.264,cruise,直连,0.891
T10,4111.262,cruise,直连,0.854
T10,4112.26,cruise,直连,0.818
T10,4113.257,cruise,直连,0.782
T10,4114.255,cruise,直连,0.747
T10,4115.253,cruise,直连,0.711
T10,4116.25,cruise,直连,0.675
T10,4117.248,cruise,直连,0.64
T10,4118.246,cruise,直连,0.605
T10,4119.243,cruise,直连,0.57
T10,4120.241,cruise,直连,0.535
T10,4121.239,cruise,直连,0.5
T10,4122.236,cruise,直连,0.465
T10,4123.234,cruise,直连,0.431
T10,4124.232,cruise,直连,0.396
T10,4125.229,cruise,直连,0.362
T10,4126.227,cruise,直连,0.328
T10,4127.225,cruise,直连,0.294
T10,4128.222,cruise,直连,0.26
T10,4129.22,cruise,直连,0.226
T10,4130.218,cruise,直连,0.193
T10,4131.215,cruise,直连,0.159
T10,4132.213,cruise,直连,0.126
T10,4133.211,cruise,直连,0.093
T10,4134.208,cruise,直连,0.06
T10,4135.206,cruise,直连,0.027
T10,4136.204,cruise,中断,-0.006
T10,4137.202,cruise,中断,-0.039
T10,4138.199,cruise,中断,-0.071
T10,4139.197,cruise,中断,-0.104
T10,4140.195,cruise,中断,-0.136
T10,4141.192,cruise,中断,-0.168
T10,4142.19,cruise,中断,-0.2
T10,4143.188,cruise,中断,-0.232
T10,4144.185,cruise,中断,-0.264
T10,4145.183,cruise,中断,-0.296
T10,4146.181,cruise,中断,-0.328
T10,4147.178,cruise,中断,-0.359
T10,4148.176,cruise,中断,-0.391
T10,4149.174,cruise,中断,-0.422
T10,4150.171,cruise,中断,-0.453
T10,4151.169,cruise,中断,-0.484
T10,4152.167,cruise,中断,-0.515
T10,4153.164,cruise,中断,-0.546
T10,4154.162,cruise,中断,-0.577
T10,4155.16,cruise,中断,-0.607
T10,4156.157,cruise,中断,-0.638
T10,4157.155,cruise,中断,-0.668
T10,4158.153,cruise,中断,-0.699
T10,4159.15,cruise,中断,-0.729
T10,4160.148,cruise,中断,-0.759
T10,4161.146,cruise,中断,-0.789
T10,4162.143,cruise,中断,-0.819
T10,4163.141,cruise,中断,-0.849
T10,4164.139,cruise,中断,-0.878
T10,4165.136,cruise,中断,-0.908
T10,4166.134,cruise,中断,-0.938
T10,4167.132,cruise,中断,-0.967
T10,4168.129,cruise,中断,-0.996
T10,4169.127,cruise,中断,-1.025
T10,4170.125,cruise,中断,-1.055
T10,4171.122,cruise,中断,-1.084
T10,4172.12,cruise,中断,-1.112
T10,4173.118,cruise,中断,-1.141
T10,4174.115,cruise,中断,-1.17
T10,4175.113,cruise,中断,-1.199
T10,4176.111,cruise,中断,-1.227
T10,4177.108,cruise,中断,-1.256
T10,4178.106,cruise,中断,-1.284
T10,4179.104,cruise,中断,-1.312
T10,4180.102,cruise,中断,-1.34
T10,4181.099,cruise,中断,-1.368
T10,4182.097,cruise,中断,-1.396
T10,4183.095,cruise,中断,-1.424
T10,4184.092,cruise,中断,-1.452
T10,4185.09,cruise,中断,-1.48
T10,4186.088,cruise,中断,-1.507
T10,4187.085,cruise,中断,-1.535
T10,4188.083,cruise,中断,-1.562
T10,4189.081,cruise,中断,-1.59
T10,4190.078,cruise,中断,-1.617
T10,4191.076,cruise,中断,-1.644
T10,4192.074,cruise,中断,-1.671
T10,4193.071,cruise,中断,-1.698
T10,4194.069,cruise,中断,-1.725
T10,4195.067,cruise,中断,-1.752
T10,4196.064,cruise,中断,-1.779
T10,4196.064,descent,中断,-1.779
T10,4197.034,descent,中断,-1.779
T10,4198.004,descent,中断,-1.779
T10,4198.975,descent,中断,-1.778
T10,4199.945,descent,中断,-1.778
T10,4200.915,descent,中断,-1.778
T10,4201.885,descent,中断,-1.778
T10,4202.855,descent,中断,-1.778
T10,4203.825,descent,中断,-1.777
T10,4204.795,descent,中断,-1.777
T10,4205.765,descent,中断,-1.777
T10,4206.735,descent,中断,-1.777
T10,4207.705,descent,中断,-1.777
T10,4208.675,descent,中断,-1.776
T10,4209.645,descent,中断,-1.776
T10,4210.615,descent,中断,-1.776
T10,4211.585,descent,中断,-1.776
T10,4212.556,descent,中断,-1.776
T10,4213.526,descent,中断,-1.775
T10,4213.526,handover,中断,-1.775
T10,4393.526,handover,中断,-1.775
T10,4393.526,climb,中断,-1.775
T10,4394.496,climb,中断,-1.776
T10,4395.466,climb,中断,-1.776
T10,4396.436,climb,中断,-1.776
T10,4397.406,climb,中断,-1.776
T10,4398.376,climb,中断,-1.777
T10,4399.346,climb,中断,-1.777
T10,4400.316,climb,中断,-1.777
T10,4401.286,climb,中断,-1.777
T10,4402.256,climb,中断,-1.777
T10,4403.226,climb,中断,-1.778
T10,4404.196,climb,中断,-1.778
T10,4405.166,climb,中断,-1.778
T10,4406.137,climb,中断,-1.778
T10,4407.107,climb,中断,-1.779
T10,4408.077,climb,中断,-1.779
T10,4408.077,cruise,中断,-1.779
T10,4409.074,cruise,中断,-1.752
T10,4410.072,cruise,中断,-1.725
T10,4411.07,cruise,中断,-1.698
T10,4412.067,cruise,中断,-1.671
T10,4413.065,cruise,中断,-1.644
T10,4414.063,cruise,中断,-1.617
T10,4415.06,cruise,中断,-1.59
T10,4416.058,cruise,中断,-1.562
T10,4417.056,cruise,中断,-1.535
T10,4418.053,cruise,中断,-1.507
T10,4419.051,cruise,中断,-1.48
T10,4420.049,cruise,中断,-1.452
T10,4421.046,cruise,中断,-1.424
T10,4422.044,cruise,中断,-1.396
T10,4423.042,cruise,中断,-1.368
T10,4424.039,cruise,中断,-1.34
T10,4425.037,cruise,中断,-1.312
T10,4426.035,cruise,中断,-1.284
T10,4427.032,cruise,中断,-1.256
T10,4428.03,cruise,中断,-1.227
T10,4429.028,cruise,中断,-1.199
T10,4430.026,cruise,中断,-1.17
T10,4431.023,cruise,中断,-1.141
T10,4432.021,cruise,中断,-1.112
T10,4433.019,cruise,中断,-1.084
T10,4434.016,cruise,中断,-1.055
T10,4435.014,cruise,中断,-1.025
T10,4436.012,cruise,中断,-0.996
T10,4437.009,cruise,中断,-0.967
T10,4438.007,cruise,中断,-0.938
T10,4439.005,cruise,中断,-0.908
T10,4440.002,cruise,中断,-0.878
T10,4441.0,cruise,中断,-0.849
T10,4441.998,cruise,中断,-0.819
T10,4442.995,cruise,中断,-0.789
T10,4443.993,cruise,中断,-0.759
T10,4444.991,cruise,中断,-0.729
T10,4445.988,cruise,中断,-0.699
T10,4446.986,cruise,中断,-0.668
T10,4447.984,cruise,中断,-0.638
T10,4448.981,cruise,中断,-0.607
T10,4449.979,cruise,中断,-0.577
T10,4450.977,cruise,中断,-0.546
T10,4451.974,cruise,中断,-0.515
T10,4452.972,cruise,中断,-0.484
T10,4453.97,cruise,中断,-0.453
T10,4454.967,cruise,中断,-0.422
T10,4455.965,cruise,中断,-0.391
T10,4456.963,cruise,中断,-0.359
T10,4457.96,cruise,中断,-0.328
T10,4458.958,cruise,中断,-0.296
T10,4459.956,cruise,中断,-0.264
T10,4460.953,cruise,中断,-0.232
T10,4461.951,cruise,中断,-0.2
T10,4462.949,cruise,中断,-0.168
T10,4463.946,cruise,中断,-0.136
T10,4464.944,cruise,中断,-0.104
T10,4465.942,cruise,中断,-0.071
T10,4466.939,cruise,中断,-0.039
T10,4467.937,cruise,中断,-0.006
T10,4468.935,cruise,直连,0.027
T10,4469.933,cruise,直连,0.06
T10,4470.93,cruise,直连,0.093
T10,4471.928,cruise,直连,0.126
T10,4472.926,cruise,直连,0.159
T10,4473.923,cruise,直连,0.193
T10,4474.921,cruise,直连,0.226
T10,4475.919,cruise,直连,0.26
T10,4476.916,cruise,直连,0.294
T10,4477.914,cruise,直连,0.328
T10,4478.912,cruise,直连,0.362
T10,4479.909,cruise,直连,0.396
T10,4480.907,cruise,直连,0.431
T10,4481.905,cruise,直连,0.465
T10,4482.902,cruise,直连,0.5
T10,4483.9,cruise,直连,0.535
T10,4484.898,cruise,直连,0.57
T10,4485.895,cruise,直连,0.605
T10,4486.893,cruise,直连,0.64
T10,4487.891,cruise,直连,0.675
T10,4488.888,cruise,直连,0.711
T10,4489.886,cruise,直连,0.747
T10,4490.884,cruise,直连,0.782
T10,4491.881,cruise,直连,0.818
T10,4492.879,cruise,直连,0.854
T10,4493.877,cruise,直连,0.891
T10,4494.874,cruise,直连,0.927
T10,4495.872,cruise,直连,0.964
T10,4496.87,cruise,直连,1.0
T10,4497.867,cruise,直连,1.037
T10,4498.865,cruise,直连,1.074
T10,4499.863,cruise,直连,1.111
T10,4500.86,cruise,直连,1.149
T10,4501.858,cruise,直连,1.186
T10,4502.856,cruise,直连,1.224
T10,4503.853,cruise,直连,1.262
T10,4504.851,cruise,直连,1.3
T10,4505.849,cruise,直连,1.338
T10,4506.846,cruise,直连,1.376
T10,4507.844,cruise,直连,1.414
T10,4508.842,cruise,直连,1.453
T10,4509.839,cruise,直连,1.492
T10,4510.837,cruise,直连,1.531
T10,4511.835,cruise,直连,1.57
T10,4512.833,cruise,直连,1.609
T10,4513.83,cruise,直连,1.649
T10,4514.828,cruise,直连,1.689
T10,4515.826,cruise,直连,1.729
T10,4516.823,cruise,直连,1.769
T10,4517.821,cruise,直连,1.809
T10,4518.819,cruise,直连,1.849
T10,4519.816,cruise,直连,1.89
T10,4520.814,cruise,直连,1.931
T10,4521.812,cruise,直连,1.972
T10,4522.809,cruise,直连,2.013
T10,4523.807,cruise,直连,2.054
T10,4524.805,cruise,直连,2.096
T10,4525.802,cruise,直连,2.138
T10,4526.8,cruise,直连,2.18
T10,4527.798,cruise,直连,2.222
T10,4528.795,cruise,直连,2.264
T10,4529.793,cruise,直连,2.307
T10,4530.791,cruise,直连,2.35
T10,4531.788,cruise,直连,12.393
T10,4532.786,cruise,直连,2.436
T10,4533.784,cruise,直连,2.479
T10,4534.781,cruise,直连,2.523
T10,4535.779,cruise,直连,12.567
T10,4536.777,cruise,直连,12.611
T10,4537.774,cruise,直连,12.655
T10,4538.772,cruise,直连,12.7
T10,4539.77,cruise,直连,12.745
T10,4540.767,cruise,直连,12.79
T10,4541.765,cruise,直连,12.835
T10,4542.763,cruise,直连,12.881
T10,4543.76,cruise,直连,12.926
T10,4544.758,cruise,直连,12.972
T10,4545.756,cruise,直连,13.018
T10,4546.753,cruise,直连,13.065
T10,4547.751,cruise,直连,13.112
T10,4548.749,cruise,直连,13.159
T10,4549.746,cruise,直连,13.206
T10,4550.744,cruise,直连,13.253
T10,4551.742,cruise,直连,13.301
T10,4552.739,cruise,直连,13.349
T10,4553.737,cruise,直连,13.397
T10,4554.735,cruise,直连,13.446
T10,4555.733,cruise,直连,13.494
T10,4556.73,cruise,直连,13.544
T10,4557.728,cruise,直连,13.593
T10,4558.726,cruise,直连,13.642
T10,4559.723,cruise,直连,13.692
T10,4560.721,cruise,直连,13.743
T10,4561.719,cruise,直连,13.793
T10,4562.716,cruise,直连,13.844
T10,4563.714,cruise,直连,13.895
T10,4564.712,cruise,直连,13.946
T10,4565.709,cruise,直连,13.998
T10,4566.707,cruise,直连,14.05
T10,4567.705,cruise,直连,14.102
T10,4568.702,cruise,直连,14.155
T10,4569.7,cruise,直连,14.208
T10,4570.698,cruise,直连,14.261
T10,4571.695,cruise,直连,14.314
T10,4572.693,cruise,直连,14.368
T10,4573.691,cruise,直连,14.422
T10,4574.688,cruise,直连,14.477
T10,4575.686,cruise,直连,14.532
T10,4576.684,cruise,直连,14.587
T10,4577.681,cruise,直连,14.643
T10,4578.679,cruise,直连,14.699
T10,4579.677,cruise,直连,14.755
T10,4580.674,cruise,直连,14.812
T10,4581.672,cruise,直连,14.869
T10,4582.67,cruise,直连,14.926
T10,4583.667,cruise,直连,14.984
T10,4584.665,cruise,直连,15.042
T10,4585.663,cruise,直连,15.1
T10,4586.66,cruise,直连,15.159
T10,4587.658,cruise,直连,15.219
T10,4588.656,cruise,直连,15.278
T10,4589.653,cruise,直连,15.339
T10,4590.651,cruise,直连,15.399
T10,4591.649,cruise,直连,15.46
T10,4592.646,cruise,直连,15.521
T10,4593.644,cruise,直连,15.583
T10,4594.642,cruise,直连,15.646
T10,4595.64,cruise,直连,15.708
T10,4596.637,cruise,直连,15.771
T10,4597.635,cruise,直连,15.835
T10,4598.633,cruise,直连,15.899
T10,4599.63,cruise,直连,15.964
T10,4600.628,cruise,直连,16.029
T10,4601.626,cruise,直连,16.094
T10,4602.623,cruise,直连,16.16
T10,4603.621,cruise,直连,16.227
T10,4604.619,cruise,直连,16.294
T10,4605.616,cruise,直连,16.361
T10,4606.614,cruise,直连,16.429
T10,4607.612,cruise,直连,16.498
T10,4608.609,cruise,直连,16.567
T10,4609.607,cruise,直连,16.637
T10,4610.605,cruise,直连,16.707
T10,4611.602,cruise,直连,16.777
T10,4612.6,cruise,直连,16.849
T10,4613.598,cruise,直连,16.921
T10,4614.595,cruise,直连,16.993
T10,4615.593,cruise,直连,17.066
T10,4616.591,cruise,直连,17.14
T10,4617.588,cruise,直连,17.214
T10,4618.586,cruise,直连,17.289
T10,4619.584,cruise,直连,17.365
T10,4620.581,cruise,直连,17.441
T10,4621.579,cruise,直连,17.518
T10,4622.577,cruise,直连,17.595
T10,4623.574,cruise,直连,17.674
T10,4624.572,cruise,直连,17.753
T10,4625.57,cruise,直连,17.832
T10,4626.567,cruise,直连,17.913
T10,4627.565,cruise,直连,17.994
T10,4628.563,cruise,直连,18.075
T10,4629.56,cruise,直连,18.158
T10,4630.558,cruise,直连,18.241
T10,4631.556,cruise,直连,18.326
T10,4632.553,cruise,直连,18.41
T10,4633.551,cruise,直连,18.496
T10,4634.549,cruise,直连,18.583
T10,4635.546,cruise,直连,18.67
T10,4636.544,cruise,直连,18.759
T10,4637.542,cruise,直连,18.848
T10,4638.54,cruise,直连,18.938
T10,4639.537,cruise,直连,19.029
T10,4640.535,cruise,直连,19.121
T10,4641.533,cruise,直连,19.214
T10,4642.53,cruise,直连,19.307
T10,4643.528,cruise,直连,19.402
T10,4644.526,cruise,直连,19.498
T10,4645.523,cruise,直连,19.595
T10,4646.521,cruise,直连,19.693
T10,4647.519,cruise,直连,19.792
T10,4648.516,cruise,直连,19.892
T10,4649.514,cruise,直连,19.993
T10,4650.512,cruise,直连,20.096
T10,4651.509,cruise,直连,20.199
T10,4652.507,cruise,直连,20.304
T10,4653.505,cruise,直连,20.41
T10,4654.502,cruise,直连,20.517
T10,4655.5,cruise,直连,20.625
T10,4656.498,cruise,直连,20.735
T10,4657.495,cruise,直连,20.846
T10,4658.493,cruise,直连,20.959
T10,4659.491,cruise,直连,21.073
T10,4660.488,cruise,直连,21.188
T10,4661.486,cruise,直连,21.305
T10,4662.484,cruise,直连,21.423
T10,4663.481,cruise,直连,21.543
T10,4664.479,cruise,直连,21.664
T10,4665.477,cruise,直连,21.787
T10,4666.474,cruise,直连,21.912
T10,4667.472,cruise,直连,22.038
T10,4668.47,cruise,直连,22.166
T10,4669.467,cruise,直连,22.296
T10,4670.465,cruise,直连,22.428
T10,4671.463,cruise,直连,22.561
T10,4672.46,cruise,直连,22.697
T10,4673.458,cruise,直连,22.834
T10,4674.456,cruise,直连,22.974
T10,4675.453,cruise,直连,23.116
T10,4676.451,cruise,直连,23.259
T10,4677.449,cruise,直连,23.405
T10,4678.447,cruise,直连,23.553
T10,4679.444,cruise,直连,23.704
T10,4680.442,cruise,直连,23.857
T10,4681.44,cruise,直连,24.012
T10,4682.437,cruise,直连,24.17
T10,4683.435,cruise,直连,24.33
T10,4684.433,cruise,直连,24.493
T10,4685.43,cruise,直连,24.659
T10,4686.428,cruise,直连,24.828
T10,4687.426,cruise,直连,24.999
T10,4688.423,cruise,直连,25.174
T10,4689.421,cruise,直连,25.351
T10,4690.419,cruise,直连,25.532
T10,4691.416,cruise,直连,25.716
T10,4692.414,cruise,直连,25.903
T10,4693.412,cruise,直连,26.093
T10,4694.409,cruise,直连,26.287
T10,4695.407,cruise,直连,26.484
T10,4696.405,cruise,直连,26.685
T10,4697.402,cruise,直连,26.89
T10,4698.4,cruise,直连,27.099
T10,4699.398,cruise,直连,27.311
T10,4700.395,cruise,直连,27.527
T10,4701.393,cruise,直连,27.747
T10,4702.391,cruise,直连,27.971
T10,4703.388,cruise,直连,28.199
T10,4704.386,cruise,直连,28.431
T10,4705.384,cruise,直连,28.667
T10,4706.381,cruise,直连,28.906
T10,4707.379,cruise,直连,29.15
T10,4708.377,cruise,直连,29.397
T10,4709.374,cruise,直连,29.647
T10,4710.372,cruise,直连,29.901
T10,4711.37,cruise,直连,30.158
T10,4712.367,cruise,直连,30.417
T10,4713.365,cruise,直连,30.677
T10,4714.363,cruise,直连,30.939
T10,4715.36,cruise,直连,31.202
T10,4716.358,cruise,直连,31.464
T10,4717.356,cruise,直连,31.724
T10,4718.353,cruise,直连,31.981
T10,4719.351,cruise,直连,32.233
T10,4720.349,cruise,直连,32.479
T10,4721.347,cruise,直连,32.717
T10,4722.344,cruise,直连,32.943
T10,4723.342,cruise,直连,33.157
T10,4724.34,cruise,直连,33.354
T10,4725.337,cruise,直连,33.532
T10,4726.335,cruise,直连,33.689
T10,4727.333,cruise,直连,33.822
T10,4728.33,cruise,直连,33.928
T10,4729.328,cruise,直连,34.006
T10,4730.326,cruise,直连,34.053
T10,4731.323,cruise,直连,34.069
T10,4731.323,descent,直连,34.069
T10,4732.315,descent,直连,34.156
T10,4733.306,descent,直连,34.244
T10,4734.297,descent,直连,34.334
T10,4735.288,descent,直连,34.424
T10,4736.28,descent,直连,34.515
T10,4737.271,descent,直连,34.607
T10,4738.262,descent,直连,34.7
T10,4739.254,descent,直连,34.794
T10,4740.245,descent,直连,34.889
T10,4741.236,descent,直连,34.985
T10,4742.228,descent,直连,35.082
T10,4743.219,descent,直连,35.18
T10,4744.21,descent,直连,35.279
T10,4745.202,descent,直连,35.38
T10,4746.193,descent,直连,35.482
T10,4747.184,descent,直连,35.584
T10,4748.175,descent,直连,35.689
T10,4749.167,descent,直连,35.794
T10,4750.158,descent,直连,35.901
T10,4751.149,descent,直连,36.009
T10,4752.141,descent,直连,36.118
T10,4753.132,descent,直连,36.229
T10,4754.123,descent,直连,36.341
T10,4755.115,descent,直连,36.455
T10,4756.106,descent,直连,36.57
T10,4757.097,descent,直连,36.686
T10,4758.089,descent,直连,36.805
T10,4759.08,descent,直连,36.925
T10,4760.071,descent,直连,37.046
T10,4761.063,descent,直连,37.17
T10,4762.054,descent,直连,37.295
T10,4763.045,descent,直连,37.422
T10,4764.036,descent,直连,37.55
T10,4765.028,descent,直连,37.681
T10,4766.019,descent,直连,37.814
T10,4767.01,descent,直连,37.949
T10,4768.002,descent,直连,38.086
T10,4768.993,descent,直连,38.225
T10,4769.984,descent,直连,38.366
T10,4770.976,descent,直连,38.51
T10,4771.967,descent,直连,38.656
T10,4772.958,descent,直连,38.805
T10,4773.95,descent,直连,38.956
T10,4774.941,descent,直连,39.11
T10,4775.932,descent,直连,39.267
T10,4776.923,descent,直连,39.426
T10,4777.915,descent,直连,39.589
T10,4778.906,descent,直连,39.754
T10,4779.897,descent,直连,39.923
T10,4780.889,descent,直连,40.096
T10,4781.88,descent,直连,40.271
T10,4782.871,descent,直连,40.451
T10,4783.863,descent,直连,40.634
T10,4784.854,descent,直连,40.821
T10,4785.845,descent,直连,41.012
T10,4786.837,descent,直连,41.208
T10,4787.828,descent,直连,41.408
T10,4788.819,descent,直连,41.612
T10,4789.81,descent,直连,41.822
T10,4790.802,descent,直连,42.037
T10,4791.793,descent,直连,42.257
T10,4792.784,descent,直连,42.483
T10,4793.776,descent,直连,42.715
T10,4794.767,descent,直连,42.954
T10,4795.758,descent,直连,43.199
T10,4796.75,descent,直连,43.451
T10,4797.741,descent,直连,43.711
T10,4798.732,descent,直连,43.979
T10,4799.724,descent,直连,44.255
T10,4800.715,descent,直连,44.541
T10,4801.706,descent,直连,44.836
T10,4802.697,descent,直连,45.141
T10,4803.689,descent,直连,45.458
T10,4804.68,descent,直连,45.787
T10,4805.671,descent,直连,46.128
T10,4806.663,descent,直连,46.484
T10,4807.654,descent,直连,46.855
T10,4808.645,descent,直连,47.242
T10,4809.637,descent,直连,47.647
T10,4810.628,descent,直连,48.073
T10,4811.619,descent,直连,48.52
T10,4812.611,descent,直连,48.991
T10,4813.602,descent,直连,49.49
T10,4814.593,descent,直连,50.019
T10,4815.584,descent,直连,50.582
T10,4816.576,descent,直连,51.184
T10,4817.567,descent,直连,51.831
T10,4818.558,descent,直连,52.53
T10,4819.55,descent,直连,53.291
T10,4820.541,descent,直连,54.124
T10,4821.532,descent,直连,55.046
T10,4822.524,descent,直连,56.077
T10,4823.515,descent,直连,57.248
T10,4824.506,descent,直连,58.602
T10,4825.498,descent,直连,60.206
T10,4826.489,descent,直连,62.175
T10,4827.48,descent,直连,64.726
T10,4828.471,descent,直连,68.352
T10,4829.463,descent,直连,74.694
T10,4830.454,descent,直连,97.143
T10,4831.445,descent,直连,73.474
T10,4832.437,descent,直连,67.743
T10,4833.428,descent,直连,64.32
T10,4834.419,descent,直连,61.871
T10,4835.411,descent,直连,59.962
T10,4836.402,descent,直连,58.399
T10,4837.393,descent,直连,57.074
T10,4838.385,descent,直连,45.925
T11,360.0,climb,直连,45.925
T11,360.998,climb,直连,57.334
T11,361.996,climb,直连,59.016
T11,362.994,climb,直连,61.103
T11,363.992,climb,直连,63.857
T11,364.99,climb,直连,67.913
T11,365.988,climb,直连,75.765
T11,366.985,climb,直连,82.332
T11,367.983,climb,直连,70.013
T11,368.981,climb,直连,65.114
T11,369.979,climb,直连,62.0
T11,370.977,climb,直连,59.713
T11,371.975,climb,直连,57.904
T11,372.973,climb,直连,56.408
T11,373.971,climb,直连,55.132
T11,374.969,climb,直连,54.019
T11,375.967,climb,直连,53.034
T11,376.965,climb,直连,52.148
T11,377.963,climb,直连,51.345
T11,378.961,climb,直连,50.61
T11,379.959,climb,直连,49.932
T11,380.956,climb,直连,49.303
T11,381.954,climb,直连,48.716
T11,382.952,climb,直连,48.167
T11,383.95,climb,直连,47.651
T11,384.948,climb,直连,47.163
T11,385.946,climb,直连,46.701
T11,386.944,climb,直连,46.263
T11,387.942,climb,直连,45.846
T11,388.94,climb,直连,45.448
T11,389.938,climb,直连,45.067
T11,390.936,climb,直连,44.702
T11,391.934,climb,直连,44.352
T11,392.932,climb,直连,44.016
T11,393.93,climb,直连,43.692
T11,394.927,climb,直连,43.38
T11,395.925,climb,直连,43.078
T11,396.923,climb,直连,42.787
T11,397.921,climb,直连,42.505
T11,398.919,climb,直连,42.232
T11,399.917,climb,直连,41.967
T11,400.915,climb,直连,41.711
T11,401.913,climb,直连,41.461
T11,402.911,climb,直连,41.219
T11,403.909,climb,直连,40.983
T11,404.907,climb,直连,40.753
T11,405.905,climb,直连,40.529
T11,406.903,climb,直连,40.311
T11,407.901,climb,直连,40.098
T11,408.898,climb,直连,39.891
T11,409.896,climb,直连,39.688
T11,410.894,climb,直连,39.489
T11,411.892,climb,直连,39.296
T11,412.89,climb,直连,39.106
T11,413.888,climb,直连,38.921
T11,414.886,climb,直连,38.739
T11,415.884,climb,直连,38.561
T11,416.882,climb,直连,38.387
T11,417.88,climb,直连,38.216
T11,418.878,climb,直连,38.048
T11,419.876,climb,直连,37.884
T11,420.874,climb,直连,37.722
T11,421.871,climb,直连,37.564
T11,422.869,climb,直连,37.408
T11,423.867,climb,直连,37.255
T11,424.865,climb,直连,37.105
T11,425.863,climb,直连,36.957
T11,426.861,climb,直连,36.812
T11,427.859,climb,直连,36.669
T11,428.857,climb,直连,36.529
T11,429.855,climb,直连,36.391
T11,430.853,climb,直连,36.255
T11,431.851,climb,直连,36.121
T11,432.849,climb,直连,35.989
T11,433.847,climb,直连,35.859
T11,434.845,climb,直连,35.73
T11,435.842,climb,直连,35.604
T11,436.84,climb,直连,35.48
T11,437.838,climb,直连,35.357
T11,438.836,climb,直连,35.236
T11,439.834,climb,直连,35.117
T11,439.834,cruise,直连,35.117
T11,440.833,cruise,直连,35.104
T11,441.832,cruise,直连,35.065
T11,442.831,cruise,直连,35.002
T11,443.83,cruise,直连,34.915
T11,444.829,cruise,直连,34.805
T11,445.828,cruise,直连,34.674
T11,446.826,cruise,直连,34.525
T11,447.825,cruise,直连,34.358
T11,448.824,cruise,直连,34.177
T11,449.823,cruise,直连,33.984
T11,450.822,cruise,直连,33.779
T11,451.821,cruise,直连,33.565
T11,452.82,cruise,直连,33.345
T11,453.819,cruise,直连,33.118
T11,454.818,cruise,直连,32.887
T11,455.816,cruise,直连,32.653
T11,456.815,cruise,直连,32.418
T11,457.814,cruise,直连,32.181
T11,458.813,cruise,直连,31.944
T11,459.812,cruise,直连,31.707
T11,460.811,cruise,直连,31.471
T11,461.81,cruise,直连,31.237
T11,462.809,cruise,直连,31.005
T11,463.808,cruise,直连,30.775
T11,464.806,cruise,直连,30.548
T11,465.805,cruise,直连,30.323
T11,466.804,cruise,直连,30.101
T11,467.803,cruise,直连,29.882
T11,468.802,cruise,直连,29.666
T11,469.801,cruise,直连,29.454
T11,470.8,cruise,直连,29.245
T11,471.799,cruise,直连,29.038
T11,472.798,cruise,直连,28.836
T11,473.797,cruise,直连,28.636
T11,474.795,cruise,直连,28.44
T11,475.794,cruise,直连,28.246
T11,476.793,cruise,直连,28.056
T11,477.792,cruise,直连,27.869
T11,478.791,cruise,直连,27.685
T11,479.79,cruise,直连,27.504
T11,480.789,cruise,直连,27.326
T11,481.788,cruise,直连,27.151
T11,482.787,cruise,直连,26.979
T11,483.785,cruise,直连,26.809
T11,484.784,cruise,直连,26.642
T11,485.783,cruise,直连,26.478
T11,486.782,cruise,直连,26.316
T11,487.781,cruise,直连,26.157
T11,488.78,cruise,直连,26.0
T11,489.779,cruise,直连,25.846
T11,490.778,cruise,直连,25.694
T11,491.777,cruise,直连,25.544
T11,492.775,cruise,直连,25.396
T11,493.774,cruise,直连,25.251
T11,494.773,cruise,直连,25.108
T11,495.772,cruise,直连,24.967
T11,496.771,cruise,直连,24.828
T11,497.77,cruise,直连,24.69
T11,498.769,cruise,直连,24.555
T11,499.768,cruise,直连,24.422
T11,500.767,cruise,直连,24.29
T11,501.765,cruise,直连,24.161
T11,502.764,cruise,直连,24.033
T11,503.763,cruise,直连,23.906
T11,504.762,cruise,直连,23.782
T11,505.761,cruise,直连,23.659
T11,506.76,cruise,直连,23.537
T11,507.759,cruise,直连,23.417
T11,508.758,cruise,直连,23.299
T11,509.757,cruise,直连,23.182
T11,510.756,cruise,直连,23.067
T11,511.754,cruise,直连,22.953
T11,512.753,cruise,直连,22.84
T11,513.752,cruise,直连,22.729
T11,514.751,cruise,直连,22.619
T11,515.75,cruise,直连,22.51
T11,516.749,cruise,直连,22.403
T11,517.748,cruise,直连,22.297
T11,518.747,cruise,直连,22.192
T11,519.746,cruise,直连,22.088
T11,520.744,cruise,直连,21.986
T11,521.743,cruise,直连,21.884
T11,522.742,cruise,直连,21.784
T11,523.741,cruise,直连,21.684
T11,524.74,cruise,直连,21.586
T11,525.739,cruise,直连,21.489
T11,526.738,cruise,直连,21.393
T11,527.737,cruise,直连,21.298
T11,528.736,cruise,直连,21.204
T11,529.734,cruise,直连,21.111
T11,530.733,cruise,直连,21.018
T11,531.732,cruise,直连,20.927
T11,532.731,cruise,直连,20.837
T11,533.73,cruise,直连,20.747
T11,534.729,cruise,直连,20.659
T11,535.728,cruise,直连,20.571
T11,536.727,cruise,直连,20.484
T11,537.726,cruise,直连,20.398
T11,538.724,cruise,直连,20.313
T11,539.723,cruise,直连,20.228
T11,540.722,cruise,直连,20.145
T11,541.721,cruise,直连,20.062
T11,542.72,cruise,直连,19.98
T11,543.719,cruise,直连,19.898
T11,544.718,cruise,直连,19.818
T11,545.717,cruise,直连,19.738
T11,546.716,cruise,直连,19.659
T11,547.715,cruise,直连,19.58
T11,548.713,cruise,直连,19.502
T11,549.712,cruise,直连,19.425
T11,550.711,cruise,直连,19.349
T11,551.71,cruise,直连,19.273
T11,552.709,cruise,直连,19.198
T11,553.708,cruise,直连,19.123
T11,554.707,cruise,直连,19.049
T11,555.706,cruise,直连,18.976
T11,556.705,cruise,直连,18.903
T11,557.703,cruise,直连,18.831
T11,558.702,cruise,直连,18.759
T11,559.701,cruise,直连,18.688
T11,560.7,cruise,直连,18.618
T11,561.699,cruise,直连,18.548
T11,562.698,cruise,直连,18.478
T11,563.697,cruise,直连,18.41
T11,564.696,cruise,直连,18.341
T11,565.695,cruise,直连,18.274
T11,566.693,cruise,直连,18.206
T11,567.692,cruise,直连,18.14
T11,568.691,cruise,直连,18.073
T11,569.69,cruise,直连,18.008
T11,570.689,cruise,直连,17.942
T11,571.688,cruise,直连,17.877
T11,572.687,cruise,直连,17.813
T11,573.686,cruise,直连,17.749
T11,574.685,cruise,直连,17.686
T11,575.684,cruise,直连,17.623
T11,576.682,cruise,直连,17.56
T11,577.681,cruise,直连,17.498
T11,578.68,cruise,直连,17.437
T11,579.679,cruise,直连,17.375
T11,580.678,cruise,直连,17.315
T11,581.677,cruise,直连,17.254
T11,582.676,cruise,直连,17.194
T11,583.675,cruise,直连,17.135
T11,584.674,cruise,直连,17.076
T11,585.672,cruise,直连,17.017
T11,586.671,cruise,直连,16.958
T11,587.67,cruise,直连,16.901
T11,588.669,cruise,直连,16.843
T11,589.668,cruise,直连,16.786
T11,590.667,cruise,直连,16.729
T11,591.666,cruise,直连,16.672
T11,592.665,cruise,直连,16.616
T11,593.664,cruise,直连,16.56
T11,594.662,cruise,直连,16.505
T11,595.661,cruise,直连,16.45
T11,596.66,cruise,直连,16.395
T11,597.659,cruise,直连,16.341
T11,598.658,cruise,直连,16.287
T11,599.657,cruise,直连,16.233
T11,600.656,cruise,直连,16.179
T11,601.655,cruise,直连,16.126
T11,602.654,cruise,直连,16.074
T11,603.652,cruise,直连,16.021
T11,604.651,cruise,直连,15.969
T11,605.65,cruise,直连,15.917
T11,606.649,cruise,直连,15.865
T11,607.648,cruise,直连,15.814
T11,608.647,cruise,直连,15.763
T11,609.646,cruise,直连,15.713
T11,610.645,cruise,直连,15.662
T11,611.644,cruise,直连,15.612
T11,612.643,cruise,直连,15.562
T11,613.641,cruise,直连,15.513
T11,614.64,cruise,直连,15.464
T11,615.639,cruise,直连,15.415
T11,616.638,cruise,直连,15.366
T11,617.637,cruise,直连,15.318
T11,618.636,cruise,直连,15.269
T11,619.635,cruise,直连,15.222
T11,620.634,cruise,直连,15.174
T11,621.633,cruise,直连,15.127
T11,622.631,cruise,直连,15.079
T11,623.63,cruise,直连,15.033
T11,624.629,cruise,直连,14.986
T11,625.628,cruise,直连,14.94
T11,626.627,cruise,直连,14.893
T11,627.626,cruise,直连,14.848
T11,628.625,cruise,直连,14.802
T11,629.624,cruise,直连,14.756
T11,630.623,cruise,直连,14.711
T11,631.621,cruise,直连,14.666
T11,632.62,cruise,直连,14.622
T11,633.619,cruise,直连,14.577
T11,634.618,cruise,直连,14.533
T11,635.617,cruise,直连,14.489
T11,636.616,cruise,直连,14.445
T11,637.615,cruise,直连,14.401
T11,638.614,cruise,直连,14.358
T11,639.613,cruise,直连,14.315
T11,640.612,cruise,直连,14.272
T11,641.61,cruise,直连,14.229
T11,642.609,cruise,直连,14.187
T11,643.608,cruise,直连,14.144
T11,644.607,cruise,直连,14.102
T11,645.606,cruise,直连,14.06
T11,646.605,cruise,直连,14.018
T11,647.604,cruise,直连,13.977
T11,648.603,cruise,直连,13.936
T11,649.602,cruise,直连,13.894
T11,650.6,cruise,直连,13.853
T11,651.599,cruise,直连,13.813
T11,652.598,cruise,直连,13.772
T11,653.597,cruise,直连,13.732
T11,654.596,cruise,直连,13.692
T11,655.595,cruise,直连,13.652
T11,656.594,cruise,直连,13.612
T11,657.593,cruise,直连,13.572
T11,658.592,cruise,直连,13.533
T11,659.59,cruise,直连,13.493
T11,660.589,cruise,直连,13.454
T11,661.588,cruise,直连,13.415
T11,662.587,cruise,直连,13.376
T11,663.586,cruise,直连,13.338
T11,664.585,cruise,直连,13.299
T11,665.584,cruise,直连,13.261
T11,666.583,cruise,直连,13.223
T11,667.582,cruise,直连,13.185
T11,668.58,cruise,直连,13.147
T11,669.579,cruise,直连,13.11
T11,670.578,cruise,直连,13.072
T11,671.577,cruise,直连,13.035
T11,672.576,cruise,直连,12.998
T11,673.575,cruise,直连,12.961
T11,674.574,cruise,直连,12.924
T11,675.573,cruise,直连,12.887
T11,676.572,cruise,直连,12.851
T11,677.571,cruise,直连,12.815
T11,678.569,cruise,直连,12.778
T11,679.568,cruise,直连,12.742
T11,680.567,cruise,直连,12.706
T11,681.566,cruise,直连,12.671
T11,682.565,cruise,直连,12.635
T11,683.564,cruise,直连,12.6
T11,684.563,cruise,直连,12.564
T11,685.562,cruise,直连,12.529
T11,686.561,cruise,直连,12.494
T11,687.559,cruise,直连,12.459
T11,688.558,cruise,直连,12.424
T11,689.557,cruise,直连,12.39
T11,690.556,cruise,直连,12.355
T11,691.555,cruise,直连,12.321
T11,692.554,cruise,直连,12.287
T11,693.553,cruise,直连,12.253
T11,694.552,cruise,直连,12.219
T11,695.551,cruise,直连,12.185
T11,696.549,cruise,直连,12.151
T11,697.548,cruise,直连,12.118
T11,698.547,cruise,直连,12.084
T11,699.546,cruise,直连,12.051
T11,700.545,cruise,直连,12.018
T11,701.544,cruise,直连,11.985
T11,702.543,cruise,直连,11.952
T11,703.542,cruise,直连,11.919
T11,704.541,cruise,直连,11.886
T11,705.54,cruise,直连,11.854
T11,706.538,cruise,直连,11.821
T11,707.537,cruise,直连,11.789
T11,708.536,cruise,直连,11.757
T11,709.535,cruise,直连,11.725
T11,710.534,cruise,直连,11.693
T11,711.533,cruise,直连,11.661
T11,712.532,cruise,直连,11.629
T11,713.531,cruise,直连,11.597
T11,714.53,cruise,直连,11.566
T11,715.528,cruise,直连,11.534
T11,716.527,cruise,直连,11.503
T11,717.526,cruise,直连,11.472
T11,718.525,cruise,直连,11.441
T11,719.524,cruise,直连,11.41
T11,720.523,cruise,直连,11.379
T11,721.522,cruise,直连,11.348
T11,722.521,cruise,直连,11.318
T11,723.52,cruise,直连,11.287
T11,724.518,cruise,直连,11.257
T11,725.517,cruise,直连,11.227
T11,726.516,cruise,直连,11.196
T11,727.515,cruise,直连,11.166
T11,728.514,cruise,直连,11.136
T11,729.513,cruise,直连,11.106
T11,730.512,cruise,直连,11.077
T11,731.511,cruise,直连,11.047
T11,732.51,cruise,直连,11.017
T11,733.508,cruise,直连,10.988
T11,734.507,cruise,直连,10.959
T11,735.506,cruise,直连,10.929
T11,736.505,cruise,直连,10.9
T11,737.504,cruise,直连,10.871
T11,738.503,cruise,直连,10.842
T11,739.502,cruise,直连,10.813
T11,740.501,cruise,直连,10.784
T11,741.5,cruise,直连,10.756
T11,742.499,cruise,直连,10.727
T11,743.497,cruise,直连,10.699
T11,744.496,cruise,直连,10.67
T11,745.495,cruise,直连,10.642
T11,746.494,cruise,直连,10.614
T11,747.493,cruise,直连,10.585
T11,748.492,cruise,直连,10.557
T11,749.491,cruise,直连,10.529
T11,750.49,cruise,直连,10.502
T11,751.489,cruise,直连,10.474
T11,752.487,cruise,直连,10.446
T11,753.486,cruise,直连,10.418
T11,754.485,cruise,直连,10.391
T11,755.484,cruise,直连,10.363
T11,756.483,cruise,直连,10.336
T11,757.482,cruise,直连,10.309
T11,758.481,cruise,直连,10.282
T11,759.48,cruise,直连,10.255
T11,760.479,cruise,直连,10.228
T11,761.477,cruise,直连,10.201
T11,762.476,cruise,直连,10.174
T11,763.475,cruise,直连,10.147
T11,764.474,cruise,直连,10.12
T11,765.473,cruise,直连,10.094
T11,766.472,cruise,直连,10.067
T11,767.471,cruise,直连,10.041
T11,768.47,cruise,直连,10.014
T11,769.469,cruise,直连,9.988
T11,770.468,cruise,直连,9.962
T11,771.466,cruise,直连,9.936
T11,772.465,cruise,直连,9.91
T11,773.464,cruise,直连,9.884
T11,774.463,cruise,直连,9.858
T11,775.462,cruise,直连,9.832
T11,776.461,cruise,直连,9.806
T11,777.46,cruise,直连,9.781
T11,778.459,cruise,直连,9.755
T11,779.458,cruise,直连,9.73
T11,780.456,cruise,直连,9.704
T11,781.455,cruise,直连,9.679
T11,782.454,cruise,直连,9.654
T11,783.453,cruise,直连,9.628
T11,784.452,cruise,直连,9.603
T11,785.451,cruise,直连,9.578
T11,786.45,cruise,直连,9.553
T11,787.449,cruise,直连,9.528
T11,788.448,cruise,直连,9.503
T11,789.446,cruise,直连,9.479
T11,790.445,cruise,直连,9.454
T11,791.444,cruise,直连,9.429
T11,792.443,cruise,直连,9.405
T11,793.442,cruise,直连,9.38
T11,794.441,cruise,直连,9.356
T11,795.44,cruise,直连,9.331
T11,796.439,cruise,直连,9.307
T11,797.438,cruise,直连,9.283
T11,798.436,cruise,直连,9.259
T11,799.435,cruise,直连,9.234
T11,800.434,cruise,直连,9.21
T11,801.433,cruise,直连,9.186
T11,802.432,cruise,直连,9.163
T11,803.431,cruise,直连,9.139
T11,804.43,cruise,直连,9.115
T11,805.429,cruise,直连,9.091
T11,806.428,cruise,直连,9.068
T11,807.427,cruise,直连,9.044
T11,808.425,cruise,直连,9.021
T11,809.424,cruise,中继,11.239
T11,810.423,cruise,直连,8.974
T11,811.422,cruise,直连,8.95
T11,812.421,cruise,直连,8.927
T11,813.42,cruise,中继,11.328
T11,814.419,cruise,中继,11.349
T11,815.418,cruise,直连,8.858
T11,816.417,cruise,中继,11.381
T11,817.415,cruise,中继,11.381
T11,818.414,cruise,中继,11.381
T11,819.413,cruise,中继,11.381
T11,820.412,cruise,中继,11.381
T11,821.411,cruise,中继,11.381
T11,822.41,cruise,中继,11.381
T11,823.409,cruise,中继,11.381
T11,824.408,cruise,中继,11.381
T11,825.407,cruise,中继,11.381
T11,826.405,cruise,中继,11.381
T11,827.404,cruise,中继,11.381
T11,828.403,cruise,中继,11.381
T11,829.402,cruise,中继,11.381
T11,830.401,cruise,中继,11.381
T11,831.4,cruise,中继,11.381
T11,832.399,cruise,中继,11.381
T11,833.398,cruise,中继,11.381
T11,834.397,cruise,中继,11.381
T11,835.395,cruise,中继,11.381
T11,836.394,cruise,中继,11.381
T11,837.393,cruise,中继,11.381
T11,838.392,cruise,中继,11.381
T11,839.391,cruise,中继,11.381
T11,840.39,cruise,中继,11.381
T11,841.389,cruise,中继,11.381
T11,842.388,cruise,中继,11.381
T11,843.387,cruise,中继,11.381
T11,844.386,cruise,中继,11.381
T11,845.384,cruise,中继,11.381
T11,846.383,cruise,中继,11.381
T11,847.382,cruise,中继,11.381
T11,848.381,cruise,中继,11.381
T11,849.38,cruise,中继,11.381
T11,850.379,cruise,中继,11.381
T11,851.378,cruise,中继,11.381
T11,852.377,cruise,中继,11.381
T11,853.376,cruise,中继,11.381
T11,854.374,cruise,中继,11.381
T11,855.373,cruise,中继,11.381
T11,856.372,cruise,中继,11.381
T11,857.371,cruise,中继,11.381
T11,858.37,cruise,中继,11.381
T11,859.369,cruise,中继,11.381
T11,860.368,cruise,中继,11.381
T11,861.367,cruise,中继,11.381
T11,862.366,cruise,中继,11.381
T11,863.364,cruise,中继,11.381
T11,864.363,cruise,中继,11.381
T11,865.362,cruise,中继,11.381
T11,866.361,cruise,中继,11.381
T11,867.36,cruise,中继,11.381
T11,868.359,cruise,中继,11.381
T11,869.358,cruise,中继,11.381
T11,870.357,cruise,中继,11.381
T11,871.356,cruise,中继,11.381
T11,872.355,cruise,中继,11.381
T11,873.353,cruise,中继,11.381
T11,874.352,cruise,中继,11.381
T11,875.351,cruise,中继,11.381
T11,876.35,cruise,中继,11.381
T11,877.349,cruise,中继,11.381
T11,878.348,cruise,中继,11.381
T11,879.347,cruise,中继,11.381
T11,880.346,cruise,中继,11.381
T11,881.345,cruise,中继,11.381
T11,882.343,cruise,中继,11.381
T11,883.342,cruise,中继,11.381
T11,884.341,cruise,中继,11.381
T11,885.34,cruise,中继,11.381
T11,886.339,cruise,中继,11.381
T11,887.338,cruise,中继,11.381
T11,888.337,cruise,中继,11.381
T11,889.336,cruise,中继,11.381
T11,890.335,cruise,中继,11.381
T11,891.333,cruise,中继,11.381
T11,892.332,cruise,中继,11.381
T11,893.331,cruise,中继,11.381
T11,894.33,cruise,中继,11.381
T11,895.329,cruise,中继,11.381
T11,896.328,cruise,中继,11.381
T11,897.327,cruise,中继,11.381
T11,898.326,cruise,中继,11.381
T11,899.325,cruise,中继,11.381
T11,900.323,cruise,中继,11.381
T11,901.322,cruise,中继,11.381
T11,902.321,cruise,中继,11.381
T11,903.32,cruise,中继,11.381
T11,904.319,cruise,中继,11.381
T11,905.318,cruise,中继,11.381
T11,906.317,cruise,中继,11.381
T11,907.316,cruise,中继,11.381
T11,908.315,cruise,中继,11.381
T11,909.314,cruise,中继,11.381
T11,910.312,cruise,中继,11.381
T11,911.311,cruise,中继,11.364
T11,912.31,cruise,中继,11.343
T11,913.309,cruise,中继,11.321
T11,914.308,cruise,中继,11.299
T11,915.307,cruise,中继,11.277
T11,916.306,cruise,中继,11.255
T11,917.305,cruise,中继,11.232
T11,918.304,cruise,中继,11.209
T11,919.302,cruise,中继,11.186
T11,920.301,cruise,中继,11.162
T11,921.3,cruise,中继,11.139
T11,922.299,cruise,中继,11.114
T11,923.298,cruise,中继,11.09
T11,924.297,cruise,中继,11.065
T11,925.296,cruise,中继,11.04
T11,926.295,cruise,中继,11.015
T11,927.294,cruise,中继,10.99
T11,928.292,cruise,中继,10.964
T11,929.291,cruise,中继,10.938
T11,930.29,cruise,中继,10.912
T11,931.289,cruise,中继,10.886
T11,932.288,cruise,中继,10.859
T11,933.287,cruise,中继,10.832
T11,934.286,cruise,中继,10.805
T11,935.285,cruise,中继,10.778
T11,936.284,cruise,中继,10.75
T11,937.283,cruise,中继,10.723
T11,938.281,cruise,中继,10.695
T11,939.28,cruise,中继,10.667
T11,940.279,cruise,中继,10.638
T11,941.278,cruise,中继,10.61
T11,942.277,cruise,中继,10.581
T11,943.276,cruise,中继,10.552
T11,944.275,cruise,中继,10.523
T11,945.274,cruise,中继,10.494
T11,946.273,cruise,中继,10.465
T11,947.271,cruise,中继,10.436
T11,948.27,cruise,中继,10.406
T11,949.269,cruise,中继,10.376
T11,950.268,cruise,中继,10.346
T11,951.267,cruise,中继,10.316
T11,952.266,cruise,中继,10.286
T11,953.265,cruise,中继,10.256
T11,954.264,cruise,中继,10.225
T11,955.263,cruise,中继,10.195
T11,956.261,cruise,中继,10.164
T11,957.26,cruise,中继,10.133
T11,958.259,cruise,中继,10.103
T11,959.258,cruise,中继,10.072
T11,960.257,cruise,中继,10.04
T11,961.256,cruise,中继,10.009
T11,962.255,cruise,中继,9.978
T11,963.254,cruise,中继,9.947
T11,964.253,cruise,中继,9.915
T11,965.251,cruise,中继,9.884
T11,966.25,cruise,中继,9.852
T11,967.249,cruise,中继,9.82
T11,968.248,cruise,中继,9.789
T11,969.247,cruise,中继,9.757
T11,970.246,cruise,中继,9.725
T11,971.245,cruise,中继,9.693
T11,972.244,cruise,中继,9.661
T11,973.243,cruise,中继,9.629
T11,974.242,cruise,中继,9.597
T11,975.24,cruise,中继,9.565
T11,976.239,cruise,中继,9.532
T11,977.238,cruise,中继,9.5
T11,978.237,cruise,中继,9.468
T11,979.236,cruise,中继,9.435
T11,980.235,cruise,中继,9.403
T11,981.234,cruise,中继,9.371
T11,982.233,cruise,中继,9.338
T11,983.232,cruise,中继,9.306
T11,984.23,cruise,中继,9.273
T11,985.229,cruise,中继,9.241
T11,986.228,cruise,中继,9.208
T11,987.227,cruise,中继,9.175
T11,988.226,cruise,中继,9.143
T11,989.225,cruise,中继,9.11
T11,990.224,cruise,中继,9.078
T11,991.223,cruise,中继,9.045
T11,992.222,cruise,中继,9.012
T11,993.22,cruise,中继,8.98
T11,994.219,cruise,中继,8.947
T11,995.218,cruise,中继,8.914
T11,996.217,cruise,中继,8.882
T11,997.216,cruise,中继,8.849
T11,998.215,cruise,中继,8.816
T11,999.214,cruise,中继,8.784
T11,1000.213,cruise,中继,8.751
T11,1001.212,cruise,中继,8.718
T11,1002.211,cruise,中继,8.686
T11,1003.209,cruise,中继,8.653
T11,1004.208,cruise,中继,8.62
T11,1005.207,cruise,中继,8.588
T11,1006.206,cruise,中继,8.555
T11,1007.205,cruise,中继,8.523
T11,1008.204,cruise,中继,8.49
T11,1009.203,cruise,中继,8.458
T11,1010.202,cruise,中继,8.425
T11,1011.201,cruise,中继,8.393
T11,1012.199,cruise,中继,8.36
T11,1013.198,cruise,中继,8.328
T11,1014.197,cruise,中继,8.295
T11,1015.196,cruise,中继,8.263
T11,1016.195,cruise,中继,8.23
T11,1017.194,cruise,中继,8.198
T11,1018.193,cruise,中继,8.166
T11,1019.192,cruise,中继,8.134
T11,1020.191,cruise,中继,8.101
T11,1021.189,cruise,中继,8.069
T11,1022.188,cruise,中继,8.037
T11,1023.187,cruise,中继,8.005
T11,1024.186,cruise,中继,7.973
T11,1025.185,cruise,中继,7.941
T11,1026.184,cruise,中继,7.909
T11,1027.183,cruise,中继,7.877
T11,1028.182,cruise,中继,7.845
T11,1029.181,cruise,中继,7.813
T11,1030.179,cruise,中继,7.781
T11,1031.178,cruise,中继,7.749
T11,1032.177,cruise,中继,7.717
T11,1033.176,cruise,中继,7.686
T11,1034.175,cruise,中继,7.654
T11,1035.174,cruise,中继,7.622
T11,1036.173,cruise,中继,7.591
T11,1037.172,cruise,中继,7.559
T11,1038.171,cruise,中继,7.528
T11,1039.17,cruise,中继,7.496
T11,1040.168,cruise,中继,7.465
T11,1041.167,cruise,中继,7.434
T11,1042.166,cruise,中继,7.402
T11,1043.165,cruise,中继,7.371
T11,1044.164,cruise,中继,7.34
T11,1045.163,cruise,中继,7.309
T11,1046.162,cruise,中继,7.278
T11,1047.161,cruise,中继,7.247
T11,1048.16,cruise,中继,7.216
T11,1049.158,cruise,中继,7.185
T11,1050.157,cruise,中继,7.154
T11,1051.156,cruise,中继,7.123
T11,1052.155,cruise,中继,7.092
T11,1053.154,cruise,中继,7.062
T11,1054.153,cruise,中继,7.031
T11,1055.152,cruise,中继,7.0
T11,1056.151,cruise,中继,6.97
T11,1057.15,cruise,中继,6.939
T11,1058.148,cruise,中继,6.909
T11,1059.147,cruise,中继,6.878
T11,1060.146,cruise,中继,6.848
T11,1061.145,cruise,中继,6.818
T11,1062.144,cruise,中继,6.788
T11,1063.143,cruise,中继,6.758
T11,1064.142,cruise,中继,6.727
T11,1065.141,cruise,中继,6.697
T11,1066.14,cruise,中继,6.667
T11,1067.138,cruise,中继,6.638
T11,1068.137,cruise,中继,6.608
T11,1069.136,cruise,中继,6.578
T11,1070.135,cruise,中继,6.548
T11,1071.134,cruise,中继,6.519
T11,1072.133,cruise,中继,6.489
T11,1073.132,cruise,中继,6.459
T11,1074.131,cruise,中继,6.43
T11,1075.13,cruise,中继,6.4
T11,1076.129,cruise,中继,6.371
T11,1077.127,cruise,中继,6.342
T11,1078.126,cruise,中继,6.313
T11,1079.125,cruise,中继,6.283
T11,1080.124,cruise,中继,6.254
T11,1081.123,cruise,中继,6.225
T11,1082.122,cruise,中继,6.196
T11,1083.121,cruise,中继,6.167
T11,1084.12,cruise,中继,6.138
T11,1085.119,cruise,中继,6.11
T11,1086.117,cruise,中继,6.081
T11,1087.116,cruise,中继,6.052
T11,1088.115,cruise,中继,6.023
T11,1089.114,cruise,中继,5.995
T11,1090.113,cruise,中继,5.966
T11,1091.112,cruise,中继,5.938
T11,1092.111,cruise,中继,5.909
T11,1093.11,cruise,中继,5.881
T11,1094.109,cruise,中继,5.853
T11,1095.107,cruise,中继,5.825
T11,1096.106,cruise,中继,5.797
T11,1097.105,cruise,中继,5.768
T11,1098.104,cruise,中继,5.74
T11,1099.103,cruise,中继,5.712
T11,1100.102,cruise,中继,5.685
T11,1101.101,cruise,中继,5.657
T11,1102.1,cruise,中继,5.629
T11,1103.099,cruise,中继,5.601
T11,1104.098,cruise,中继,5.574
T11,1105.096,cruise,中继,5.546
T11,1106.095,cruise,中继,5.518
T11,1107.094,cruise,中继,5.491
T11,1108.093,cruise,中继,5.464
T11,1109.092,cruise,中继,5.436
T11,1110.091,cruise,中继,5.409
T11,1111.09,cruise,中继,5.382
T11,1112.089,cruise,中继,5.355
T11,1113.088,cruise,中继,5.327
T11,1113.088,descent,中继,5.327
T11,1114.075,descent,中继,5.327
T11,1115.063,descent,中继,5.326
T11,1116.051,descent,中继,5.325
T11,1117.038,descent,中继,5.324
T11,1118.026,descent,中继,5.323
T11,1119.014,descent,中继,5.322
T11,1120.002,descent,中继,5.321
T11,1120.989,descent,中继,5.32
T11,1121.977,descent,中继,5.319
T11,1122.965,descent,中继,5.319
T11,1123.952,descent,中继,5.318
T11,1124.94,descent,中继,5.317
T11,1125.928,descent,中继,5.316
T11,1126.916,descent,中继,5.315
T11,1127.903,descent,中继,5.314
T11,1128.891,descent,中继,5.313
T11,1129.879,descent,中继,5.312
T11,1130.866,descent,中继,5.311
T11,1131.854,descent,中继,5.31
T11,1132.842,descent,中继,5.309
T11,1133.83,descent,中继,5.308
T11,1134.817,descent,中继,5.307
T11,1135.805,descent,中继,5.306
T11,1136.793,descent,中继,5.305
T11,1137.78,descent,中继,5.304
T11,1138.768,descent,中继,5.303
T11,1139.756,descent,中继,5.302
T11,1140.744,descent,中继,5.301
T11,1141.731,descent,中继,5.3
T11,1142.719,descent,中继,5.299
T11,1143.707,descent,中继,5.298
T11,1144.695,descent,中继,5.297
T11,1145.682,descent,中继,5.296
T11,1146.67,descent,中继,5.295
T11,1147.658,descent,中继,5.294
T11,1148.645,descent,中继,5.293
T11,1149.633,descent,中继,5.292
T11,1150.621,descent,中继,5.291
T11,1151.609,descent,中继,5.29
T11,1151.609,handover,中继,5.29
T11,1361.609,handover,中继,5.29
T11,1361.609,climb,中继,5.29
T11,1362.581,climb,中继,5.291
T11,1363.554,climb,中继,5.293
T11,1364.527,climb,中继,5.294
T11,1365.5,climb,中继,5.295
T11,1366.472,climb,中继,5.296
T11,1367.445,climb,中继,5.297
T11,1368.418,climb,中继,5.299
T11,1369.391,climb,中继,5.3
T11,1370.363,climb,中继,5.301
T11,1371.336,climb,中继,5.302
T11,1372.309,climb,中继,5.303
T11,1373.282,climb,中继,5.304
T11,1374.254,climb,中继,5.306
T11,1375.227,climb,中继,5.307
T11,1376.2,climb,中继,5.308
T11,1377.173,climb,中继,5.309
T11,1378.145,climb,中继,5.31
T11,1379.118,climb,中继,5.311
T11,1380.091,climb,中继,5.312
T11,1381.064,climb,中继,5.314
T11,1382.036,climb,中继,5.315
T11,1383.009,climb,中继,5.316
T11,1383.982,climb,中继,5.317
T11,1384.955,climb,中继,5.318
T11,1385.927,climb,中继,5.319
T11,1386.9,climb,中继,5.32
T11,1387.873,climb,中继,5.321
T11,1388.846,climb,中继,5.322
T11,1389.818,climb,中继,5.323
T11,1390.791,climb,中继,5.324
T11,1391.764,climb,中继,5.325
T11,1392.737,climb,中继,5.326
T11,1393.709,climb,中继,5.327
T11,1393.709,cruise,中继,5.327
T11,1394.708,cruise,中继,5.355
T11,1395.707,cruise,中继,5.382
T11,1396.706,cruise,中继,5.409
T11,1397.705,cruise,中继,5.436
T11,1398.704,cruise,中继,5.464
T11,1399.703,cruise,中继,5.491
T11,1400.702,cruise,中继,5.518
T11,1401.701,cruise,中继,5.546
T11,1402.699,cruise,中继,5.574
T11,1403.698,cruise,中继,5.601
T11,1404.697,cruise,中继,5.629
T11,1405.696,cruise,中继,5.657
T11,1406.695,cruise,中继,5.685
T11,1407.694,cruise,中继,5.712
T11,1408.693,cruise,中继,5.74
T11,1409.692,cruise,中继,5.768
T11,1410.691,cruise,中继,5.797
T11,1411.689,cruise,中继,5.825
T11,1412.688,cruise,中继,5.853
T11,1413.687,cruise,中继,5.881
T11,1414.686,cruise,中继,5.909
T11,1415.685,cruise,中继,5.938
T11,1416.684,cruise,中继,5.966
T11,1417.683,cruise,中继,5.995
T11,1418.682,cruise,中继,6.023
T11,1419.681,cruise,中继,6.052
T11,1420.679,cruise,中继,6.081
T11,1421.678,cruise,中继,6.11
T11,1422.677,cruise,中继,6.138
T11,1423.676,cruise,中继,6.167
T11,1424.675,cruise,中继,6.196
T11,1425.674,cruise,中继,6.225
T11,1426.673,cruise,中继,6.254
T11,1427.672,cruise,中继,6.283
T11,1428.671,cruise,中继,6.313
T11,1429.669,cruise,中继,6.342
T11,1430.668,cruise,中继,6.371
T11,1431.667,cruise,中继,6.4
T11,1432.666,cruise,中继,6.43
T11,1433.665,cruise,中继,6.459
T11,1434.664,cruise,中继,6.489
T11,1435.663,cruise,中继,6.519
T11,1436.662,cruise,中继,6.548
T11,1437.661,cruise,中继,6.578
T11,1438.66,cruise,中继,6.608
T11,1439.658,cruise,中继,6.638
T11,1440.657,cruise,中继,6.667
T11,1441.656,cruise,中继,6.697
T11,1442.655,cruise,中继,6.727
T11,1443.654,cruise,中继,6.758
T11,1444.653,cruise,中继,6.788
T11,1445.652,cruise,中继,6.818
T11,1446.651,cruise,中继,6.848
T11,1447.65,cruise,中继,6.878
T11,1448.648,cruise,中继,6.909
T11,1449.647,cruise,中继,6.939
T11,1450.646,cruise,中继,6.97
T11,1451.645,cruise,中继,7.0
T11,1452.644,cruise,中继,7.031
T11,1453.643,cruise,中继,7.062
T11,1454.642,cruise,中继,7.092
T11,1455.641,cruise,中继,7.123
T11,1456.64,cruise,中继,7.154
T11,1457.638,cruise,中继,7.185
T11,1458.637,cruise,中继,7.216
T11,1459.636,cruise,中继,7.247
T11,1460.635,cruise,中继,7.278
T11,1461.634,cruise,中继,7.309
T11,1462.633,cruise,中继,7.34
T11,1463.632,cruise,中继,7.371
T11,1464.631,cruise,中继,7.402
T11,1465.63,cruise,中继,7.434
T11,1466.629,cruise,中继,7.465
T11,1467.627,cruise,中继,7.496
T11,1468.626,cruise,中继,7.528
T11,1469.625,cruise,中继,7.559
T11,1470.624,cruise,中继,7.591
T11,1471.623,cruise,中继,7.622
T11,1472.622,cruise,中继,7.654
T11,1473.621,cruise,中继,7.686
T11,1474.62,cruise,中继,7.717
T11,1475.619,cruise,中继,7.749
T11,1476.617,cruise,中继,7.781
T11,1477.616,cruise,中继,7.813
T11,1478.615,cruise,中继,7.845
T11,1479.614,cruise,中继,7.877
T11,1480.613,cruise,中继,7.909
T11,1481.612,cruise,中继,7.941
T11,1482.611,cruise,中继,7.973
T11,1483.61,cruise,中继,8.005
T11,1484.609,cruise,中继,8.037
T11,1485.607,cruise,中继,8.069
T11,1486.606,cruise,中继,8.101
T11,1487.605,cruise,中继,8.134
T11,1488.604,cruise,中继,8.166
T11,1489.603,cruise,中继,8.198
T11,1490.602,cruise,中继,8.23
T11,1491.601,cruise,中继,8.263
T11,1492.6,cruise,中继,8.295
T11,1493.599,cruise,中继,8.328
T11,1494.597,cruise,中继,8.36
T11,1495.596,cruise,中继,8.393
T11,1496.595,cruise,中继,8.425
T11,1497.594,cruise,中继,8.458
T11,1498.593,cruise,中继,8.49
T11,1499.592,cruise,中继,8.523
T11,1500.591,cruise,中继,8.555
T11,1501.59,cruise,中继,8.588
T11,1502.589,cruise,中继,8.62
T11,1503.588,cruise,中继,8.653
T11,1504.586,cruise,中继,8.686
T11,1505.585,cruise,中继,8.718
T11,1506.584,cruise,中继,8.751
T11,1507.583,cruise,中继,8.784
T11,1508.582,cruise,中继,8.816
T11,1509.581,cruise,中继,8.849
T11,1510.58,cruise,中继,8.882
T11,1511.579,cruise,中继,8.914
T11,1512.578,cruise,中继,8.947
T11,1513.576,cruise,中继,8.98
T11,1514.575,cruise,中继,9.012
T11,1515.574,cruise,中继,9.045
T11,1516.573,cruise,中继,9.078
T11,1517.572,cruise,中继,9.11
T11,1518.571,cruise,中继,9.143
T11,1519.57,cruise,中继,9.175
T11,1520.569,cruise,中继,9.208
T11,1521.568,cruise,中继,9.241
T11,1522.566,cruise,中继,9.273
T11,1523.565,cruise,中继,9.306
T11,1524.564,cruise,中继,9.338
T11,1525.563,cruise,中继,9.371
T11,1526.562,cruise,中继,9.403
T11,1527.561,cruise,中继,9.435
T11,1528.56,cruise,中继,9.468
T11,1529.559,cruise,中继,9.5
T11,1530.558,cruise,中继,9.532
T11,1531.557,cruise,中继,9.565
T11,1532.555,cruise,中继,9.597
T11,1533.554,cruise,中继,9.629
T11,1534.553,cruise,中继,9.661
T11,1535.552,cruise,中继,9.693
T11,1536.551,cruise,中继,9.725
T11,1537.55,cruise,中继,9.757
T11,1538.549,cruise,中继,9.789
T11,1539.548,cruise,中继,9.82
T11,1540.547,cruise,中继,9.852
T11,1541.545,cruise,中继,9.884
T11,1542.544,cruise,中继,9.915
T11,1543.543,cruise,中继,9.947
T11,1544.542,cruise,中继,9.978
T11,1545.541,cruise,中继,10.009
T11,1546.54,cruise,中继,10.04
T11,1547.539,cruise,中继,10.072
T11,1548.538,cruise,中继,10.103
T11,1549.537,cruise,中继,10.133
T11,1550.535,cruise,中继,10.164
T11,1551.534,cruise,中继,10.195
T11,1552.533,cruise,中继,10.225
T11,1553.532,cruise,中继,10.256
T11,1554.531,cruise,中继,10.286
T11,1555.53,cruise,中继,10.316
T11,1556.529,cruise,中继,10.346
T11,1557.528,cruise,中继,10.376
T11,1558.527,cruise,中继,10.406
T11,1559.525,cruise,中继,10.436
T11,1560.524,cruise,中继,10.465
T11,1561.523,cruise,中继,10.494
T11,1562.522,cruise,中继,10.523
T11,1563.521,cruise,中继,10.552
T11,1564.52,cruise,中继,10.581
T11,1565.519,cruise,中继,10.61
T11,1566.518,cruise,中继,10.638
T11,1567.517,cruise,中继,10.667
T11,1568.516,cruise,中继,10.695
T11,1569.514,cruise,中继,10.723
T11,1570.513,cruise,中继,10.75
T11,1571.512,cruise,中继,10.778
T11,1572.511,cruise,中继,10.805
T11,1573.51,cruise,中继,10.832
T11,1574.509,cruise,中继,10.859
T11,1575.508,cruise,中继,10.886
T11,1576.507,cruise,中继,10.912
T11,1577.506,cruise,中继,10.938
T11,1578.504,cruise,中继,10.964
T11,1579.503,cruise,中继,10.99
T11,1580.502,cruise,中继,11.015
T11,1581.501,cruise,中继,11.04
T11,1582.5,cruise,中继,11.065
T11,1583.499,cruise,中继,11.09
T11,1584.498,cruise,中继,11.114
T11,1585.497,cruise,中继,11.139
T11,1586.496,cruise,中继,11.162
T11,1587.494,cruise,中继,11.186
T11,1588.493,cruise,中继,11.209
T11,1589.492,cruise,中继,11.232
T11,1590.491,cruise,中继,11.255
T11,1591.49,cruise,中继,11.277
T11,1592.489,cruise,中继,11.299
T11,1593.488,cruise,中继,11.321
T11,1594.487,cruise,中继,11.343
T11,1595.486,cruise,中继,11.364
T11,1596.485,cruise,中继,11.381
T11,1597.483,cruise,中继,11.381
T11,1598.482,cruise,中继,11.381
T11,1599.481,cruise,中继,11.381
T11,1600.48,cruise,中继,11.381
T11,1601.479,cruise,中继,11.381
T11,1602.478,cruise,中继,11.381
T11,1603.477,cruise,中继,11.381
T11,1604.476,cruise,中继,11.381
T11,1605.475,cruise,中继,11.381
T11,1606.473,cruise,中继,11.381
T11,1607.472,cruise,中继,11.381
T11,1608.471,cruise,中继,11.381
T11,1609.47,cruise,中继,11.381
T11,1610.469,cruise,中继,11.381
T11,1611.468,cruise,中继,11.381
T11,1612.467,cruise,中继,11.381
T11,1613.466,cruise,中继,11.381
T11,1614.465,cruise,中继,11.381
T11,1615.463,cruise,中继,11.381
T11,1616.462,cruise,中继,11.381
T11,1617.461,cruise,中继,11.381
T11,1618.46,cruise,中继,11.381
T11,1619.459,cruise,中继,11.381
T11,1620.458,cruise,中继,11.381
T11,1621.457,cruise,中继,11.381
T11,1622.456,cruise,中继,11.381
T11,1623.455,cruise,中继,11.381
T11,1624.453,cruise,中继,11.381
T11,1625.452,cruise,中继,11.381
T11,1626.451,cruise,中继,11.381
T11,1627.45,cruise,中继,11.381
T11,1628.449,cruise,中继,11.381
T11,1629.448,cruise,中继,11.381
T11,1630.447,cruise,中继,11.381
T11,1631.446,cruise,中继,11.381
T11,1632.445,cruise,中继,11.381
T11,1633.444,cruise,中继,11.381
T11,1634.442,cruise,中继,11.381
T11,1635.441,cruise,中继,11.381
T11,1636.44,cruise,中继,11.381
T11,1637.439,cruise,中继,11.381
T11,1638.438,cruise,中继,11.381
T11,1639.437,cruise,中继,11.381
T11,1640.436,cruise,中继,11.381
T11,1641.435,cruise,中继,11.381
T11,1642.434,cruise,中继,11.381
T11,1643.432,cruise,中继,11.381
T11,1644.431,cruise,中继,11.381
T11,1645.43,cruise,中继,11.381
T11,1646.429,cruise,中继,11.381
T11,1647.428,cruise,中继,11.381
T11,1648.427,cruise,中继,11.381
T11,1649.426,cruise,中继,11.381
T11,1650.425,cruise,中继,11.381
T11,1651.424,cruise,中继,11.381
T11,1652.422,cruise,中继,11.381
T11,1653.421,cruise,中继,11.381
T11,1654.42,cruise,中继,11.381
T11,1655.419,cruise,中继,11.381
T11,1656.418,cruise,中继,11.381
T11,1657.417,cruise,中继,11.381
T11,1658.416,cruise,中继,11.381
T11,1659.415,cruise,中继,11.381
T11,1660.414,cruise,中继,11.381
T11,1661.412,cruise,中继,11.381
T11,1662.411,cruise,中继,11.381
T11,1663.41,cruise,中继,11.381
T11,1664.409,cruise,中继,11.381
T11,1665.408,cruise,中继,11.381
T11,1666.407,cruise,中继,11.381
T11,1667.406,cruise,中继,11.381
T11,1668.405,cruise,中继,11.381
T11,1669.404,cruise,中继,11.381
T11,1670.403,cruise,中继,11.381
T11,1671.401,cruise,中继,11.381
T11,1672.4,cruise,中继,11.381
T11,1673.399,cruise,中继,11.381
T11,1674.398,cruise,中继,11.381
T11,1675.397,cruise,中继,11.381
T11,1676.396,cruise,中继,11.381
T11,1677.395,cruise,中继,11.381
T11,1678.394,cruise,中继,11.381
T11,1679.393,cruise,中继,11.381
T11,1680.391,cruise,中继,11.381
T11,1681.39,cruise,中继,11.381
T11,1682.389,cruise,中继,11.381
T11,1683.388,cruise,中继,11.381
T11,1684.387,cruise,中继,11.381
T11,1685.386,cruise,中继,11.381
T11,1686.385,cruise,中继,11.381
T11,1687.384,cruise,中继,11.381
T11,1688.383,cruise,中继,11.381
T11,1689.381,cruise,中继,11.381
T11,1690.38,cruise,中继,11.381
T11,1691.379,cruise,直连,8.858
T11,1692.378,cruise,中继,11.349
T11,1693.377,cruise,中继,11.328
T11,1694.376,cruise,直连,8.927
T11,1695.375,cruise,直连,8.95
T11,1696.374,cruise,直连,8.974
T11,1697.373,cruise,中继,11.239
T11,1698.372,cruise,直连,9.021
T11,1699.37,cruise,直连,9.044
T11,1700.369,cruise,直连,9.068
T11,1701.368,cruise,直连,9.091
T11,1702.367,cruise,直连,9.115
T11,1703.366,cruise,直连,9.139
T11,1704.365,cruise,直连,9.163
T11,1705.364,cruise,直连,9.186
T11,1706.363,cruise,直连,9.21
T11,1707.362,cruise,直连,9.234
T11,1708.36,cruise,直连,9.259
T11,1709.359,cruise,直连,9.283
T11,1710.358,cruise,直连,9.307
T11,1711.357,cruise,直连,9.331
T11,1712.356,cruise,直连,9.356
T11,1713.355,cruise,直连,9.38
T11,1714.354,cruise,直连,9.405
T11,1715.353,cruise,直连,9.429
T11,1716.352,cruise,直连,9.454
T11,1717.35,cruise,直连,9.479
T11,1718.349,cruise,直连,9.503
T11,1719.348,cruise,直连,9.528
T11,1720.347,cruise,直连,9.553
T11,1721.346,cruise,直连,9.578
T11,1722.345,cruise,直连,9.603
T11,1723.344,cruise,直连,9.628
T11,1724.343,cruise,直连,9.654
T11,1725.342,cruise,直连,9.679
T11,1726.34,cruise,直连,9.704
T11,1727.339,cruise,直连,9.73
T11,1728.338,cruise,直连,9.755
T11,1729.337,cruise,直连,9.781
T11,1730.336,cruise,直连,9.806
T11,1731.335,cruise,直连,9.832
T11,1732.334,cruise,直连,9.858
T11,1733.333,cruise,直连,9.884
T11,1734.332,cruise,直连,9.91
T11,1735.331,cruise,直连,9.936
T11,1736.329,cruise,直连,9.962
T11,1737.328,cruise,直连,9.988
T11,1738.327,cruise,直连,10.014
T11,1739.326,cruise,直连,10.041
T11,1740.325,cruise,直连,10.067
T11,1741.324,cruise,直连,10.094
T11,1742.323,cruise,直连,10.12
T11,1743.322,cruise,直连,10.147
T11,1744.321,cruise,直连,10.174
T11,1745.319,cruise,直连,10.201
T11,1746.318,cruise,直连,10.228
T11,1747.317,cruise,直连,10.255
T11,1748.316,cruise,直连,10.282
T11,1749.315,cruise,直连,10.309
T11,1750.314,cruise,直连,10.336
T11,1751.313,cruise,直连,10.363
T11,1752.312,cruise,直连,10.391
T11,1753.311,cruise,直连,10.418
T11,1754.309,cruise,直连,10.446
T11,1755.308,cruise,直连,10.474
T11,1756.307,cruise,直连,10.502
T11,1757.306,cruise,直连,10.529
T11,1758.305,cruise,直连,10.557
T11,1759.304,cruise,直连,10.585
T11,1760.303,cruise,直连,10.614
T11,1761.302,cruise,直连,10.642
T11,1762.301,cruise,直连,10.67
T11,1763.3,cruise,直连,10.699
T11,1764.298,cruise,直连,10.727
T11,1765.297,cruise,直连,10.756
T11,1766.296,cruise,直连,10.784
T11,1767.295,cruise,直连,10.813
T11,1768.294,cruise,直连,10.842
T11,1769.293,cruise,直连,10.871
T11,1770.292,cruise,直连,10.9
T11,1771.291,cruise,直连,10.929
T11,1772.29,cruise,直连,10.959
T11,1773.288,cruise,直连,10.988
T11,1774.287,cruise,直连,11.017
T11,1775.286,cruise,直连,11.047
T11,1776.285,cruise,直连,11.077
T11,1777.284,cruise,直连,11.106
T11,1778.283,cruise,直连,11.136
T11,1779.282,cruise,直连,11.166
T11,1780.281,cruise,直连,11.196
T11,1781.28,cruise,直连,11.227
T11,1782.278,cruise,直连,11.257
T11,1783.277,cruise,直连,11.287
T11,1784.276,cruise,直连,11.318
T11,1785.275,cruise,直连,11.348
T11,1786.274,cruise,直连,11.379
T11,1787.273,cruise,直连,11.41
T11,1788.272,cruise,直连,11.441
T11,1789.271,cruise,直连,11.472
T11,1790.27,cruise,直连,11.503
T11,1791.268,cruise,直连,11.534
T11,1792.267,cruise,直连,11.566
T11,1793.266,cruise,直连,11.597
T11,1794.265,cruise,直连,11.629
T11,1795.264,cruise,直连,11.661
T11,1796.263,cruise,直连,11.693
T11,1797.262,cruise,直连,11.725
T11,1798.261,cruise,直连,11.757
T11,1799.26,cruise,直连,11.789
T11,1800.259,cruise,直连,11.821
T11,1801.257,cruise,直连,11.854
T11,1802.256,cruise,直连,11.886
T11,1803.255,cruise,直连,11.919
T11,1804.254,cruise,直连,11.952
T11,1805.253,cruise,直连,11.985
T11,1806.252,cruise,直连,12.018
T11,1807.251,cruise,直连,12.051
T11,1808.25,cruise,直连,12.084
T11,1809.249,cruise,直连,12.118
T11,1810.247,cruise,直连,12.151
T11,1811.246,cruise,直连,12.185
T11,1812.245,cruise,直连,12.219
T11,1813.244,cruise,直连,12.253
T11,1814.243,cruise,直连,12.287
T11,1815.242,cruise,直连,12.321
T11,1816.241,cruise,直连,12.355
T11,1817.24,cruise,直连,12.39
T11,1818.239,cruise,直连,12.424
T11,1819.237,cruise,直连,12.459
T11,1820.236,cruise,直连,12.494
T11,1821.235,cruise,直连,12.529
T11,1822.234,cruise,直连,12.564
T11,1823.233,cruise,直连,12.6
T11,1824.232,cruise,直连,12.635
T11,1825.231,cruise,直连,12.671
T11,1826.23,cruise,直连,12.706
T11,1827.229,cruise,直连,12.742
T11,1828.228,cruise,直连,12.778
T11,1829.226,cruise,直连,12.815
T11,1830.225,cruise,直连,12.851
T11,1831.224,cruise,直连,12.887
T11,1832.223,cruise,直连,12.924
T11,1833.222,cruise,直连,12.961
T11,1834.221,cruise,直连,12.998
T11,1835.22,cruise,直连,13.035
T11,1836.219,cruise,直连,13.072
T11,1837.218,cruise,直连,13.11
T11,1838.216,cruise,直连,13.147
T11,1839.215,cruise,直连,13.185
T11,1840.214,cruise,直连,13.223
T11,1841.213,cruise,直连,13.261
T11,1842.212,cruise,直连,13.299
T11,1843.211,cruise,直连,13.338
T11,1844.21,cruise,直连,13.376
T11,1845.209,cruise,直连,13.415
T11,1846.208,cruise,直连,13.454
T11,1847.206,cruise,直连,13.493
T11,1848.205,cruise,直连,13.533
T11,1849.204,cruise,直连,13.572
T11,1850.203,cruise,直连,13.612
T11,1851.202,cruise,直连,13.652
T11,1852.201,cruise,直连,13.692
T11,1853.2,cruise,直连,13.732
T11,1854.199,cruise,直连,13.772
T11,1855.198,cruise,直连,13.813
T11,1856.196,cruise,直连,13.853
T11,1857.195,cruise,直连,13.894
T11,1858.194,cruise,直连,13.936
T11,1859.193,cruise,直连,13.977
T11,1860.192,cruise,直连,14.018
T11,1861.191,cruise,直连,14.06
T11,1862.19,cruise,直连,14.102
T11,1863.189,cruise,直连,14.144
T11,1864.188,cruise,直连,14.187
T11,1865.187,cruise,直连,14.229
T11,1866.185,cruise,直连,14.272
T11,1867.184,cruise,直连,14.315
T11,1868.183,cruise,直连,14.358
T11,1869.182,cruise,直连,14.401
T11,1870.181,cruise,直连,14.445
T11,1871.18,cruise,直连,14.489
T11,1872.179,cruise,直连,14.533
T11,1873.178,cruise,直连,14.577
T11,1874.177,cruise,直连,14.622
T11,1875.175,cruise,直连,14.666
T11,1876.174,cruise,直连,14.711
T11,1877.173,cruise,直连,14.756
T11,1878.172,cruise,直连,14.802
T11,1879.171,cruise,直连,14.848
T11,1880.17,cruise,直连,14.893
T11,1881.169,cruise,直连,14.94
T11,1882.168,cruise,直连,14.986
T11,1883.167,cruise,直连,15.033
T11,1884.165,cruise,直连,15.079
T11,1885.164,cruise,直连,15.127
T11,1886.163,cruise,直连,15.174
T11,1887.162,cruise,直连,15.222
T11,1888.161,cruise,直连,15.269
T11,1889.16,cruise,直连,15.318
T11,1890.159,cruise,直连,15.366
T11,1891.158,cruise,直连,15.415
T11,1892.157,cruise,直连,15.464
T11,1893.155,cruise,直连,15.513
T11,1894.154,cruise,直连,15.562
T11,1895.153,cruise,直连,15.612
T11,1896.152,cruise,直连,15.662
T11,1897.151,cruise,直连,15.713
T11,1898.15,cruise,直连,15.763
T11,1899.149,cruise,直连,15.814
T11,1900.148,cruise,直连,15.865
T11,1901.147,cruise,直连,15.917
T11,1902.146,cruise,直连,15.969
T11,1903.144,cruise,直连,16.021
T11,1904.143,cruise,直连,16.074
T11,1905.142,cruise,直连,16.126
T11,1906.141,cruise,直连,16.179
T11,1907.14,cruise,直连,16.233
T11,1908.139,cruise,直连,16.287
T11,1909.138,cruise,直连,16.341
T11,1910.137,cruise,直连,16.395
T11,1911.136,cruise,直连,16.45
T11,1912.134,cruise,直连,16.505
T11,1913.133,cruise,直连,16.56
T11,1914.132,cruise,直连,16.616
T11,1915.131,cruise,直连,16.672
T11,1916.13,cruise,直连,16.729
T11,1917.129,cruise,直连,16.786
T11,1918.128,cruise,直连,16.843
T11,1919.127,cruise,直连,16.901
T11,1920.126,cruise,直连,16.958
T11,1921.124,cruise,直连,17.017
T11,1922.123,cruise,直连,17.076
T11,1923.122,cruise,直连,17.135
T11,1924.121,cruise,直连,17.194
T11,1925.12,cruise,直连,17.254
T11,1926.119,cruise,直连,17.315
T11,1927.118,cruise,直连,17.375
T11,1928.117,cruise,直连,17.437
T11,1929.116,cruise,直连,17.498
T11,1930.115,cruise,直连,17.56
T11,1931.113,cruise,直连,17.623
T11,1932.112,cruise,直连,17.686
T11,1933.111,cruise,直连,17.749
T11,1934.11,cruise,直连,17.813
T11,1935.109,cruise,直连,17.877
T11,1936.108,cruise,直连,17.942
T11,1937.107,cruise,直连,18.008
T11,1938.106,cruise,直连,18.073
T11,1939.105,cruise,直连,18.14
T11,1940.103,cruise,直连,18.206
T11,1941.102,cruise,直连,18.274
T11,1942.101,cruise,直连,18.341
T11,1943.1,cruise,直连,18.41
T11,1944.099,cruise,直连,18.478
T11,1945.098,cruise,直连,18.548
T11,1946.097,cruise,直连,18.618
T11,1947.096,cruise,直连,18.688
T11,1948.095,cruise,直连,18.759
T11,1949.093,cruise,直连,18.831
T11,1950.092,cruise,直连,18.903
T11,1951.091,cruise,直连,18.976
T11,1952.09,cruise,直连,19.049
T11,1953.089,cruise,直连,19.123
T11,1954.088,cruise,直连,19.198
T11,1955.087,cruise,直连,19.273
T11,1956.086,cruise,直连,19.349
T11,1957.085,cruise,直连,19.425
T11,1958.083,cruise,直连,19.502
T11,1959.082,cruise,直连,19.58
T11,1960.081,cruise,直连,19.659
T11,1961.08,cruise,直连,19.738
T11,1962.079,cruise,直连,19.818
T11,1963.078,cruise,直连,19.898
T11,1964.077,cruise,直连,19.98
T11,1965.076,cruise,直连,20.062
T11,1966.075,cruise,直连,20.145
T11,1967.074,cruise,直连,20.228
T11,1968.072,cruise,直连,20.313
T11,1969.071,cruise,直连,20.398
T11,1970.07,cruise,直连,20.484
T11,1971.069,cruise,直连,20.571
T11,1972.068,cruise,直连,20.659
T11,1973.067,cruise,直连,20.747
T11,1974.066,cruise,直连,20.837
T11,1975.065,cruise,直连,20.927
T11,1976.064,cruise,直连,21.018
T11,1977.062,cruise,直连,21.111
T11,1978.061,cruise,直连,21.204
T11,1979.06,cruise,直连,21.298
T11,1980.059,cruise,直连,21.393
T11,1981.058,cruise,直连,21.489
T11,1982.057,cruise,直连,21.586
T11,1983.056,cruise,直连,21.684
T11,1984.055,cruise,直连,21.784
T11,1985.054,cruise,直连,21.884
T11,1986.052,cruise,直连,21.986
T11,1987.051,cruise,直连,22.088
T11,1988.05,cruise,直连,22.192
T11,1989.049,cruise,直连,22.297
T11,1990.048,cruise,直连,22.403
T11,1991.047,cruise,直连,22.51
T11,1992.046,cruise,直连,22.619
T11,1993.045,cruise,直连,22.729
T11,1994.044,cruise,直连,22.84
T11,1995.043,cruise,直连,22.953
T11,1996.041,cruise,直连,23.067
T11,1997.04,cruise,直连,23.182
T11,1998.039,cruise,直连,23.299
T11,1999.038,cruise,直连,23.417
T11,2000.037,cruise,直连,23.537
T11,2001.036,cruise,直连,23.659
T11,2002.035,cruise,直连,23.782
T11,2003.034,cruise,直连,23.906
T11,2004.033,cruise,直连,24.033
T11,2005.031,cruise,直连,24.161
T11,2006.03,cruise,直连,24.29
T11,2007.029,cruise,直连,24.422
T11,2008.028,cruise,直连,24.555
T11,2009.027,cruise,直连,24.69
T11,2010.026,cruise,直连,24.828
T11,2011.025,cruise,直连,24.967
T11,2012.024,cruise,直连,25.108
T11,2013.023,cruise,直连,25.251
T11,2014.021,cruise,直连,25.396
T11,2015.02,cruise,直连,25.544
T11,2016.019,cruise,直连,25.694
T11,2017.018,cruise,直连,25.846
T11,2018.017,cruise,直连,26.0
T11,2019.016,cruise,直连,26.157
T11,2020.015,cruise,直连,26.316
T11,2021.014,cruise,直连,26.478
T11,2022.013,cruise,直连,26.642
T11,2023.011,cruise,直连,26.809
T11,2024.01,cruise,直连,26.979
T11,2025.009,cruise,直连,27.151
T11,2026.008,cruise,直连,27.326
T11,2027.007,cruise,直连,27.504
T11,2028.006,cruise,直连,27.685
T11,2029.005,cruise,直连,27.869
T11,2030.004,cruise,直连,28.056
T11,2031.003,cruise,直连,28.246
T11,2032.002,cruise,直连,28.44
T11,2033.0,cruise,直连,28.636
T11,2033.999,cruise,直连,28.836
T11,2034.998,cruise,直连,29.038
T11,2035.997,cruise,直连,29.245
T11,2036.996,cruise,直连,29.454
T11,2037.995,cruise,直连,29.666
T11,2038.994,cruise,直连,29.882
T11,2039.993,cruise,直连,30.101
T11,2040.992,cruise,直连,30.323
T11,2041.99,cruise,直连,30.548
T11,2042.989,cruise,直连,30.775
T11,2043.988,cruise,直连,31.005
T11,2044.987,cruise,直连,31.237
T11,2045.986,cruise,直连,31.471
T11,2046.985,cruise,直连,31.707
T11,2047.984,cruise,直连,31.944
T11,2048.983,cruise,直连,32.181
T11,2049.982,cruise,直连,32.418
T11,2050.98,cruise,直连,32.653
T11,2051.979,cruise,直连,32.887
T11,2052.978,cruise,直连,33.118
T11,2053.977,cruise,直连,33.345
T11,2054.976,cruise,直连,33.565
T11,2055.975,cruise,直连,33.779
T11,2056.974,cruise,直连,33.984
T11,2057.973,cruise,直连,34.177
T11,2058.972,cruise,直连,34.358
T11,2059.971,cruise,直连,34.525
T11,2060.969,cruise,直连,34.674
T11,2061.968,cruise,直连,34.805
T11,2062.967,cruise,直连,34.915
T11,2063.966,cruise,直连,35.002
T11,2064.965,cruise,直连,35.065
T11,2065.964,cruise,直连,35.104
T11,2066.963,cruise,直连,35.117
T11,2066.963,descent,直连,35.117
T11,2067.961,descent,直连,35.216
T11,2068.959,descent,直连,35.317
T11,2069.957,descent,直连,35.418
T11,2070.954,descent,直连,35.521
T11,2071.952,descent,直连,35.625
T11,2072.95,descent,直连,35.73
T11,2073.948,descent,直连,35.837
T11,2074.946,descent,直连,35.945
T11,2075.944,descent,直连,36.054
T11,2076.942,descent,直连,36.165
T11,2077.94,descent,直连,36.277
T11,2078.938,descent,直连,36.391
T11,2079.936,descent,直连,36.506
T11,2080.934,descent,直连,36.622
T11,2081.932,descent,直连,36.741
T11,2082.93,descent,直连,36.86
T11,2083.928,descent,直连,36.982
T11,2084.925,descent,直连,37.105
T11,2085.923,descent,直连,37.23
T11,2086.921,descent,直连,37.357
T11,2087.919,descent,直连,37.486
T11,2088.917,descent,直连,37.616
T11,2089.915,descent,直连,37.749
T11,2090.913,descent,直连,37.884
T11,2091.911,descent,直连,38.02
T11,2092.909,descent,直连,38.159
T11,2093.907,descent,直连,38.301
T11,2094.905,descent,直连,38.444
T11,2095.903,descent,直连,38.59
T11,2096.901,descent,直连,38.739
T11,2097.898,descent,直连,38.89
T11,2098.896,descent,直连,39.044
T11,2099.894,descent,直连,39.2
T11,2100.892,descent,直连,39.36
T11,2101.89,descent,直连,39.522
T11,2102.888,descent,直连,39.688
T11,2103.886,descent,直连,39.856
T11,2104.884,descent,直连,40.028
T11,2105.882,descent,直连,40.204
T11,2106.88,descent,直连,40.383
T11,2107.878,descent,直连,40.566
T11,2108.876,descent,直连,40.753
T11,2109.874,descent,直连,40.944
T11,2110.872,descent,直连,41.139
T11,2111.869,descent,直连,41.339
T11,2112.867,descent,直连,41.543
T11,2113.865,descent,直连,41.753
T11,2114.863,descent,直连,41.967
T11,2115.861,descent,直连,42.187
T11,2116.859,descent,直连,42.413
T11,2117.857,descent,直连,42.645
T11,2118.855,descent,直连,42.883
T11,2119.853,descent,直连,43.128
T11,2120.851,descent,直连,43.38
T11,2121.849,descent,直连,43.639
T11,2122.847,descent,直连,43.907
T11,2123.845,descent,直连,44.182
T11,2124.843,descent,直连,44.467
T11,2125.84,descent,直连,44.762
T11,2126.838,descent,直连,45.067
T11,2127.836,descent,直连,45.383
T11,2128.834,descent,直连,45.711
T11,2129.832,descent,直连,46.052
T11,2130.83,descent,直连,46.407
T11,2131.828,descent,直连,46.777
T11,2132.826,descent,直连,47.163
T11,2133.824,descent,直连,47.567
T11,2134.822,descent,直连,47.992
T11,2135.82,descent,直连,48.438
T11,2136.818,descent,直连,48.908
T11,2137.816,descent,直连,49.405
T11,2138.814,descent,直连,49.932
T11,2139.811,descent,直连,50.493
T11,2140.809,descent,直连,51.093
T11,2141.807,descent,直连,51.737
T11,2142.805,descent,直连,52.433
T11,2143.803,descent,直连,53.19
T11,2144.801,descent,直连,54.019
T11,2145.799,descent,直连,54.936
T11,2146.797,descent,直连,55.961
T11,2147.795,descent,直连,57.124
T11,2148.793,descent,直连,58.466
T11,2149.791,descent,直连,60.055
T11,2150.789,descent,直连,62.0
T11,2151.787,descent,直连,64.511
T11,2152.784,descent,直连,68.057
T11,2153.782,descent,直连,74.151
T11,2154.78,descent,直连,109.594
T11,2155.778,descent,直连,73.862
T11,2156.776,descent,直连,67.913
T11,2157.774,descent,直连,64.415
T11,2158.772,descent,直连,61.928
T11,2159.77,descent,直连,59.997
T11,2160.768,descent,直连,58.418
T11,2161.766,descent,直连,57.082
T11,2162.764,descent,直连,45.925
T12,2108.7,climb,直连,45.925
T12,2109.697,climb,直连,57.082
T12,2110.694,climb,直连,58.416
T12,2111.692,climb,直连,59.993
T12,2112.689,climb,直连,61.921
T12,2113.686,climb,直连,64.404
T12,2114.683,climb,直连,67.893
T12,2115.68,climb,直连,73.818
T12,2116.677,climb,直连,106.942
T12,2117.675,climb,直连,74.21
T12,2118.672,climb,直连,68.089
T12,2119.669,climb,直连,64.535
T12,2120.666,climb,直连,62.019
T12,2121.663,climb,直连,60.071
T12,2122.661,climb,直连,58.481
T12,2123.658,climb,直连,57.138
T12,2124.655,climb,直连,55.974
T12,2125.652,climb,直连,54.948
T12,2126.649,climb,直连,54.031
T12,2127.647,climb,直连,53.201
T12,2128.644,climb,直连,52.444
T12,2129.641,climb,直连,51.748
T12,2130.638,climb,直连,51.103
T12,2131.635,climb,直连,50.503
T12,2132.632,climb,直连,49.941
T12,2133.63,climb,直连,49.414
T12,2134.627,climb,直连,48.917
T12,2135.624,climb,直连,48.447
T12,2136.621,climb,直连,48.001
T12,2137.618,climb,直连,47.576
T12,2138.616,climb,直连,47.172
T12,2139.613,climb,直连,46.785
T12,2140.61,climb,直连,46.415
T12,2141.607,climb,直连,46.06
T12,2142.604,climb,直连,45.72
T12,2143.602,climb,直连,45.391
T12,2144.599,climb,直连,45.075
T12,2145.596,climb,直连,44.77
T12,2146.593,climb,直连,44.476
T12,2147.59,climb,直连,44.191
T12,2148.587,climb,直连,43.915
T12,2149.585,climb,直连,43.647
T12,2150.582,climb,直连,43.388
T12,2151.579,climb,直连,43.136
T12,2152.576,climb,直连,42.891
T12,2153.573,climb,直连,42.653
T12,2154.571,climb,直连,42.421
T12,2155.568,climb,直连,42.195
T12,2156.565,climb,直连,41.975
T12,2157.562,climb,直连,41.761
T12,2158.559,climb,直连,41.551
T12,2159.557,climb,直连,41.347
T12,2160.554,climb,直连,41.147
T12,2161.551,climb,直连,40.952
T12,2162.548,climb,直连,40.761
T12,2163.545,climb,直连,40.574
T12,2164.542,climb,直连,40.391
T12,2165.54,climb,直连,40.212
T12,2166.537,climb,直连,40.036
T12,2167.534,climb,直连,39.864
T12,2168.531,climb,直连,39.695
T12,2169.528,climb,直连,39.53
T12,2170.526,climb,直连,39.367
T12,2171.523,climb,直连,39.208
T12,2172.52,climb,直连,39.051
T12,2173.517,climb,直连,38.897
T12,2174.514,climb,直连,38.746
T12,2175.512,climb,直连,38.598
T12,2176.509,climb,直连,38.452
T12,2177.506,climb,直连,38.308
T12,2178.503,climb,直连,38.167
T12,2179.5,climb,直连,38.028
T12,2180.497,climb,直连,37.891
T12,2181.495,climb,直连,37.756
T12,2182.492,climb,直连,37.624
T12,2183.489,climb,直连,37.493
T12,2184.486,climb,直连,37.364
T12,2185.483,climb,直连,37.237
T12,2186.481,climb,直连,37.112
T12,2187.478,climb,直连,36.989
T12,2188.475,climb,直连,36.868
T12,2189.472,climb,直连,36.748
T12,2190.469,climb,直连,36.629
T12,2191.467,climb,直连,36.513
T12,2192.464,climb,直连,36.398
T12,2193.461,climb,直连,36.284
T12,2194.458,climb,直连,36.172
T12,2195.455,climb,直连,36.061
T12,2196.452,climb,直连,35.952
T12,2197.45,climb,直连,35.844
T12,2198.447,climb,直连,35.738
T12,2199.444,climb,直连,35.632
T12,2200.441,climb,直连,35.528
T12,2201.438,climb,直连,35.425
T12,2202.436,climb,直连,35.324
T12,2203.433,climb,直连,35.223
T12,2203.433,cruise,直连,35.223
T12,2204.43,cruise,直连,35.203
T12,2205.427,cruise,直连,35.141
T12,2206.424,cruise,直连,35.041
T12,2207.421,cruise,直连,34.905
T12,2208.418,cruise,直连,34.735
T12,2209.415,cruise,直连,34.537
T12,2210.412,cruise,直连,34.313
T12,2211.409,cruise,直连,34.069
T12,2212.406,cruise,直连,33.807
T12,2213.403,cruise,直连,33.533
T12,2214.4,cruise,直连,33.248
T12,2215.397,cruise,直连,32.956
T12,2216.394,cruise,直连,32.66
T12,2217.391,cruise,直连,32.361
T12,2218.388,cruise,直连,32.062
T12,2219.385,cruise,直连,31.763
T12,2220.382,cruise,直连,31.466
T12,2221.379,cruise,直连,31.172
T12,2222.376,cruise,直连,30.881
T12,2223.373,cruise,直连,30.594
T12,2224.37,cruise,直连,30.311
T12,2225.367,cruise,直连,30.034
T12,2226.364,cruise,直连,29.761
T12,2227.361,cruise,直连,29.493
T12,2228.358,cruise,直连,29.23
T12,2229.355,cruise,直连,28.973
T12,2230.352,cruise,直连,28.721
T12,2231.349,cruise,直连,28.474
T12,2232.346,cruise,直连,28.231
T12,2233.343,cruise,直连,27.994
T12,2234.34,cruise,直连,27.762
T12,2235.337,cruise,直连,27.534
T12,2236.334,cruise,直连,27.311
T12,2237.331,cruise,直连,27.093
T12,2238.328,cruise,直连,26.879
T12,2239.325,cruise,直连,26.669
T12,2240.322,cruise,直连,26.464
T12,2241.319,cruise,直连,26.262
T12,2242.316,cruise,直连,26.065
T12,2243.313,cruise,直连,25.871
T12,2244.31,cruise,直连,25.681
T12,2245.307,cruise,直连,25.494
T12,2246.304,cruise,直连,25.311
T12,2247.301,cruise,直连,25.131
T12,2248.298,cruise,直连,24.955
T12,2249.295,cruise,直连,24.782
T12,2250.292,cruise,直连,24.611
T12,2251.289,cruise,直连,24.444
T12,2252.286,cruise,直连,24.28
T12,2253.283,cruise,直连,24.118
T12,2254.28,cruise,直连,23.959
T12,2255.277,cruise,直连,23.803
T12,2256.274,cruise,直连,23.649
T12,2257.271,cruise,直连,23.498
T12,2258.268,cruise,直连,23.349
T12,2259.265,cruise,直连,23.202
T12,2260.262,cruise,直连,23.058
T12,2261.259,cruise,直连,22.916
T12,2262.256,cruise,直连,22.776
T12,2263.253,cruise,直连,22.639
T12,2264.25,cruise,直连,22.503
T12,2265.247,cruise,直连,22.369
T12,2266.244,cruise,直连,22.237
T12,2267.241,cruise,直连,22.107
T12,2268.238,cruise,直连,21.979
T12,2269.235,cruise,直连,21.852
T12,2270.232,cruise,直连,21.728
T12,2271.229,cruise,直连,21.605
T12,2272.226,cruise,直连,21.483
T12,2273.223,cruise,直连,21.364
T12,2274.22,cruise,直连,21.245
T12,2275.217,cruise,直连,21.129
T12,2276.214,cruise,直连,21.013
T12,2277.211,cruise,直连,20.9
T12,2278.208,cruise,直连,20.787
T12,2279.205,cruise,直连,20.676
T12,2280.202,cruise,直连,20.567
T12,2281.199,cruise,直连,20.459
T12,2282.197,cruise,直连,20.352
T12,2283.194,cruise,直连,20.246
T12,2284.191,cruise,直连,20.141
T12,2285.188,cruise,直连,20.038
T12,2286.185,cruise,直连,19.936
T12,2287.182,cruise,直连,19.835
T12,2288.179,cruise,直连,19.735
T12,2289.176,cruise,直连,19.636
T12,2290.173,cruise,直连,19.539
T12,2291.17,cruise,直连,19.442
T12,2292.167,cruise,直连,19.346
T12,2293.164,cruise,直连,19.252
T12,2294.161,cruise,直连,19.158
T12,2295.158,cruise,直连,19.066
T12,2296.155,cruise,直连,18.974
T12,2297.152,cruise,直连,18.883
T12,2298.149,cruise,直连,18.793
T12,2299.146,cruise,直连,18.705
T12,2300.143,cruise,直连,18.617
T12,2301.14,cruise,直连,18.529
T12,2302.137,cruise,直连,18.443
T12,2303.134,cruise,直连,18.358
T12,2304.131,cruise,直连,18.273
T12,2305.128,cruise,直连,18.189
T12,2306.125,cruise,直连,18.106
T12,2307.122,cruise,直连,18.024
T12,2308.119,cruise,直连,17.942
T12,2309.116,cruise,直连,17.861
T12,2310.113,cruise,直连,17.781
T12,2311.11,cruise,直连,17.702
T12,2312.107,cruise,直连,17.623
T12,2313.104,cruise,直连,17.545
T12,2314.101,cruise,直连,7.468
T12,2315.098,cruise,直连,7.391
T12,2316.095,cruise,直连,7.315
T12,2317.092,cruise,直连,7.24
T12,2318.089,cruise,直连,7.165
T12,2319.086,cruise,直连,7.091
T12,2320.083,cruise,直连,7.018
T12,2321.08,cruise,直连,6.945
T12,2322.077,cruise,直连,6.873
T12,2323.074,cruise,直连,6.801
T12,2324.071,cruise,直连,6.73
T12,2325.068,cruise,直连,6.66
T12,2326.065,cruise,直连,6.59
T12,2327.062,cruise,直连,6.521
T12,2328.059,cruise,直连,6.452
T12,2329.056,cruise,直连,6.383
T12,2330.053,cruise,直连,6.316
T12,2331.05,cruise,直连,6.248
T12,2332.047,cruise,直连,6.182
T12,2333.044,cruise,直连,6.115
T12,2334.041,cruise,直连,6.05
T12,2335.038,cruise,直连,5.984
T12,2336.035,cruise,直连,5.92
T12,2337.032,cruise,直连,5.855
T12,2338.029,cruise,直连,5.791
T12,2339.026,cruise,直连,5.728
T12,2340.023,cruise,直连,5.665
T12,2341.02,cruise,直连,5.603
T12,2342.017,cruise,直连,5.541
T12,2343.014,cruise,直连,5.479
T12,2344.011,cruise,直连,5.418
T12,2345.008,cruise,直连,5.357
T12,2346.005,cruise,直连,5.297
T12,2347.002,cruise,直连,5.237
T12,2347.999,cruise,直连,5.177
T12,2348.996,cruise,直连,5.118
T12,2349.993,cruise,直连,5.06
T12,2350.99,cruise,直连,5.001
T12,2351.987,cruise,直连,4.943
T12,2352.984,cruise,直连,4.886
T12,2353.981,cruise,直连,4.829
T12,2354.978,cruise,直连,4.772
T12,2355.975,cruise,直连,4.715
T12,2356.972,cruise,直连,4.659
T12,2357.969,cruise,直连,4.603
T12,2358.966,cruise,直连,4.548
T12,2359.963,cruise,直连,4.493
T12,2360.96,cruise,直连,4.438
T12,2361.957,cruise,直连,4.384
T12,2362.954,cruise,直连,4.33
T12,2363.951,cruise,直连,4.276
T12,2364.948,cruise,直连,4.223
T12,2365.945,cruise,直连,4.17
T12,2366.942,cruise,直连,4.117
T12,2367.939,cruise,直连,4.065
T12,2368.936,cruise,直连,4.013
T12,2369.933,cruise,直连,3.961
T12,2370.93,cruise,直连,3.909
T12,2371.927,cruise,直连,3.858
T12,2372.924,cruise,直连,3.807
T12,2373.921,cruise,直连,3.757
T12,2374.918,cruise,直连,3.707
T12,2375.915,cruise,直连,3.657
T12,2376.912,cruise,直连,3.607
T12,2377.909,cruise,直连,3.557
T12,2378.906,cruise,直连,3.508
T12,2379.903,cruise,直连,3.459
T12,2380.9,cruise,直连,3.411
T12,2381.897,cruise,直连,3.362
T12,2382.894,cruise,直连,3.314
T12,2383.891,cruise,直连,3.267
T12,2384.888,cruise,直连,3.219
T12,2385.885,cruise,直连,3.172
T12,2386.882,cruise,直连,3.125
T12,2387.879,cruise,直连,3.078
T12,2388.876,cruise,直连,3.031
T12,2389.874,cruise,直连,2.985
T12,2390.871,cruise,直连,2.939
T12,2391.868,cruise,直连,2.893
T12,2392.865,cruise,直连,2.848
T12,2393.862,cruise,直连,2.802
T12,2394.859,cruise,直连,2.757
T12,2395.856,cruise,直连,2.712
T12,2396.853,cruise,直连,2.668
T12,2397.85,cruise,直连,2.623
T12,2398.847,cruise,直连,2.579
T12,2399.844,cruise,直连,2.535
T12,2400.841,cruise,直连,2.491
T12,2401.838,cruise,直连,2.448
T12,2402.835,cruise,直连,2.405
T12,2403.832,cruise,直连,2.361
T12,2404.829,cruise,直连,2.319
T12,2405.826,cruise,直连,2.276
T12,2406.823,cruise,直连,2.233
T12,2407.82,cruise,直连,2.191
T12,2408.817,cruise,直连,2.149
T12,2409.814,cruise,直连,2.107
T12,2410.811,cruise,直连,2.066
T12,2411.808,cruise,直连,2.024
T12,2412.805,cruise,直连,1.983
T12,2413.802,cruise,直连,1.942
T12,2414.799,cruise,直连,1.901
T12,2415.796,cruise,直连,1.86
T12,2415.796,descent,直连,1.86
T12,2416.79,descent,直连,1.861
T12,2417.785,descent,直连,1.861
T12,2418.78,descent,直连,1.861
T12,2419.774,descent,直连,1.862
T12,2420.769,descent,直连,1.862
T12,2421.764,descent,直连,1.862
T12,2422.758,descent,直连,1.863
T12,2423.753,descent,直连,1.863
T12,2424.747,descent,直连,1.863
T12,2425.742,descent,直连,1.864
T12,2426.737,descent,直连,1.864
T12,2427.731,descent,直连,1.864
T12,2428.726,descent,直连,1.865
T12,2429.721,descent,直连,1.865
T12,2430.715,descent,直连,1.865
T12,2431.71,descent,直连,1.866
T12,2432.705,descent,直连,1.866
T12,2433.699,descent,直连,1.866
T12,2434.694,descent,直连,1.867
T12,2435.689,descent,直连,1.867
T12,2436.683,descent,直连,1.867
T12,2437.678,descent,直连,1.867
T12,2438.672,descent,直连,1.868
T12,2439.667,descent,直连,1.868
T12,2440.662,descent,直连,1.868
T12,2440.662,handover,直连,1.868
T12,2764.662,handover,直连,1.868
T12,2764.662,climb,直连,1.868
T12,2765.656,climb,直连,1.868
T12,2766.651,climb,直连,1.868
T12,2767.646,climb,直连,1.867
T12,2768.64,climb,直连,1.867
T12,2769.635,climb,直连,1.867
T12,2770.63,climb,直连,1.866
T12,2771.624,climb,直连,1.866
T12,2772.619,climb,直连,1.865
T12,2773.613,climb,直连,1.865
T12,2774.608,climb,直连,1.865
T12,2775.603,climb,直连,1.864
T12,2776.597,climb,直连,1.864
T12,2777.592,climb,直连,1.863
T12,2778.587,climb,直连,1.863
T12,2779.581,climb,直连,1.862
T12,2780.576,climb,直连,1.862
T12,2781.571,climb,直连,1.862
T12,2782.565,climb,直连,1.861
T12,2783.56,climb,直连,1.861
T12,2784.554,climb,直连,1.86
T12,2784.554,cruise,直连,1.86
T12,2785.551,cruise,直连,1.901
T12,2786.548,cruise,直连,1.942
T12,2787.546,cruise,直连,1.983
T12,2788.543,cruise,直连,2.024
T12,2789.54,cruise,直连,2.066
T12,2790.537,cruise,直连,2.107
T12,2791.534,cruise,直连,2.149
T12,2792.531,cruise,直连,2.191
T12,2793.528,cruise,直连,2.233
T12,2794.525,cruise,直连,2.276
T12,2795.522,cruise,直连,2.319
T12,2796.519,cruise,直连,2.361
T12,2797.516,cruise,直连,2.405
T12,2798.513,cruise,直连,2.448
T12,2799.51,cruise,直连,2.491
T12,2800.507,cruise,直连,2.535
T12,2801.504,cruise,直连,2.579
T12,2802.501,cruise,直连,2.623
T12,2803.498,cruise,直连,2.668
T12,2804.495,cruise,直连,2.712
T12,2805.492,cruise,直连,2.757
T12,2806.489,cruise,直连,2.802
T12,2807.486,cruise,直连,2.848
T12,2808.483,cruise,直连,2.893
T12,2809.48,cruise,直连,2.939
T12,2810.477,cruise,直连,2.985
T12,2811.474,cruise,直连,3.031
T12,2812.471,cruise,直连,3.078
T12,2813.468,cruise,直连,3.125
T12,2814.465,cruise,直连,3.172
T12,2815.462,cruise,直连,3.219
T12,2816.459,cruise,直连,3.267
T12,2817.456,cruise,直连,3.314
T12,2818.453,cruise,直连,3.362
T12,2819.45,cruise,直连,3.411
T12,2820.447,cruise,直连,3.459
T12,2821.444,cruise,直连,3.508
T12,2822.441,cruise,直连,3.557
T12,2823.438,cruise,直连,3.607
T12,2824.435,cruise,直连,3.657
T12,2825.432,cruise,直连,3.707
T12,2826.429,cruise,直连,3.757
T12,2827.426,cruise,直连,3.807
T12,2828.423,cruise,直连,3.858
T12,2829.42,cruise,直连,3.909
T12,2830.417,cruise,直连,3.961
T12,2831.414,cruise,直连,4.013
T12,2832.411,cruise,直连,4.065
T12,2833.408,cruise,直连,4.117
T12,2834.405,cruise,直连,4.17
T12,2835.402,cruise,直连,4.223
T12,2836.399,cruise,直连,4.276
T12,2837.396,cruise,直连,4.33
T12,2838.393,cruise,直连,4.384
T12,2839.39,cruise,直连,4.438
T12,2840.387,cruise,直连,4.493
T12,2841.384,cruise,直连,4.548
T12,2842.381,cruise,直连,4.603
T12,2843.378,cruise,直连,4.659
T12,2844.375,cruise,直连,4.715
T12,2845.372,cruise,直连,4.772
T12,2846.369,cruise,直连,4.829
T12,2847.366,cruise,直连,4.886
T12,2848.363,cruise,直连,4.943
T12,2849.36,cruise,直连,5.001
T12,2850.357,cruise,直连,5.06
T12,2851.354,cruise,直连,5.118
T12,2852.351,cruise,直连,5.177
T12,2853.348,cruise,直连,5.237
T12,2854.345,cruise,直连,5.297
T12,2855.342,cruise,直连,5.357
T12,2856.339,cruise,直连,5.418
T12,2857.336,cruise,直连,5.479
T12,2858.333,cruise,直连,5.541
T12,2859.33,cruise,直连,5.603
T12,2860.327,cruise,直连,5.665
T12,2861.324,cruise,直连,5.728
T12,2862.321,cruise,直连,5.791
T12,2863.318,cruise,直连,5.855
T12,2864.315,cruise,直连,5.92
T12,2865.312,cruise,直连,5.984
T12,2866.309,cruise,直连,6.05
T12,2867.306,cruise,直连,6.115
T12,2868.303,cruise,直连,6.182
T12,2869.3,cruise,直连,6.248
T12,2870.297,cruise,直连,6.316
T12,2871.294,cruise,直连,6.383
T12,2872.291,cruise,直连,6.452
T12,2873.288,cruise,直连,6.521
T12,2874.285,cruise,直连,6.59
T12,2875.282,cruise,直连,6.66
T12,2876.279,cruise,直连,6.73
T12,2877.276,cruise,直连,6.801
T12,2878.273,cruise,直连,6.873
T12,2879.27,cruise,直连,6.945
T12,2880.267,cruise,直连,7.018
T12,2881.264,cruise,直连,7.091
T12,2882.261,cruise,直连,7.165
T12,2883.258,cruise,直连,7.24
T12,2884.255,cruise,直连,7.315
T12,2885.252,cruise,直连,7.391
T12,2886.249,cruise,直连,7.468
T12,2887.246,cruise,直连,17.545
T12,2888.243,cruise,直连,17.623
T12,2889.24,cruise,直连,17.702
T12,2890.237,cruise,直连,17.781
T12,2891.234,cruise,直连,17.861
T12,2892.231,cruise,直连,17.942
T12,2893.228,cruise,直连,18.024
T12,2894.225,cruise,直连,18.106
T12,2895.223,cruise,直连,18.189
T12,2896.22,cruise,直连,18.273
T12,2897.217,cruise,直连,18.358
T12,2898.214,cruise,直连,18.443
T12,2899.211,cruise,直连,18.529
T12,2900.208,cruise,直连,18.617
T12,2901.205,cruise,直连,18.705
T12,2902.202,cruise,直连,18.793
T12,2903.199,cruise,直连,18.883
T12,2904.196,cruise,直连,18.974
T12,2905.193,cruise,直连,19.066
T12,2906.19,cruise,直连,19.158
T12,2907.187,cruise,直连,19.252
T12,2908.184,cruise,直连,19.346
T12,2909.181,cruise,直连,19.442
T12,2910.178,cruise,直连,19.539
T12,2911.175,cruise,直连,19.636
T12,2912.172,cruise,直连,19.735
T12,2913.169,cruise,直连,19.835
T12,2914.166,cruise,直连,19.936
T12,2915.163,cruise,直连,20.038
T12,2916.16,cruise,直连,20.141
T12,2917.157,cruise,直连,20.246
T12,2918.154,cruise,直连,20.352
T12,2919.151,cruise,直连,20.459
T12,2920.148,cruise,直连,20.567
T12,2921.145,cruise,直连,20.676
T12,2922.142,cruise,直连,20.787
T12,2923.139,cruise,直连,20.9
T12,2924.136,cruise,直连,21.013
T12,2925.133,cruise,直连,21.129
T12,2926.13,cruise,直连,21.245
T12,2927.127,cruise,直连,21.364
T12,2928.124,cruise,直连,21.483
T12,2929.121,cruise,直连,21.605
T12,2930.118,cruise,直连,21.728
T12,2931.115,cruise,直连,21.852
T12,2932.112,cruise,直连,21.979
T12,2933.109,cruise,直连,22.107
T12,2934.106,cruise,直连,22.237
T12,2935.103,cruise,直连,22.369
T12,2936.1,cruise,直连,22.503
T12,2937.097,cruise,直连,22.639
T12,2938.094,cruise,直连,22.776
T12,2939.091,cruise,直连,22.916
T12,2940.088,cruise,直连,23.058
T12,2941.085,cruise,直连,23.202
T12,2942.082,cruise,直连,23.349
T12,2943.079,cruise,直连,23.498
T12,2944.076,cruise,直连,23.649
T12,2945.073,cruise,直连,23.803
T12,2946.07,cruise,直连,23.959
T12,2947.067,cruise,直连,24.118
T12,2948.064,cruise,直连,24.28
T12,2949.061,cruise,直连,24.444
T12,2950.058,cruise,直连,24.611
T12,2951.055,cruise,直连,24.782
T12,2952.052,cruise,直连,24.955
T12,2953.049,cruise,直连,25.131
T12,2954.046,cruise,直连,25.311
T12,2955.043,cruise,直连,25.494
T12,2956.04,cruise,直连,25.681
T12,2957.037,cruise,直连,25.871
T12,2958.034,cruise,直连,26.065
T12,2959.031,cruise,直连,26.262
T12,2960.028,cruise,直连,26.464
T12,2961.025,cruise,直连,26.669
T12,2962.022,cruise,直连,26.879
T12,2963.019,cruise,直连,27.093
T12,2964.016,cruise,直连,27.311
T12,2965.013,cruise,直连,27.534
T12,2966.01,cruise,直连,27.762
T12,2967.007,cruise,直连,27.994
T12,2968.004,cruise,直连,28.231
T12,2969.001,cruise,直连,28.474
T12,2969.998,cruise,直连,28.721
T12,2970.995,cruise,直连,28.973
T12,2971.992,cruise,直连,29.23
T12,2972.989,cruise,直连,29.493
T12,2973.986,cruise,直连,29.761
T12,2974.983,cruise,直连,30.034
T12,2975.98,cruise,直连,30.311
T12,2976.977,cruise,直连,30.594
T12,2977.974,cruise,直连,30.881
T12,2978.971,cruise,直连,31.172
T12,2979.968,cruise,直连,31.466
T12,2980.965,cruise,直连,31.763
T12,2981.962,cruise,直连,32.062
T12,2982.959,cruise,直连,32.361
T12,2983.956,cruise,直连,32.66
T12,2984.953,cruise,直连,32.956
T12,2985.95,cruise,直连,33.248
T12,2986.947,cruise,直连,33.533
T12,2987.944,cruise,直连,33.807
T12,2988.941,cruise,直连,34.069
T12,2989.938,cruise,直连,34.313
T12,2990.935,cruise,直连,34.537
T12,2991.932,cruise,直连,34.735
T12,2992.929,cruise,直连,34.905
T12,2993.926,cruise,直连,35.041
T12,2994.923,cruise,直连,35.141
T12,2995.92,cruise,直连,35.203
T12,2996.917,cruise,直连,35.223
T12,2996.917,descent,直连,35.223
T12,2997.913,descent,直连,35.303
T12,2998.908,descent,直连,35.384
T12,2999.903,descent,直连,35.466
T12,3000.898,descent,直连,35.548
T12,3001.893,descent,直连,35.631
T12,3002.888,descent,直连,35.715
T12,3003.883,descent,直连,35.8
T12,3004.878,descent,直连,35.886
T12,3005.873,descent,直连,35.972
T12,3006.868,descent,直连,36.06
T12,3007.863,descent,直连,36.148
T12,3008.859,descent,直连,36.237
T12,3009.854,descent,直连,36.327
T12,3010.849,descent,直连,36.418
T12,3011.844,descent,直连,36.51
T12,3012.839,descent,直连,36.603
T12,3013.834,descent,直连,36.697
T12,3014.829,descent,直连,36.792
T12,3015.824,descent,直连,36.888
T12,3016.819,descent,直连,36.985
T12,3017.814,descent,直连,37.083
T12,3018.809,descent,直连,37.182
T12,3019.805,descent,直连,37.283
T12,3020.8,descent,直连,37.385
T12,3021.795,descent,直连,37.487
T12,3022.79,descent,直连,37.592
T12,3023.785,descent,直连,37.697
T12,3024.78,descent,直连,37.803
T12,3025.775,descent,直连,37.911
T12,3026.77,descent,直连,38.021
T12,3027.765,descent,直连,38.132
T12,3028.76,descent,直连,38.244
T12,3029.755,descent,直连,38.357
T12,3030.751,descent,直连,38.472
T12,3031.746,descent,直连,38.589
T12,3032.741,descent,直连,38.707
T12,3033.736,descent,直连,38.827
T12,3034.731,descent,直连,38.949
T12,3035.726,descent,直连,39.072
T12,3036.721,descent,直连,39.197
T12,3037.716,descent,直连,39.324
T12,3038.711,descent,直连,39.453
T12,3039.706,descent,直连,39.584
T12,3040.702,descent,直连,39.716
T12,3041.697,descent,直连,39.851
T12,3042.692,descent,直连,39.988
T12,3043.687,descent,直连,40.127
T12,3044.682,descent,直连,40.268
T12,3045.677,descent,直连,40.412
T12,3046.672,descent,直连,40.558
T12,3047.667,descent,直连,40.707
T12,3048.662,descent,直连,40.858
T12,3049.657,descent,直连,41.012
T12,3050.652,descent,直连,41.168
T12,3051.648,descent,直连,41.328
T12,3052.643,descent,直连,41.49
T12,3053.638,descent,直连,41.656
T12,3054.633,descent,直连,41.825
T12,3055.628,descent,直连,41.997
T12,3056.623,descent,直连,42.173
T12,3057.618,descent,直连,42.352
T12,3058.613,descent,直连,42.535
T12,3059.608,descent,直连,42.722
T12,3060.603,descent,直连,42.913
T12,3061.598,descent,直连,43.109
T12,3062.594,descent,直连,43.309
T12,3063.589,descent,直连,43.513
T12,3064.584,descent,直连,43.723
T12,3065.579,descent,直连,43.937
T12,3066.574,descent,直连,44.158
T12,3067.569,descent,直连,44.384
T12,3068.564,descent,直连,44.615
T12,3069.559,descent,直连,44.854
T12,3070.554,descent,直连,45.099
T12,3071.549,descent,直连,45.351
T12,3072.544,descent,直连,45.611
T12,3073.54,descent,直连,45.878
T12,3074.535,descent,直连,46.155
T12,3075.53,descent,直连,46.44
T12,3076.525,descent,直连,46.735
T12,3077.52,descent,直连,47.04
T12,3078.515,descent,直连,47.357
T12,3079.51,descent,直连,47.685
T12,3080.505,descent,直连,48.026
T12,3081.5,descent,直连,48.382
T12,3082.495,descent,直连,48.752
T12,3083.49,descent,直连,49.139
T12,3084.486,descent,直连,49.544
T12,3085.481,descent,直连,49.969
T12,3086.476,descent,直连,50.415
T12,3087.471,descent,直连,50.886
T12,3088.466,descent,直连,51.384
T12,3089.461,descent,直连,51.912
T12,3090.456,descent,直连,52.475
T12,3091.451,descent,直连,53.076
T12,3092.446,descent,直连,53.722
T12,3093.441,descent,直连,54.42
T12,3094.436,descent,直连,55.179
T12,3095.432,descent,直连,56.011
T12,3096.427,descent,直连,56.931
T12,3097.422,descent,直连,57.96
T12,3098.417,descent,直连,59.127
T12,3099.412,descent,直连,60.477
T12,3100.407,descent,直连,62.075
T12,3101.402,descent,直连,64.034
T12,3102.397,descent,直连,66.569
T12,3103.392,descent,直连,70.164
T12,3104.387,descent,直连,76.407
T12,3105.382,descent,直连,102.107
T12,3106.378,descent,直连,75.55
T12,3107.373,descent,直连,69.736
T12,3108.368,descent,直连,66.284
T12,3109.363,descent,直连,63.82
T12,3110.358,descent,直连,61.903
T12,3111.353,descent,直连,60.334
T12,3112.348,descent,直连,59.005
T12,3113.343,descent,直连,57.853
T12,3114.338,descent,直连,56.836
T12,3115.333,descent,直连,45.925
T13,4173.9,climb,直连,45.925
T13,4174.9,climb,直连,57.336
T13,4175.9,climb,直连,59.022
T13,4176.899,climb,直连,61.117
T13,4177.899,climb,直连,63.881
T13,4178.899,climb,直连,67.961
T13,4179.899,climb,直连,75.91
T13,4180.899,climb,直连,81.982
T13,4181.898,climb,直连,69.915
T13,4182.898,climb,直连,65.05
T13,4183.898,climb,直连,61.951
T13,4184.898,climb,直连,59.671
T13,4185.898,climb,直连,57.867
T13,4186.897,climb,直连,56.374
T13,4187.897,climb,直连,55.101
T13,4188.897,climb,直连,53.99
T13,4189.897,climb,直连,53.006
T13,4190.897,climb,直连,52.121
T13,4191.896,climb,直连,51.319
T13,4192.896,climb,直连,50.584
T13,4193.896,climb,直连,49.907
T13,4194.896,climb,直连,49.279
T13,4195.896,climb,直连,48.693
T13,4196.895,climb,直连,48.144
T13,4197.895,climb,直连,47.628
T13,4198.895,climb,直连,47.141
T13,4199.895,climb,直连,46.68
T13,4200.895,climb,直连,46.241
T13,4201.894,climb,直连,45.824
T13,4202.894,climb,直连,45.427
T13,4203.894,climb,直连,45.046
T13,4204.894,climb,直连,44.682
T13,4205.894,climb,直连,44.332
T13,4206.893,climb,直连,43.995
T13,4207.893,climb,直连,43.672
T13,4208.893,climb,直连,43.36
T13,4209.893,climb,直连,43.058
T13,4210.893,climb,直连,42.767
T13,4211.893,climb,直连,42.485
T13,4212.892,climb,直连,42.212
T13,4213.892,climb,直连,41.948
T13,4214.892,climb,直连,41.691
T13,4215.892,climb,直连,41.442
T13,4216.892,climb,直连,41.199
T13,4217.891,climb,直连,40.963
T13,4218.891,climb,直连,40.734
T13,4219.891,climb,直连,40.51
T13,4220.891,climb,直连,40.292
T13,4221.891,climb,直连,40.079
T13,4222.89,climb,直连,39.872
T13,4223.89,climb,直连,39.669
T13,4224.89,climb,直连,39.471
T13,4225.89,climb,直连,39.277
T13,4226.89,climb,直连,39.087
T13,4227.889,climb,直连,38.902
T13,4228.889,climb,直连,38.72
T13,4229.889,climb,直连,38.542
T13,4230.889,climb,直连,38.368
T13,4231.889,climb,直连,38.197
T13,4232.888,climb,直连,38.03
T13,4233.888,climb,直连,37.865
T13,4234.888,climb,直连,37.704
T13,4235.888,climb,直连,37.546
T13,4236.888,climb,直连,37.39
T13,4237.887,climb,直连,37.237
T13,4238.887,climb,直连,37.087
T13,4239.887,climb,直连,36.939
T13,4240.887,climb,直连,36.794
T13,4241.887,climb,直连,36.651
T13,4242.886,climb,直连,36.511
T13,4243.886,climb,直连,36.373
T13,4244.886,climb,直连,36.237
T13,4245.886,climb,直连,36.103
T13,4246.886,climb,直连,35.971
T13,4247.885,climb,直连,35.841
T13,4248.885,climb,直连,35.713
T13,4249.885,climb,直连,35.586
T13,4250.885,climb,直连,35.462
T13,4251.885,climb,直连,35.339
T13,4252.884,climb,直连,35.218
T13,4253.884,climb,直连,35.099
T13,4254.884,climb,直连,34.982
T13,4255.884,climb,直连,34.865
T13,4256.884,climb,直连,34.751
T13,4257.883,climb,直连,34.638
T13,4258.883,climb,直连,34.526
T13,4259.883,climb,直连,34.416
T13,4260.883,climb,直连,34.307
T13,4261.883,climb,直连,34.2
T13,4262.882,climb,直连,34.094
T13,4263.882,climb,直连,33.989
T13,4264.882,climb,直连,33.885
T13,4265.882,climb,直连,33.783
T13,4266.882,climb,直连,33.682
T13,4267.881,climb,直连,33.582
T13,4268.881,climb,直连,33.483
T13,4269.881,climb,直连,33.385
T13,4270.881,climb,直连,33.288
T13,4271.881,climb,直连,33.193
T13,4272.88,climb,直连,33.098
T13,4273.88,climb,直连,33.004
T13,4274.88,climb,直连,32.912
T13,4275.88,climb,直连,32.82
T13,4276.88,climb,直连,32.73
T13,4277.879,climb,直连,32.64
T13,4278.879,climb,直连,32.551
T13,4279.879,climb,直连,32.463
T13,4280.879,climb,直连,32.376
T13,4281.879,climb,直连,32.29
T13,4282.878,climb,直连,32.205
T13,4283.878,climb,直连,32.12
T13,4284.878,climb,直连,32.037
T13,4285.878,climb,直连,31.954
T13,4286.878,climb,直连,31.872
T13,4287.878,climb,直连,31.79
T13,4288.877,climb,直连,31.71
T13,4289.877,climb,直连,31.63
T13,4290.877,climb,直连,31.551
T13,4291.877,climb,直连,31.473
T13,4292.877,climb,直连,31.395
T13,4293.876,climb,直连,31.318
T13,4294.876,climb,直连,31.242
T13,4295.876,climb,直连,31.166
T13,4296.876,climb,直连,31.091
T13,4297.876,climb,直连,31.017
T13,4298.875,climb,直连,30.943
T13,4299.875,climb,直连,30.87
T13,4300.875,climb,直连,30.797
T13,4301.875,climb,直连,30.726
T13,4302.875,climb,直连,30.654
T13,4303.874,climb,直连,30.584
T13,4304.874,climb,直连,30.513
T13,4305.874,climb,直连,30.444
T13,4306.874,climb,直连,30.375
T13,4307.874,climb,直连,30.306
T13,4308.873,climb,直连,30.238
T13,4309.873,climb,直连,30.171
T13,4310.873,climb,直连,30.104
T13,4311.873,climb,直连,30.038
T13,4312.873,climb,直连,29.972
T13,4313.872,climb,直连,29.906
T13,4314.872,climb,直连,29.841
T13,4315.872,climb,直连,29.777
T13,4315.872,cruise,直连,29.777
T13,4316.87,cruise,直连,29.771
T13,4317.869,cruise,直连,29.753
T13,4318.867,cruise,直连,29.724
T13,4319.865,cruise,直连,29.683
T13,4320.863,cruise,直连,29.632
T13,4321.862,cruise,直连,29.569
T13,4322.86,cruise,直连,29.497
T13,4323.858,cruise,直连,29.414
T13,4324.857,cruise,直连,29.323
T13,4325.855,cruise,直连,29.223
T13,4326.853,cruise,直连,29.115
T13,4327.851,cruise,直连,29.0
T13,4328.85,cruise,直连,28.878
T13,4329.848,cruise,直连,28.75
T13,4330.846,cruise,直连,28.617
T13,4331.845,cruise,直连,28.479
T13,4332.843,cruise,直连,28.336
T13,4333.841,cruise,直连,28.19
T13,4334.839,cruise,直连,28.041
T13,4335.838,cruise,直连,27.889
T13,4336.836,cruise,直连,27.735
T13,4337.834,cruise,直连,27.579
T13,4338.833,cruise,直连,27.421
T13,4339.831,cruise,直连,27.263
T13,4340.829,cruise,直连,27.103
T13,4341.827,cruise,直连,26.943
T13,4342.826,cruise,直连,26.783
T13,4343.824,cruise,直连,26.623
T13,4344.822,cruise,直连,26.463
T13,4345.821,cruise,直连,26.303
T13,4346.819,cruise,直连,26.144
T13,4347.817,cruise,直连,25.986
T13,4348.815,cruise,直连,25.828
T13,4349.814,cruise,直连,25.671
T13,4350.812,cruise,直连,25.516
T13,4351.81,cruise,直连,25.361
T13,4352.808,cruise,直连,25.208
T13,4353.807,cruise,直连,25.056
T13,4354.805,cruise,直连,24.905
T13,4355.803,cruise,直连,24.755
T13,4356.802,cruise,直连,24.607
T13,4357.8,cruise,直连,24.46
T13,4358.798,cruise,直连,24.315
T13,4359.796,cruise,直连,24.171
T13,4360.795,cruise,直连,24.029
T13,4361.793,cruise,直连,23.888
T13,4362.791,cruise,直连,23.749
T13,4363.79,cruise,直连,23.611
T13,4364.788,cruise,直连,23.474
T13,4365.786,cruise,直连,23.339
T13,4366.784,cruise,直连,23.206
T13,4367.783,cruise,直连,23.074
T13,4368.781,cruise,直连,22.943
T13,4369.779,cruise,直连,22.814
T13,4370.778,cruise,直连,22.686
T13,4371.776,cruise,直连,22.56
T13,4372.774,cruise,直连,22.435
T13,4373.772,cruise,直连,22.311
T13,4374.771,cruise,直连,22.189
T13,4375.769,cruise,直连,22.068
T13,4376.767,cruise,直连,21.948
T13,4377.766,cruise,直连,21.83
T13,4378.764,cruise,直连,21.713
T13,4379.762,cruise,直连,21.597
T13,4380.76,cruise,直连,21.483
T13,4381.759,cruise,直连,21.37
T13,4382.757,cruise,直连,21.258
T13,4383.755,cruise,直连,21.147
T13,4384.754,cruise,直连,21.037
T13,4385.752,cruise,直连,20.929
T13,4386.75,cruise,直连,20.821
T13,4387.748,cruise,直连,20.715
T13,4388.747,cruise,直连,20.61
T13,4389.745,cruise,直连,20.506
T13,4390.743,cruise,直连,20.403
T13,4391.742,cruise,直连,20.301
T13,4392.74,cruise,直连,20.2
T13,4393.738,cruise,直连,20.1
T13,4394.736,cruise,直连,20.002
T13,4395.735,cruise,直连,19.904
T13,4396.733,cruise,直连,19.807
T13,4397.731,cruise,直连,19.711
T13,4398.73,cruise,直连,19.616
T13,4399.728,cruise,直连,19.522
T13,4400.726,cruise,直连,19.429
T13,4401.724,cruise,直连,19.336
T13,4402.723,cruise,直连,19.245
T13,4403.721,cruise,直连,19.154
T13,4404.719,cruise,直连,19.064
T13,4405.718,cruise,直连,18.976
T13,4406.716,cruise,直连,18.888
T13,4407.714,cruise,直连,18.8
T13,4408.712,cruise,直连,18.714
T13,4409.711,cruise,直连,18.628
T13,4410.709,cruise,直连,18.543
T13,4411.707,cruise,直连,18.459
T13,4412.706,cruise,直连,18.376
T13,4413.704,cruise,直连,18.293
T13,4414.702,cruise,直连,18.211
T13,4415.7,cruise,直连,18.13
T13,4416.699,cruise,直连,18.049
T13,4417.697,cruise,直连,17.969
T13,4418.695,cruise,直连,17.89
T13,4419.694,cruise,直连,17.811
T13,4420.692,cruise,直连,17.734
T13,4421.69,cruise,直连,17.656
T13,4422.688,cruise,直连,17.58
T13,4423.687,cruise,直连,17.504
T13,4424.685,cruise,直连,17.428
T13,4425.683,cruise,直连,17.354
T13,4426.682,cruise,直连,17.28
T13,4427.68,cruise,直连,17.206
T13,4428.678,cruise,直连,17.133
T13,4429.676,cruise,直连,17.061
T13,4430.675,cruise,直连,16.989
T13,4431.673,cruise,直连,16.917
T13,4432.671,cruise,直连,16.847
T13,4433.67,cruise,直连,16.777
T13,4434.668,cruise,直连,16.707
T13,4435.666,cruise,直连,16.638
T13,4436.664,cruise,直连,16.569
T13,4437.663,cruise,直连,16.501
T13,4438.661,cruise,直连,16.433
T13,4439.659,cruise,直连,16.366
T13,4440.657,cruise,直连,16.3
T13,4441.656,cruise,直连,16.234
T13,4442.654,cruise,直连,16.168
T13,4443.652,cruise,直连,16.103
T13,4444.651,cruise,直连,16.038
T13,4445.649,cruise,直连,15.974
T13,4446.647,cruise,直连,15.91
T13,4447.645,cruise,直连,15.847
T13,4448.644,cruise,直连,15.784
T13,4449.642,cruise,直连,15.721
T13,4450.64,cruise,直连,15.659
T13,4451.639,cruise,直连,15.598
T13,4452.637,cruise,直连,15.536
T13,4453.635,cruise,直连,15.476
T13,4454.633,cruise,直连,15.415
T13,4455.632,cruise,直连,15.355
T13,4456.63,cruise,直连,15.296
T13,4457.628,cruise,直连,15.236
T13,4458.627,cruise,直连,15.178
T13,4459.625,cruise,直连,15.119
T13,4460.623,cruise,直连,15.061
T13,4461.621,cruise,直连,15.003
T13,4462.62,cruise,直连,14.946
T13,4463.618,cruise,直连,14.889
T13,4464.616,cruise,直连,14.832
T13,4465.615,cruise,直连,14.776
T13,4466.613,cruise,直连,14.72
T13,4467.611,cruise,直连,14.665
T13,4468.609,cruise,直连,14.61
T13,4469.608,cruise,直连,14.555
T13,4470.606,cruise,直连,14.5
T13,4471.604,cruise,直连,14.446
T13,4472.603,cruise,直连,14.392
T13,4473.601,cruise,直连,14.338
T13,4474.599,cruise,直连,14.285
T13,4475.597,cruise,直连,14.232
T13,4476.596,cruise,直连,14.18
T13,4477.594,cruise,直连,14.127
T13,4478.592,cruise,直连,14.075
T13,4479.591,cruise,直连,14.024
T13,4480.589,cruise,直连,13.972
T13,4481.587,cruise,直连,13.921
T13,4482.585,cruise,直连,13.87
T13,4483.584,cruise,直连,13.82
T13,4484.582,cruise,直连,13.77
T13,4485.58,cruise,直连,13.72
T13,4486.579,cruise,直连,13.67
T13,4487.577,cruise,直连,13.62
T13,4488.575,cruise,直连,13.571
T13,4489.573,cruise,直连,13.522
T13,4490.572,cruise,直连,13.474
T13,4491.57,cruise,直连,13.426
T13,4492.568,cruise,直连,13.377
T13,4493.567,cruise,直连,13.33
T13,4494.565,cruise,直连,13.282
T13,4495.563,cruise,直连,13.235
T13,4496.561,cruise,直连,13.188
T13,4497.56,cruise,直连,13.141
T13,4498.558,cruise,直连,13.094
T13,4499.556,cruise,直连,13.048
T13,4500.555,cruise,直连,13.002
T13,4501.553,cruise,直连,12.956
T13,4502.551,cruise,直连,12.91
T13,4503.549,cruise,直连,12.865
T13,4504.548,cruise,直连,12.82
T13,4505.546,cruise,直连,12.775
T13,4506.544,cruise,直连,12.73
T13,4507.543,cruise,直连,12.686
T13,4508.541,cruise,直连,12.642
T13,4509.539,cruise,直连,12.598
T13,4510.537,cruise,直连,12.554
T13,4511.536,cruise,直连,12.51
T13,4512.534,cruise,直连,12.467
T13,4513.532,cruise,直连,12.424
T13,4514.531,cruise,直连,12.381
T13,4515.529,cruise,直连,12.338
T13,4516.527,cruise,直连,12.295
T13,4517.525,cruise,直连,12.253
T13,4518.524,cruise,直连,12.211
T13,4519.522,cruise,直连,12.169
T13,4520.52,cruise,直连,12.127
T13,4521.518,cruise,直连,12.086
T13,4522.517,cruise,直连,12.044
T13,4523.515,cruise,直连,12.003
T13,4524.513,cruise,直连,11.962
T13,4525.512,cruise,直连,11.922
T13,4526.51,cruise,直连,11.881
T13,4527.508,cruise,直连,11.841
T13,4528.506,cruise,直连,11.8
T13,4529.505,cruise,直连,11.76
T13,4530.503,cruise,直连,11.72
T13,4531.501,cruise,直连,11.681
T13,4532.5,cruise,直连,11.641
T13,4533.498,cruise,直连,11.602
T13,4534.496,cruise,直连,11.563
T13,4535.494,cruise,直连,11.524
T13,4536.493,cruise,直连,11.485
T13,4537.491,cruise,直连,11.446
T13,4538.489,cruise,直连,11.408
T13,4539.488,cruise,直连,11.37
T13,4540.486,cruise,直连,11.331
T13,4541.484,cruise,直连,11.293
T13,4542.482,cruise,直连,11.256
T13,4543.481,cruise,直连,11.218
T13,4544.479,cruise,直连,11.181
T13,4545.477,cruise,直连,11.143
T13,4546.476,cruise,直连,11.106
T13,4547.474,cruise,直连,11.069
T13,4548.472,cruise,直连,11.032
T13,4549.47,cruise,直连,10.995
T13,4550.469,cruise,直连,10.959
T13,4551.467,cruise,直连,10.923
T13,4552.465,cruise,直连,10.886
T13,4553.464,cruise,直连,10.85
T13,4554.462,cruise,直连,10.814
T13,4555.46,cruise,直连,10.778
T13,4556.458,cruise,直连,10.743
T13,4557.457,cruise,直连,10.707
T13,4558.455,cruise,直连,10.672
T13,4559.453,cruise,直连,10.637
T13,4560.452,cruise,直连,10.602
T13,4561.45,cruise,直连,10.567
T13,4562.448,cruise,直连,10.532
T13,4563.446,cruise,直连,10.497
T13,4564.445,cruise,直连,10.463
T13,4565.443,cruise,直连,10.428
T13,4566.441,cruise,直连,10.394
T13,4567.44,cruise,直连,10.36
T13,4568.438,cruise,直连,10.326
T13,4569.436,cruise,直连,0.292
T13,4570.434,cruise,直连,0.258
T13,4571.433,cruise,直连,0.224
T13,4572.431,cruise,直连,0.191
T13,4573.429,cruise,直连,0.158
T13,4574.428,cruise,直连,0.124
T13,4575.426,cruise,直连,0.091
T13,4576.424,cruise,直连,0.058
T13,4577.422,cruise,直连,0.025
T13,4578.421,cruise,中继,6.95
T13,4579.419,cruise,中继,6.96
T13,4580.417,cruise,中继,6.97
T13,4581.416,cruise,中继,6.979
T13,4582.414,cruise,中继,6.988
T13,4583.412,cruise,中继,6.997
T13,4584.41,cruise,中继,7.006
T13,4585.409,cruise,中继,7.014
T13,4586.407,cruise,中继,7.022
T13,4587.405,cruise,中继,7.03
T13,4588.404,cruise,中继,7.038
T13,4589.402,cruise,中继,7.046
T13,4590.4,cruise,中继,7.053
T13,4591.398,cruise,中继,7.06
T13,4592.397,cruise,中继,7.067
T13,4593.395,cruise,中继,7.073
T13,4594.393,cruise,中继,7.08
T13,4595.392,cruise,中继,7.086
T13,4596.39,cruise,中继,7.091
T13,4597.388,cruise,中继,7.097
T13,4598.386,cruise,中继,7.102
T13,4599.385,cruise,中继,7.107
T13,4600.383,cruise,中继,7.112
T13,4601.381,cruise,中继,7.117
T13,4602.38,cruise,中继,7.121
T13,4603.378,cruise,中继,7.125
T13,4604.376,cruise,中继,7.129
T13,4605.374,cruise,中继,7.133
T13,4606.373,cruise,中继,7.136
T13,4607.371,cruise,中继,7.139
T13,4608.369,cruise,中继,7.142
T13,4609.367,cruise,中继,7.144
T13,4610.366,cruise,中继,7.147
T13,4611.364,cruise,中继,7.149
T13,4612.362,cruise,中继,7.15
T13,4613.361,cruise,中继,7.152
T13,4614.359,cruise,中继,7.153
T13,4615.357,cruise,中继,7.154
T13,4616.355,cruise,中继,7.155
T13,4617.354,cruise,中继,7.155
T13,4618.352,cruise,中继,7.156
T13,4619.35,cruise,中继,7.156
T13,4620.349,cruise,中继,7.155
T13,4621.347,cruise,中继,7.155
T13,4622.345,cruise,中继,7.154
T13,4623.343,cruise,中继,7.153
T13,4624.342,cruise,中继,7.152
T13,4625.34,cruise,中继,7.15
T13,4626.338,cruise,中继,7.148
T13,4627.337,cruise,中继,7.146
T13,4628.335,cruise,中继,7.144
T13,4629.333,cruise,中继,7.141
T13,4630.331,cruise,中继,7.138
T13,4631.33,cruise,中继,7.135
T13,4632.328,cruise,中继,7.132
T13,4633.326,cruise,中继,7.128
T13,4634.325,cruise,中继,7.125
T13,4635.323,cruise,中继,7.12
T13,4636.321,cruise,中继,7.116
T13,4637.319,cruise,中继,7.111
T13,4638.318,cruise,中继,7.107
T13,4639.316,cruise,中继,7.102
T13,4640.314,cruise,中继,7.096
T13,4641.313,cruise,中继,7.091
T13,4642.311,cruise,中继,7.085
T13,4643.309,cruise,中继,7.079
T13,4644.307,cruise,中继,7.072
T13,4645.306,cruise,中继,7.066
T13,4646.304,cruise,中继,7.059
T13,4647.302,cruise,中继,7.052
T13,4648.301,cruise,中继,7.045
T13,4649.299,cruise,中继,7.037
T13,4650.297,cruise,中继,7.029
T13,4651.295,cruise,中继,7.021
T13,4652.294,cruise,中继,7.013
T13,4653.292,cruise,中继,7.004
T13,4654.29,cruise,中继,6.996
T13,4655.289,cruise,中继,6.987
T13,4656.287,cruise,中继,6.978
T13,4657.285,cruise,中继,6.968
T13,4658.283,cruise,中继,6.959
T13,4659.282,cruise,中继,6.949
T13,4660.28,cruise,中继,6.939
T13,4661.278,cruise,中继,6.928
T13,4662.277,cruise,中继,6.918
T13,4663.275,cruise,中继,6.907
T13,4664.273,cruise,中继,6.896
T13,4665.271,cruise,中继,6.885
T13,4666.27,cruise,中继,6.874
T13,4667.268,cruise,中继,6.862
T13,4668.266,cruise,中继,6.85
T13,4669.265,cruise,中继,6.838
T13,4670.263,cruise,中继,6.826
T13,4671.261,cruise,中继,6.814
T13,4672.259,cruise,中继,6.801
T13,4673.258,cruise,中继,6.788
T13,4674.256,cruise,中继,6.775
T13,4675.254,cruise,中继,6.762
T13,4676.253,cruise,中继,6.749
T13,4677.251,cruise,中继,6.735
T13,4678.249,cruise,中继,6.721
T13,4679.247,cruise,中继,6.707
T13,4680.246,cruise,中继,6.693
T13,4681.244,cruise,中继,6.679
T13,4682.242,cruise,中继,6.664
T13,4683.241,cruise,中继,6.65
T13,4684.239,cruise,中继,6.635
T13,4685.237,cruise,中继,6.62
T13,4686.235,cruise,中继,6.605
T13,4687.234,cruise,中继,6.589
T13,4688.232,cruise,中继,6.574
T13,4689.23,cruise,中继,6.558
T13,4690.229,cruise,中继,6.542
T13,4691.227,cruise,中继,6.526
T13,4692.225,cruise,中继,6.51
T13,4693.223,cruise,中继,6.493
T13,4694.222,cruise,中继,6.477
T13,4695.22,cruise,中继,6.46
T13,4696.218,cruise,中继,6.443
T13,4697.216,cruise,中继,6.426
T13,4698.215,cruise,中继,6.409
T13,4699.213,cruise,中继,6.392
T13,4700.211,cruise,中继,6.374
T13,4701.21,cruise,中继,6.357
T13,4702.208,cruise,中继,6.339
T13,4703.206,cruise,中继,6.321
T13,4704.204,cruise,中继,6.303
T13,4705.203,cruise,中继,6.285
T13,4706.201,cruise,中继,6.266
T13,4707.199,cruise,中继,6.248
T13,4708.198,cruise,中继,6.229
T13,4709.196,cruise,中继,6.211
T13,4710.194,cruise,中继,6.192
T13,4711.192,cruise,中继,6.173
T13,4712.191,cruise,中继,6.154
T13,4713.189,cruise,中继,6.135
T13,4714.187,cruise,中继,6.116
T13,4715.186,cruise,中继,6.096
T13,4716.184,cruise,中继,6.077
T13,4717.182,cruise,中继,6.057
T13,4718.18,cruise,中继,6.037
T13,4719.179,cruise,中继,6.017
T13,4720.177,cruise,中继,5.997
T13,4721.175,cruise,中继,5.977
T13,4722.174,cruise,中继,5.957
T13,4723.172,cruise,中继,5.937
T13,4724.17,cruise,中继,5.916
T13,4725.168,cruise,中继,5.896
T13,4726.167,cruise,中继,5.875
T13,4727.165,cruise,中继,5.855
T13,4728.163,cruise,中继,5.834
T13,4729.162,cruise,中继,5.813
T13,4730.16,cruise,中继,5.792
T13,4731.158,cruise,中继,5.771
T13,4732.156,cruise,中继,5.75
T13,4733.155,cruise,中继,5.729
T13,4734.153,cruise,中继,5.708
T13,4735.151,cruise,中继,5.686
T13,4736.15,cruise,中继,5.665
T13,4737.148,cruise,中继,5.643
T13,4738.146,cruise,中继,5.622
T13,4739.144,cruise,中继,5.6
T13,4740.143,cruise,中继,5.578
T13,4741.141,cruise,中继,5.557
T13,4742.139,cruise,中继,5.535
T13,4743.138,cruise,中继,5.513
T13,4744.136,cruise,中继,5.491
T13,4745.134,cruise,中继,5.469
T13,4746.132,cruise,中继,5.447
T13,4747.131,cruise,中继,5.425
T13,4748.129,cruise,中继,5.402
T13,4749.127,cruise,中继,5.38
T13,4750.126,cruise,中继,5.358
T13,4751.124,cruise,中继,5.335
T13,4752.122,cruise,中继,5.313
T13,4753.12,cruise,中继,5.29
T13,4754.119,cruise,中继,5.268
T13,4755.117,cruise,中继,5.245
T13,4756.115,cruise,中继,5.222
T13,4757.114,cruise,中继,5.2
T13,4758.112,cruise,中继,5.177
T13,4759.11,cruise,中继,5.154
T13,4760.108,cruise,中继,5.131
T13,4761.107,cruise,中继,5.108
T13,4762.105,cruise,中继,5.086
T13,4763.103,cruise,中继,5.063
T13,4764.102,cruise,中继,5.04
T13,4765.1,cruise,中继,5.017
T13,4766.098,cruise,中继,4.994
T13,4767.096,cruise,中继,4.97
T13,4768.095,cruise,中继,4.947
T13,4769.093,cruise,中继,4.924
T13,4770.091,cruise,中继,4.901
T13,4771.09,cruise,中继,4.878
T13,4772.088,cruise,中继,4.854
T13,4773.086,cruise,中继,4.831
T13,4774.084,cruise,中继,4.808
T13,4775.083,cruise,中继,4.785
T13,4776.081,cruise,中继,4.761
T13,4777.079,cruise,中继,4.738
T13,4778.078,cruise,中继,4.714
T13,4779.076,cruise,中继,4.691
T13,4780.074,cruise,中继,4.668
T13,4781.072,cruise,中继,4.644
T13,4782.071,cruise,中继,4.621
T13,4783.069,cruise,中继,4.597
T13,4784.067,cruise,中继,4.574
T13,4785.065,cruise,中继,4.55
T13,4786.064,cruise,中继,4.527
T13,4787.062,cruise,中继,4.503
T13,4788.06,cruise,中继,4.48
T13,4789.059,cruise,中继,4.456
T13,4790.057,cruise,中继,4.432
T13,4791.055,cruise,中继,4.409
T13,4792.053,cruise,中继,4.385
T13,4793.052,cruise,中继,4.362
T13,4794.05,cruise,中继,4.338
T13,4795.048,cruise,中继,4.314
T13,4796.047,cruise,中继,4.291
T13,4797.045,cruise,中继,4.267
T13,4798.043,cruise,中继,4.244
T13,4799.041,cruise,中继,4.22
T13,4800.04,cruise,中继,4.196
T13,4800.04,descent,中继,4.196
T13,4801.029,descent,中继,4.196
T13,4802.018,descent,中继,4.195
T13,4803.007,descent,中继,4.195
T13,4803.996,descent,中继,4.195
T13,4804.985,descent,中继,4.194
T13,4805.974,descent,中继,4.194
T13,4806.963,descent,中继,4.193
T13,4807.952,descent,中继,4.193
T13,4808.941,descent,中继,4.193
T13,4809.93,descent,中继,4.192
T13,4810.919,descent,中继,4.192
T13,4811.908,descent,中继,4.191
T13,4812.897,descent,中继,4.191
T13,4813.886,descent,中继,4.19
T13,4814.875,descent,中继,4.19
T13,4815.864,descent,中继,4.189
T13,4816.853,descent,中继,4.189
T13,4817.842,descent,中继,4.188
T13,4818.831,descent,中继,4.188
T13,4819.821,descent,中继,4.188
T13,4820.81,descent,中继,4.187
T13,4821.799,descent,中继,4.187
T13,4822.788,descent,中继,4.186
T13,4823.777,descent,中继,4.186
T13,4824.766,descent,中继,4.185
T13,4825.755,descent,中继,4.185
T13,4826.744,descent,中继,4.184
T13,4827.733,descent,中继,4.184
T13,4828.722,descent,中继,4.183
T13,4829.711,descent,中继,4.183
T13,4830.7,descent,中继,4.182
T13,4831.689,descent,中继,4.182
T13,4832.678,descent,中继,4.181
T13,4833.667,descent,中继,4.181
T13,4834.656,descent,中继,4.18
T13,4835.645,descent,中继,4.179
T13,4836.634,descent,中继,4.179
T13,4837.623,descent,中继,4.178
T13,4838.612,descent,中继,4.178
T13,4839.601,descent,中继,4.177
T13,4840.59,descent,中继,4.177
T13,4841.579,descent,中继,4.176
T13,4842.568,descent,中继,4.176
T13,4843.557,descent,中继,4.175
T13,4844.547,descent,中继,4.175
T13,4845.536,descent,中继,4.174
T13,4846.525,descent,中继,4.173
T13,4847.514,descent,中继,4.173
T13,4848.503,descent,中继,4.172
T13,4849.492,descent,中继,4.172
T13,4850.481,descent,中继,4.171
T13,4851.47,descent,中继,4.171
T13,4852.459,descent,中继,4.17
T13,4853.448,descent,中继,4.169
T13,4854.437,descent,中继,4.169
T13,4855.426,descent,中继,4.168
T13,4856.415,descent,中继,4.168
T13,4857.404,descent,中继,4.167
T13,4858.393,descent,中继,4.166
T13,4859.382,descent,中继,4.166
T13,4860.371,descent,中继,4.165
T13,4861.36,descent,中继,4.165
T13,4862.349,descent,中继,4.164
T13,4863.338,descent,中继,4.163
T13,4864.327,descent,中继,4.163
T13,4865.316,descent,中继,4.162
T13,4866.305,descent,中继,4.161
T13,4867.294,descent,中继,4.161
T13,4868.283,descent,中继,4.16
T13,4869.272,descent,中继,4.159
T13,4870.262,descent,中继,4.159
T13,4871.251,descent,中继,4.158
T13,4872.24,descent,中继,4.158
T13,4873.229,descent,中继,4.157
T13,4874.218,descent,中继,4.156
T13,4875.207,descent,中继,4.156
T13,4876.196,descent,中继,4.155
T13,4877.185,descent,中继,4.154
T13,4878.174,descent,中继,4.154
T13,4879.163,descent,中继,4.153
T13,4880.152,descent,中继,4.152
T13,4881.141,descent,中继,4.151
T13,4882.13,descent,中继,4.151
T13,4883.119,descent,中继,4.15
T13,4884.108,descent,中继,4.149
T13,4885.097,descent,中继,4.149
T13,4886.086,descent,中继,4.148
T13,4886.086,handover,中继,4.148
T13,5126.086,handover,中断,-5.28
T13,5126.086,climb,中断,-5.28
T13,5127.082,climb,中断,-5.28
T13,5128.078,climb,中断,-5.28
T13,5129.074,climb,中断,-5.28
T13,5130.07,climb,中断,-5.28
T13,5131.066,climb,中断,-5.28
T13,5132.062,climb,中断,-5.28
T13,5133.057,climb,中断,-5.28
T13,5134.053,climb,中断,-5.281
T13,5135.049,climb,中断,-5.281
T13,5136.045,climb,中断,-5.281
T13,5137.041,climb,中断,-5.281
T13,5138.037,climb,中断,-5.281
T13,5139.033,climb,中断,-5.281
T13,5140.029,climb,中断,-5.281
T13,5141.025,climb,中断,-5.281
T13,5142.021,climb,中断,-5.281
T13,5143.017,climb,中断,-5.282
T13,5144.012,climb,中断,-5.282
T13,5145.008,climb,中断,-5.282
T13,5146.004,climb,中断,-5.282
T13,5147.0,climb,中断,-5.282
T13,5147.996,climb,中断,-5.282
T13,5148.992,climb,中断,-5.282
T13,5149.988,climb,中断,-5.282
T13,5150.984,climb,中断,-5.283
T13,5151.98,climb,中断,-5.283
T13,5152.976,climb,中断,-5.283
T13,5153.972,climb,中断,-5.283
T13,5154.967,climb,中断,-5.283
T13,5155.963,climb,中断,-5.283
T13,5156.959,climb,中断,-5.283
T13,5157.955,climb,中断,-5.284
T13,5158.951,climb,中断,-5.284
T13,5159.947,climb,中断,-5.284
T13,5160.943,climb,中断,-5.284
T13,5161.939,climb,中断,-5.284
T13,5162.935,climb,中断,-5.284
T13,5163.931,climb,中断,-5.284
T13,5164.927,climb,中断,-5.285
T13,5165.922,climb,中断,-5.285
T13,5166.918,climb,中断,-5.285
T13,5167.914,climb,中断,-5.285
T13,5168.91,climb,中断,-5.285
T13,5169.906,climb,中断,-5.285
T13,5170.902,climb,中断,-5.285
T13,5171.898,climb,中断,-5.286
T13,5172.894,climb,中断,-5.286
T13,5173.89,climb,中断,-5.286
T13,5174.886,climb,中断,-5.286
T13,5175.881,climb,中断,-5.286
T13,5176.877,climb,中断,-5.286
T13,5177.873,climb,中断,-5.287
T13,5178.869,climb,中断,-5.287
T13,5179.865,climb,中断,-5.287
T13,5180.861,climb,中断,-5.287
T13,5181.857,climb,中断,-5.287
T13,5182.853,climb,中断,-5.287
T13,5183.849,climb,中断,-5.288
T13,5184.845,climb,中断,-5.288
T13,5185.841,climb,中断,-5.288
T13,5186.836,climb,中断,-5.288
T13,5187.832,climb,中断,-5.288
T13,5188.828,climb,中断,-5.289
T13,5189.824,climb,中断,-5.289
T13,5190.82,climb,中断,-5.289
T13,5191.816,climb,中断,-5.289
T13,5192.812,climb,中断,-5.289
T13,5193.808,climb,中断,-5.29
T13,5194.804,climb,中断,-5.29
T13,5195.8,climb,中断,-5.29
T13,5196.796,climb,中断,-5.29
T13,5197.791,climb,中断,-5.29
T13,5197.791,cruise,中断,-5.29
T13,5198.79,cruise,中断,-5.272
T13,5199.788,cruise,中断,-5.255
T13,5200.786,cruise,中断,-5.237
T13,5201.785,cruise,中断,-5.219
T13,5202.783,cruise,中断,-5.201
T13,5203.781,cruise,中断,-5.183
T13,5204.779,cruise,中断,-5.164
T13,5205.778,cruise,中断,-5.146
T13,5206.776,cruise,中断,-5.128
T13,5207.774,cruise,中断,-5.11
T13,5208.773,cruise,中断,-5.092
T13,5209.771,cruise,中断,-5.073
T13,5210.769,cruise,中断,-5.055
T13,5211.767,cruise,中断,-5.037
T13,5212.766,cruise,中断,-5.018
T13,5213.764,cruise,中断,-5.0
T13,5214.762,cruise,中断,-4.981
T13,5215.761,cruise,中断,-4.963
T13,5216.759,cruise,中断,-4.944
T13,5217.757,cruise,中断,-4.926
T13,5218.755,cruise,中断,-4.907
T13,5219.754,cruise,中断,-4.888
T13,5220.752,cruise,中断,-4.87
T13,5221.75,cruise,中断,-4.851
T13,5222.749,cruise,中断,-4.832
T13,5223.747,cruise,中断,-4.813
T13,5224.745,cruise,中断,-4.794
T13,5225.743,cruise,中断,-4.776
T13,5226.742,cruise,中断,-4.757
T13,5227.74,cruise,中断,-4.738
T13,5228.738,cruise,中断,-4.719
T13,5229.737,cruise,中断,-4.699
T13,5230.735,cruise,中断,-4.68
T13,5231.733,cruise,中断,-4.661
T13,5232.731,cruise,中断,-4.642
T13,5233.73,cruise,中断,-4.623
T13,5234.728,cruise,中断,-4.603
T13,5235.726,cruise,中断,-4.584
T13,5236.725,cruise,中断,-4.565
T13,5237.723,cruise,中断,-4.545
T13,5238.721,cruise,中断,-4.526
T13,5239.719,cruise,中断,-4.506
T13,5240.718,cruise,中断,-4.487
T13,5241.716,cruise,中断,-4.467
T13,5242.714,cruise,中断,-4.448
T13,5243.713,cruise,中断,-4.428
T13,5244.711,cruise,中断,-4.408
T13,5245.709,cruise,中断,-4.388
T13,5246.707,cruise,中断,-4.368
T13,5247.706,cruise,中断,-4.349
T13,5248.704,cruise,中断,-4.329
T13,5249.702,cruise,中断,-4.309
T13,5250.701,cruise,中断,-4.289
T13,5251.699,cruise,中断,-4.269
T13,5252.697,cruise,中断,-4.249
T13,5253.695,cruise,中断,-4.228
T13,5254.694,cruise,中断,-4.208
T13,5255.692,cruise,中断,-4.188
T13,5256.69,cruise,中断,-4.168
T13,5257.688,cruise,中断,-4.147
T13,5258.687,cruise,中断,-4.127
T13,5259.685,cruise,中断,-4.107
T13,5260.683,cruise,中断,-4.086
T13,5261.682,cruise,中断,-4.066
T13,5262.68,cruise,中断,-4.045
T13,5263.678,cruise,中断,-4.024
T13,5264.676,cruise,中断,-4.004
T13,5265.675,cruise,中断,-3.983
T13,5266.673,cruise,中断,-3.962
T13,5267.671,cruise,中断,-3.941
T13,5268.67,cruise,中断,-3.921
T13,5269.668,cruise,中断,-3.9
T13,5270.666,cruise,中断,-3.879
T13,5271.664,cruise,中断,-3.858
T13,5272.663,cruise,中断,-3.837
T13,5273.661,cruise,中断,-3.816
T13,5274.659,cruise,中断,-3.794
T13,5275.658,cruise,中断,-3.773
T13,5276.656,cruise,中断,-3.752
T13,5277.654,cruise,中断,-3.731
T13,5278.652,cruise,中断,-3.709
T13,5279.651,cruise,中断,-3.688
T13,5280.649,cruise,中断,-3.666
T13,5281.647,cruise,中断,-3.645
T13,5282.646,cruise,中断,-3.623
T13,5283.644,cruise,中断,-3.602
T13,5284.642,cruise,中断,-3.58
T13,5285.64,cruise,中断,-3.558
T13,5286.639,cruise,中断,-3.536
T13,5287.637,cruise,中断,-3.514
T13,5288.635,cruise,中断,-3.492
T13,5289.634,cruise,中断,-3.471
T13,5290.632,cruise,中断,-3.449
T13,5291.63,cruise,中断,-3.426
T13,5292.628,cruise,中断,-3.404
T13,5293.627,cruise,中断,-3.382
T13,5294.625,cruise,中断,-3.36
T13,5295.623,cruise,中断,-3.338
T13,5296.622,cruise,中断,-3.315
T13,5297.62,cruise,中断,-3.293
T13,5298.618,cruise,中断,-3.27
T13,5299.616,cruise,中断,-3.248
T13,5300.615,cruise,中断,-3.225
T13,5301.613,cruise,中断,-3.203
T13,5302.611,cruise,中断,-3.18
T13,5303.61,cruise,中断,-3.157
T13,5304.608,cruise,中断,-3.134
T13,5305.606,cruise,中断,-3.111
T13,5306.604,cruise,中断,-3.088
T13,5307.603,cruise,中断,-3.065
T13,5308.601,cruise,中断,-3.042
T13,5309.599,cruise,中断,-3.019
T13,5310.598,cruise,中断,-2.996
T13,5311.596,cruise,中断,-2.973
T13,5312.594,cruise,中断,-2.949
T13,5313.592,cruise,中断,-2.926
T13,5314.591,cruise,中断,-2.903
T13,5315.589,cruise,中断,-2.879
T13,5316.587,cruise,中断,-2.855
T13,5317.586,cruise,中断,-2.832
T13,5318.584,cruise,中断,-2.808
T13,5319.582,cruise,中断,-2.784
T13,5320.58,cruise,中断,-2.761
T13,5321.579,cruise,中断,-2.737
T13,5322.577,cruise,中断,-2.713
T13,5323.575,cruise,中断,-2.689
T13,5324.574,cruise,中断,-2.665
T13,5325.572,cruise,中断,-2.64
T13,5326.57,cruise,中断,-2.616
T13,5327.568,cruise,中继,0.0
T13,5328.567,cruise,中继,0.009
T13,5329.565,cruise,中继,0.018
T13,5330.563,cruise,中继,0.026
T13,5331.562,cruise,中继,0.035
T13,5332.56,cruise,中继,0.044
T13,5333.558,cruise,中继,0.052
T13,5334.556,cruise,中继,0.061
T13,5335.555,cruise,中继,0.069
T13,5336.553,cruise,中继,0.078
T13,5337.551,cruise,中继,0.086
T13,5338.549,cruise,中继,0.095
T13,5339.548,cruise,中继,0.103
T13,5340.546,cruise,中继,0.112
T13,5341.544,cruise,中继,0.12
T13,5342.543,cruise,中继,0.128
T13,5343.541,cruise,中继,0.137
T13,5344.539,cruise,中继,0.145
T13,5345.537,cruise,中继,0.153
T13,5346.536,cruise,中继,0.161
T13,5347.534,cruise,中继,0.169
T13,5348.532,cruise,中继,0.177
T13,5349.531,cruise,中继,0.185
T13,5350.529,cruise,中继,0.194
T13,5351.527,cruise,中继,0.201
T13,5352.525,cruise,中继,0.209
T13,5353.524,cruise,中继,0.217
T13,5354.522,cruise,中继,0.225
T13,5355.52,cruise,中继,0.233
T13,5356.519,cruise,中继,0.241
T13,5357.517,cruise,中继,0.249
T13,5358.515,cruise,中继,0.256
T13,5359.513,cruise,中继,0.264
T13,5360.512,cruise,中继,0.272
T13,5361.51,cruise,中继,0.279
T13,5362.508,cruise,中继,0.287
T13,5363.507,cruise,中继,0.294
T13,5364.505,cruise,中继,0.302
T13,5365.503,cruise,中继,0.309
T13,5366.501,cruise,中继,0.317
T13,5367.5,cruise,中继,0.324
T13,5368.498,cruise,中继,0.331
T13,5369.496,cruise,中继,0.339
T13,5370.495,cruise,中继,0.346
T13,5371.493,cruise,中继,0.353
T13,5372.491,cruise,中继,0.36
T13,5373.489,cruise,中继,0.367
T13,5374.488,cruise,中继,0.374
T13,5375.486,cruise,中继,0.381
T13,5376.484,cruise,中继,0.388
T13,5377.483,cruise,中继,0.395
T13,5378.481,cruise,中继,0.402
T13,5379.479,cruise,中继,0.409
T13,5380.477,cruise,中继,0.416
T13,5381.476,cruise,中继,0.423
T13,5382.474,cruise,中继,0.429
T13,5383.472,cruise,中继,0.436
T13,5384.471,cruise,中继,0.443
T13,5385.469,cruise,中继,0.449
T13,5386.467,cruise,中继,0.456
T13,5387.465,cruise,中继,0.462
T13,5388.464,cruise,中继,0.469
T13,5389.462,cruise,中继,0.475
T13,5390.46,cruise,中继,0.481
T13,5391.459,cruise,中继,0.488
T13,5392.457,cruise,中继,0.494
T13,5393.455,cruise,中继,0.5
T13,5394.453,cruise,中继,0.506
T13,5395.452,cruise,中继,0.512
T13,5396.45,cruise,中继,0.519
T13,5397.448,cruise,中继,0.525
T13,5398.447,cruise,中继,0.531
T13,5399.445,cruise,中继,0.537
T13,5400.443,cruise,中继,0.542
T13,5401.441,cruise,中继,0.548
T13,5402.44,cruise,中继,0.554
T13,5403.438,cruise,中继,0.56
T13,5404.436,cruise,中继,0.565
T13,5405.435,cruise,中继,0.571
T13,5406.433,cruise,中继,0.577
T13,5407.431,cruise,中继,0.582
T13,5408.429,cruise,中继,0.588
T13,5409.428,cruise,中继,0.593
T13,5410.426,cruise,中继,0.599
T13,5411.424,cruise,中继,0.604
T13,5412.423,cruise,中继,0.609
T13,5413.421,cruise,中继,0.614
T13,5414.419,cruise,中继,0.62
T13,5415.417,cruise,中继,0.625
T13,5416.416,cruise,中继,0.63
T13,5417.414,cruise,中继,0.635
T13,5418.412,cruise,中继,0.64
T13,5419.411,cruise,中继,0.645
T13,5420.409,cruise,直连,0.025
T13,5421.407,cruise,直连,0.058
T13,5422.405,cruise,直连,0.091
T13,5423.404,cruise,直连,0.124
T13,5424.402,cruise,直连,0.158
T13,5425.4,cruise,直连,0.191
T13,5426.398,cruise,直连,0.224
T13,5427.397,cruise,直连,0.258
T13,5428.395,cruise,直连,0.292
T13,5429.393,cruise,直连,10.326
T13,5430.392,cruise,直连,10.36
T13,5431.39,cruise,直连,10.394
T13,5432.388,cruise,直连,10.428
T13,5433.386,cruise,直连,10.463
T13,5434.385,cruise,直连,10.497
T13,5435.383,cruise,直连,10.532
T13,5436.381,cruise,直连,10.567
T13,5437.38,cruise,直连,10.602
T13,5438.378,cruise,直连,10.637
T13,5439.376,cruise,直连,10.672
T13,5440.374,cruise,直连,10.707
T13,5441.373,cruise,直连,10.743
T13,5442.371,cruise,直连,10.778
T13,5443.369,cruise,直连,10.814
T13,5444.368,cruise,直连,10.85
T13,5445.366,cruise,直连,10.886
T13,5446.364,cruise,直连,10.923
T13,5447.362,cruise,直连,10.959
T13,5448.361,cruise,直连,10.995
T13,5449.359,cruise,直连,11.032
T13,5450.357,cruise,直连,11.069
T13,5451.356,cruise,直连,11.106
T13,5452.354,cruise,直连,11.143
T13,5453.352,cruise,直连,11.181
T13,5454.35,cruise,直连,11.218
T13,5455.349,cruise,直连,11.256
T13,5456.347,cruise,直连,11.293
T13,5457.345,cruise,直连,11.331
T13,5458.344,cruise,直连,11.37
T13,5459.342,cruise,直连,11.408
T13,5460.34,cruise,直连,11.446
T13,5461.338,cruise,直连,11.485
T13,5462.337,cruise,直连,11.524
T13,5463.335,cruise,直连,11.563
T13,5464.333,cruise,直连,11.602
T13,5465.332,cruise,直连,11.641
T13,5466.33,cruise,直连,11.681
T13,5467.328,cruise,直连,11.72
T13,5468.326,cruise,直连,11.76
T13,5469.325,cruise,直连,11.8
T13,5470.323,cruise,直连,11.841
T13,5471.321,cruise,直连,11.881
T13,5472.32,cruise,直连,11.922
T13,5473.318,cruise,直连,11.962
T13,5474.316,cruise,直连,12.003
T13,5475.314,cruise,直连,12.044
T13,5476.313,cruise,直连,12.086
T13,5477.311,cruise,直连,12.127
T13,5478.309,cruise,直连,12.169
T13,5479.308,cruise,直连,12.211
T13,5480.306,cruise,直连,12.253
T13,5481.304,cruise,直连,12.295
T13,5482.302,cruise,直连,12.338
T13,5483.301,cruise,直连,12.381
T13,5484.299,cruise,直连,12.424
T13,5485.297,cruise,直连,12.467
T13,5486.296,cruise,直连,12.51
T13,5487.294,cruise,直连,12.554
T13,5488.292,cruise,直连,12.598
T13,5489.29,cruise,直连,12.642
T13,5490.289,cruise,直连,12.686
T13,5491.287,cruise,直连,12.73
T13,5492.285,cruise,直连,12.775
T13,5493.284,cruise,直连,12.82
T13,5494.282,cruise,直连,12.865
T13,5495.28,cruise,直连,12.91
T13,5496.278,cruise,直连,12.956
T13,5497.277,cruise,直连,13.002
T13,5498.275,cruise,直连,13.048
T13,5499.273,cruise,直连,13.094
T13,5500.272,cruise,直连,13.141
T13,5501.27,cruise,直连,13.188
T13,5502.268,cruise,直连,13.235
T13,5503.266,cruise,直连,13.282
T13,5504.265,cruise,直连,13.33
T13,5505.263,cruise,直连,13.377
T13,5506.261,cruise,直连,13.426
T13,5507.26,cruise,直连,13.474
T13,5508.258,cruise,直连,13.522
T13,5509.256,cruise,直连,13.571
T13,5510.254,cruise,直连,13.62
T13,5511.253,cruise,直连,13.67
T13,5512.251,cruise,直连,13.72
T13,5513.249,cruise,直连,13.77
T13,5514.247,cruise,直连,13.82
T13,5515.246,cruise,直连,13.87
T13,5516.244,cruise,直连,13.921
T13,5517.242,cruise,直连,13.972
T13,5518.241,cruise,直连,14.024
T13,5519.239,cruise,直连,14.075
T13,5520.237,cruise,直连,14.127
T13,5521.235,cruise,直连,14.18
T13,5522.234,cruise,直连,14.232
T13,5523.232,cruise,直连,14.285
T13,5524.23,cruise,直连,14.338
T13,5525.229,cruise,直连,14.392
T13,5526.227,cruise,直连,14.446
T13,5527.225,cruise,直连,14.5
T13,5528.223,cruise,直连,14.555
T13,5529.222,cruise,直连,14.61
T13,5530.22,cruise,直连,14.665
T13,5531.218,cruise,直连,14.72
T13,5532.217,cruise,直连,14.776
T13,5533.215,cruise,直连,14.832
T13,5534.213,cruise,直连,14.889
T13,5535.211,cruise,直连,14.946
T13,5536.21,cruise,直连,15.003
T13,5537.208,cruise,直连,15.061
T13,5538.206,cruise,直连,15.119
T13,5539.205,cruise,直连,15.178
T13,5540.203,cruise,直连,15.236
T13,5541.201,cruise,直连,15.296
T13,5542.199,cruise,直连,15.355
T13,5543.198,cruise,直连,15.415
T13,5544.196,cruise,直连,15.476
T13,5545.194,cruise,直连,15.536
T13,5546.193,cruise,直连,15.598
T13,5547.191,cruise,直连,15.659
T13,5548.189,cruise,直连,15.721
T13,5549.187,cruise,直连,15.784
T13,5550.186,cruise,直连,15.847
T13,5551.184,cruise,直连,15.91
T13,5552.182,cruise,直连,15.974
T13,5553.181,cruise,直连,16.038
T13,5554.179,cruise,直连,16.103
T13,5555.177,cruise,直连,16.168
T13,5556.175,cruise,直连,16.234
T13,5557.174,cruise,直连,16.3
T13,5558.172,cruise,直连,16.366
T13,5559.17,cruise,直连,16.433
T13,5560.169,cruise,直连,16.501
T13,5561.167,cruise,直连,16.569
T13,5562.165,cruise,直连,16.638
T13,5563.163,cruise,直连,16.707
T13,5564.162,cruise,直连,16.777
T13,5565.16,cruise,直连,16.847
T13,5566.158,cruise,直连,16.917
T13,5567.157,cruise,直连,16.989
T13,5568.155,cruise,直连,17.061
T13,5569.153,cruise,直连,17.133
T13,5570.151,cruise,直连,17.206
T13,5571.15,cruise,直连,17.28
T13,5572.148,cruise,直连,17.354
T13,5573.146,cruise,直连,17.428
T13,5574.145,cruise,直连,17.504
T13,5575.143,cruise,直连,17.58
T13,5576.141,cruise,直连,17.656
T13,5577.139,cruise,直连,17.734
T13,5578.138,cruise,直连,17.811
T13,5579.136,cruise,直连,17.89
T13,5580.134,cruise,直连,17.969
T13,5581.133,cruise,直连,18.049
T13,5582.131,cruise,直连,18.13
T13,5583.129,cruise,直连,18.211
T13,5584.127,cruise,直连,18.293
T13,5585.126,cruise,直连,18.376
T13,5586.124,cruise,直连,18.459
T13,5587.122,cruise,直连,18.543
T13,5588.121,cruise,直连,18.628
T13,5589.119,cruise,直连,18.714
T13,5590.117,cruise,直连,18.8
T13,5591.115,cruise,直连,18.888
T13,5592.114,cruise,直连,18.976
T13,5593.112,cruise,直连,19.064
T13,5594.11,cruise,直连,19.154
T13,5595.109,cruise,直连,19.245
T13,5596.107,cruise,直连,19.336
T13,5597.105,cruise,直连,19.429
T13,5598.103,cruise,直连,19.522
T13,5599.102,cruise,直连,19.616
T13,5600.1,cruise,直连,19.711
T13,5601.098,cruise,直连,19.807
T13,5602.096,cruise,直连,19.904
T13,5603.095,cruise,直连,20.002
T13,5604.093,cruise,直连,20.1
T13,5605.091,cruise,直连,20.2
T13,5606.09,cruise,直连,20.301
T13,5607.088,cruise,直连,20.403
T13,5608.086,cruise,直连,20.506
T13,5609.084,cruise,直连,20.61
T13,5610.083,cruise,直连,20.715
T13,5611.081,cruise,直连,20.821
T13,5612.079,cruise,直连,20.929
T13,5613.078,cruise,直连,21.037
T13,5614.076,cruise,直连,21.147
T13,5615.074,cruise,直连,21.258
T13,5616.072,cruise,直连,21.37
T13,5617.071,cruise,直连,21.483
T13,5618.069,cruise,直连,21.597
T13,5619.067,cruise,直连,21.713
T13,5620.066,cruise,直连,21.83
T13,5621.064,cruise,直连,21.948
T13,5622.062,cruise,直连,22.068
T13,5623.06,cruise,直连,22.189
T13,5624.059,cruise,直连,22.311
T13,5625.057,cruise,直连,22.435
T13,5626.055,cruise,直连,22.56
T13,5627.054,cruise,直连,22.686
T13,5628.052,cruise,直连,22.814
T13,5629.05,cruise,直连,22.943
T13,5630.048,cruise,直连,23.074
T13,5631.047,cruise,直连,23.206
T13,5632.045,cruise,直连,23.339
T13,5633.043,cruise,直连,23.474
T13,5634.042,cruise,直连,23.611
T13,5635.04,cruise,直连,23.749
T13,5636.038,cruise,直连,23.888
T13,5637.036,cruise,直连,24.029
T13,5638.035,cruise,直连,24.171
T13,5639.033,cruise,直连,24.315
T13,5640.031,cruise,直连,24.46
T13,5641.03,cruise,直连,24.607
T13,5642.028,cruise,直连,24.755
T13,5643.026,cruise,直连,24.905
T13,5644.024,cruise,直连,25.056
T13,5645.023,cruise,直连,25.208
T13,5646.021,cruise,直连,25.361
T13,5647.019,cruise,直连,25.516
T13,5648.018,cruise,直连,25.671
T13,5649.016,cruise,直连,25.828
T13,5650.014,cruise,直连,25.986
T13,5651.012,cruise,直连,26.144
T13,5652.011,cruise,直连,26.303
T13,5653.009,cruise,直连,26.463
T13,5654.007,cruise,直连,26.623
T13,5655.006,cruise,直连,26.783
T13,5656.004,cruise,直连,26.943
T13,5657.002,cruise,直连,27.103
T13,5658.0,cruise,直连,27.263
T13,5658.999,cruise,直连,27.421
T13,5659.997,cruise,直连,27.579
T13,5660.995,cruise,直连,27.735
T13,5661.994,cruise,直连,27.889
T13,5662.992,cruise,直连,28.041
T13,5663.99,cruise,直连,28.19
T13,5664.988,cruise,直连,28.336
T13,5665.987,cruise,直连,28.479
T13,5666.985,cruise,直连,28.617
T13,5667.983,cruise,直连,28.75
T13,5668.982,cruise,直连,28.878
T13,5669.98,cruise,直连,29.0
T13,5670.978,cruise,直连,29.115
T13,5671.976,cruise,直连,29.223
T13,5672.975,cruise,直连,29.323
T13,5673.973,cruise,直连,29.414
T13,5674.971,cruise,直连,29.497
T13,5675.97,cruise,直连,29.569
T13,5676.968,cruise,直连,29.632
T13,5677.966,cruise,直连,29.683
T13,5678.964,cruise,直连,29.724
T13,5679.963,cruise,直连,29.753
T13,5680.961,cruise,直连,29.771
T13,5681.959,cruise,直连,29.777
T13,5681.959,descent,直连,29.777
T13,5682.956,descent,直连,29.831
T13,5683.952,descent,直连,29.884
T13,5684.948,descent,直连,29.938
T13,5685.944,descent,直连,29.993
T13,5686.941,descent,直连,30.048
T13,5687.937,descent,直连,30.103
T13,5688.933,descent,直连,30.158
T13,5689.93,descent,直连,30.214
T13,5690.926,descent,直连,30.27
T13,5691.922,descent,直连,30.327
T13,5692.918,descent,直连,30.384
T13,5693.915,descent,直连,30.441
T13,5694.911,descent,直连,30.499
T13,5695.907,descent,直连,30.557
T13,5696.904,descent,直连,30.616
T13,5697.9,descent,直连,30.675
T13,5698.896,descent,直连,30.734
T13,5699.893,descent,直连,30.794
T13,5700.889,descent,直连,30.854
T13,5701.885,descent,直连,30.914
T13,5702.881,descent,直连,30.975
T13,5703.878,descent,直连,31.037
T13,5704.874,descent,直连,31.099
T13,5705.87,descent,直连,31.161
T13,5706.867,descent,直连,31.224
T13,5707.863,descent,直连,31.287
T13,5708.859,descent,直连,31.35
T13,5709.855,descent,直连,31.414
T13,5710.852,descent,直连,31.479
T13,5711.848,descent,直连,31.544
T13,5712.844,descent,直连,31.61
T13,5713.841,descent,直连,31.676
T13,5714.837,descent,直连,31.742
T13,5715.833,descent,直连,31.809
T13,5716.83,descent,直连,31.877
T13,5717.826,descent,直连,31.945
T13,5718.822,descent,直连,32.014
T13,5719.818,descent,直连,32.083
T13,5720.815,descent,直连,32.153
T13,5721.811,descent,直连,32.223
T13,5722.807,descent,直连,32.294
T13,5723.804,descent,直连,32.366
T13,5724.8,descent,直连,32.438
T13,5725.796,descent,直连,32.51
T13,5726.792,descent,直连,32.584
T13,5727.789,descent,直连,32.658
T13,5728.785,descent,直连,32.732
T13,5729.781,descent,直连,32.808
T13,5730.778,descent,直连,32.883
T13,5731.774,descent,直连,32.96
T13,5732.77,descent,直连,33.037
T13,5733.767,descent,直连,33.115
T13,5734.763,descent,直连,33.194
T13,5735.759,descent,直连,33.273
T13,5736.755,descent,直连,33.353
T13,5737.752,descent,直连,33.434
T13,5738.748,descent,直连,33.516
T13,5739.744,descent,直连,33.598
T13,5740.741,descent,直连,33.681
T13,5741.737,descent,直连,33.765
T13,5742.733,descent,直连,33.85
T13,5743.729,descent,直连,33.935
T13,5744.726,descent,直连,34.022
T13,5745.722,descent,直连,34.109
T13,5746.718,descent,直连,34.197
T13,5747.715,descent,直连,34.286
T13,5748.711,descent,直连,34.376
T13,5749.707,descent,直连,34.467
T13,5750.704,descent,直连,34.559
T13,5751.7,descent,直连,34.652
T13,5752.696,descent,直连,34.746
T13,5753.692,descent,直连,34.841
T13,5754.689,descent,直连,34.937
T13,5755.685,descent,直连,35.034
T13,5756.681,descent,直连,35.133
T13,5757.678,descent,直连,35.232
T13,5758.674,descent,直连,35.332
T13,5759.67,descent,直连,35.434
T13,5760.666,descent,直连,35.537
T13,5761.663,descent,直连,35.641
T13,5762.659,descent,直连,35.746
T13,5763.655,descent,直连,35.853
T13,5764.652,descent,直连,35.961
T13,5765.648,descent,直连,36.07
T13,5766.644,descent,直连,36.181
T13,5767.641,descent,直连,36.293
T13,5768.637,descent,直连,36.406
T13,5769.633,descent,直连,36.521
T13,5770.629,descent,直连,36.638
T13,5771.626,descent,直连,36.756
T13,5772.622,descent,直连,36.876
T13,5773.618,descent,直连,36.998
T13,5774.615,descent,直连,37.121
T13,5775.611,descent,直连,37.246
T13,5776.607,descent,直连,37.373
T13,5777.603,descent,直连,37.502
T13,5778.6,descent,直连,37.632
T13,5779.596,descent,直连,37.765
T13,5780.592,descent,直连,37.9
T13,5781.589,descent,直连,38.037
T13,5782.585,descent,直连,38.176
T13,5783.581,descent,直连,38.317
T13,5784.578,descent,直连,38.461
T13,5785.574,descent,直连,38.607
T13,5786.57,descent,直连,38.755
T13,5787.566,descent,直连,38.906
T13,5788.563,descent,直连,39.06
T13,5789.559,descent,直连,39.217
T13,5790.555,descent,直连,39.376
T13,5791.552,descent,直连,39.539
T13,5792.548,descent,直连,39.704
T13,5793.544,descent,直连,39.873
T13,5794.541,descent,直连,40.045
T13,5795.537,descent,直连,40.221
T13,5796.533,descent,直连,40.4
T13,5797.529,descent,直连,40.583
T13,5798.526,descent,直连,40.77
T13,5799.522,descent,直连,40.961
T13,5800.518,descent,直连,41.156
T13,5801.515,descent,直连,41.356
T13,5802.511,descent,直连,41.56
T13,5803.507,descent,直连,41.77
T13,5804.503,descent,直连,41.984
T13,5805.5,descent,直连,42.205
T13,5806.496,descent,直连,42.43
T13,5807.492,descent,直连,42.662
T13,5808.489,descent,直连,42.9
T13,5809.485,descent,直连,43.145
T13,5810.481,descent,直连,43.397
T13,5811.478,descent,直连,43.657
T13,5812.474,descent,直连,43.924
T13,5813.47,descent,直连,44.2
T13,5814.466,descent,直连,44.485
T13,5815.463,descent,直连,44.78
T13,5816.459,descent,直连,45.085
T13,5817.455,descent,直连,45.402
T13,5818.452,descent,直连,45.73
T13,5819.448,descent,直连,46.071
T13,5820.444,descent,直连,46.426
T13,5821.44,descent,直连,46.796
T13,5822.437,descent,直连,47.183
T13,5823.433,descent,直连,47.587
T13,5824.429,descent,直连,48.012
T13,5825.426,descent,直连,48.458
T13,5826.422,descent,直连,48.928
T13,5827.418,descent,直连,49.425
T13,5828.415,descent,直连,49.953
T13,5829.411,descent,直连,50.515
T13,5830.407,descent,直连,51.115
T13,5831.403,descent,直连,51.76
T13,5832.4,descent,直连,52.457
T13,5833.396,descent,直连,53.215
T13,5834.392,descent,直连,54.045
T13,5835.389,descent,直连,54.963
T13,5836.385,descent,直连,55.99
T13,5837.381,descent,直连,57.154
T13,5838.377,descent,直连,58.499
T13,5839.374,descent,直连,60.092
T13,5840.37,descent,直连,62.043
T13,5841.366,descent,直连,64.563
T13,5842.363,descent,直连,68.129
T13,5843.359,descent,直连,74.282
T13,5844.355,descent,直连,104.548
T13,5845.352,descent,直连,73.765
T13,5846.348,descent,直连,67.87
T13,5847.344,descent,直连,64.391
T13,5848.34,descent,直连,61.914
T13,5849.337,descent,直连,59.988
T13,5850.333,descent,直连,58.413
T13,5851.329,descent,直连,57.08
T13,5852.326,descent,直连,45.925
T14,5643.0,climb,直连,45.925
T14,5643.996,climb,直连,57.08
T14,5644.993,climb,直连,58.413
T14,5645.989,climb,直连,59.988
T14,5646.985,climb,直连,61.914
T14,5647.981,climb,直连,64.391
T14,5648.978,climb,直连,67.87
T14,5649.974,climb,直连,73.765
T14,5650.97,climb,直连,104.548
T14,5651.967,climb,直连,74.282
T14,5652.963,climb,直连,68.129
T14,5653.959,climb,直连,64.563
T14,5654.956,climb,直连,62.043
T14,5655.952,climb,直连,60.092
T14,5656.948,climb,直连,58.499
T14,5657.944,climb,直连,57.154
T14,5658.941,climb,直连,55.99
T14,5659.937,climb,直连,54.963
T14,5660.933,climb,直连,54.045
T14,5661.93,climb,直连,53.215
T14,5662.926,climb,直连,52.457
T14,5663.922,climb,直连,51.76
T14,5664.918,climb,直连,51.115
T14,5665.915,climb,直连,50.515
T14,5666.911,climb,直连,49.953
T14,5667.907,climb,直连,49.425
T14,5668.904,climb,直连,48.928
T14,5669.9,climb,直连,48.458
T14,5670.896,climb,直连,48.012
T14,5671.893,climb,直连,47.587
T14,5672.889,climb,直连,47.183
T14,5673.885,climb,直连,46.796
T14,5674.881,climb,直连,46.426
T14,5675.878,climb,直连,46.071
T14,5676.874,climb,直连,45.73
T14,5677.87,climb,直连,45.402
T14,5678.867,climb,直连,45.085
T14,5679.863,climb,直连,44.78
T14,5680.859,climb,直连,44.485
T14,5681.855,climb,直连,44.2
T14,5682.852,climb,直连,43.924
T14,5683.848,climb,直连,43.657
T14,5684.844,climb,直连,43.397
T14,5685.841,climb,直连,43.145
T14,5686.837,climb,直连,42.9
T14,5687.833,climb,直连,42.662
T14,5688.83,climb,直连,42.43
T14,5689.826,climb,直连,42.205
T14,5690.822,climb,直连,41.984
T14,5691.818,climb,直连,41.77
T14,5692.815,climb,直连,41.56
T14,5693.811,climb,直连,41.356
T14,5694.807,climb,直连,41.156
T14,5695.804,climb,直连,40.961
T14,5696.8,climb,直连,40.77
T14,5697.796,climb,直连,40.583
T14,5698.792,climb,直连,40.4
T14,5699.789,climb,直连,40.221
T14,5700.785,climb,直连,40.045
T14,5701.781,climb,直连,39.873
T14,5702.778,climb,直连,39.704
T14,5703.774,climb,直连,39.539
T14,5704.77,climb,直连,39.376
T14,5705.767,climb,直连,39.217
T14,5706.763,climb,直连,39.06
T14,5707.759,climb,直连,38.906
T14,5708.755,climb,直连,38.755
T14,5709.752,climb,直连,38.607
T14,5710.748,climb,直连,38.461
T14,5711.744,climb,直连,38.317
T14,5712.741,climb,直连,38.176
T14,5713.737,climb,直连,38.037
T14,5714.733,climb,直连,37.9
T14,5715.73,climb,直连,37.765
T14,5716.726,climb,直连,37.632
T14,5717.722,climb,直连,37.502
T14,5718.718,climb,直连,37.373
T14,5719.715,climb,直连,37.246
T14,5720.711,climb,直连,37.121
T14,5721.707,climb,直连,36.998
T14,5722.704,climb,直连,36.876
T14,5723.7,climb,直连,36.756
T14,5724.696,climb,直连,36.638
T14,5725.692,climb,直连,36.521
T14,5726.689,climb,直连,36.406
T14,5727.685,climb,直连,36.293
T14,5728.681,climb,直连,36.181
T14,5729.678,climb,直连,36.07
T14,5730.674,climb,直连,35.961
T14,5731.67,climb,直连,35.853
T14,5732.667,climb,直连,35.746
T14,5733.663,climb,直连,35.641
T14,5734.659,climb,直连,35.537
T14,5735.655,climb,直连,35.434
T14,5736.652,climb,直连,35.332
T14,5737.648,climb,直连,35.232
T14,5738.644,climb,直连,35.133
T14,5739.641,climb,直连,35.034
T14,5740.637,climb,直连,34.937
T14,5741.633,climb,直连,34.841
T14,5742.629,climb,直连,34.746
T14,5743.626,climb,直连,34.652
T14,5744.622,climb,直连,34.559
T14,5745.618,climb,直连,34.467
T14,5746.615,climb,直连,34.376
T14,5747.611,climb,直连,34.286
T14,5748.607,climb,直连,34.197
T14,5749.604,climb,直连,34.109
T14,5750.6,climb,直连,34.022
T14,5751.596,climb,直连,33.935
T14,5752.592,climb,直连,33.85
T14,5753.589,climb,直连,33.765
T14,5754.585,climb,直连,33.681
T14,5755.581,climb,直连,33.598
T14,5756.578,climb,直连,33.516
T14,5757.574,climb,直连,33.434
T14,5758.57,climb,直连,33.353
T14,5759.566,climb,直连,33.273
T14,5760.563,climb,直连,33.194
T14,5761.559,climb,直连,33.115
T14,5762.555,climb,直连,33.037
T14,5763.552,climb,直连,32.96
T14,5764.548,climb,直连,32.883
T14,5765.544,climb,直连,32.808
T14,5766.541,climb,直连,32.732
T14,5767.537,climb,直连,32.658
T14,5768.533,climb,直连,32.584
T14,5769.529,climb,直连,32.51
T14,5770.526,climb,直连,32.438
T14,5771.522,climb,直连,32.366
T14,5772.518,climb,直连,32.294
T14,5773.515,climb,直连,32.223
T14,5774.511,climb,直连,32.153
T14,5775.507,climb,直连,32.083
T14,5776.503,climb,直连,32.014
T14,5777.5,climb,直连,31.945
T14,5778.496,climb,直连,31.877
T14,5779.492,climb,直连,31.809
T14,5780.489,climb,直连,31.742
T14,5781.485,climb,直连,31.676
T14,5782.481,climb,直连,31.61
T14,5783.478,climb,直连,31.544
T14,5784.474,climb,直连,31.479
T14,5785.47,climb,直连,31.414
T14,5786.466,climb,直连,31.35
T14,5787.463,climb,直连,31.287
T14,5788.459,climb,直连,31.224
T14,5789.455,climb,直连,31.161
T14,5790.452,climb,直连,31.099
T14,5791.448,climb,直连,31.037
T14,5792.444,climb,直连,30.975
T14,5793.44,climb,直连,30.914
T14,5794.437,climb,直连,30.854
T14,5795.433,climb,直连,30.794
T14,5796.429,climb,直连,30.734
T14,5797.426,climb,直连,30.675
T14,5798.422,climb,直连,30.616
T14,5799.418,climb,直连,30.557
T14,5800.415,climb,直连,30.499
T14,5801.411,climb,直连,30.441
T14,5802.407,climb,直连,30.384
T14,5803.403,climb,直连,30.327
T14,5804.4,climb,直连,30.27
T14,5805.396,climb,直连,30.214
T14,5806.392,climb,直连,30.158
T14,5807.389,climb,直连,30.103
T14,5808.385,climb,直连,30.048
T14,5809.381,climb,直连,29.993
T14,5810.377,climb,直连,29.938
T14,5811.374,climb,直连,29.884
T14,5812.37,climb,直连,29.831
T14,5813.366,climb,直连,29.777
T14,5813.366,cruise,直连,29.777
T14,5814.365,cruise,直连,29.771
T14,5815.363,cruise,直连,29.753
T14,5816.361,cruise,直连,29.724
T14,5817.36,cruise,直连,29.683
T14,5818.358,cruise,直连,29.632
T14,5819.356,cruise,直连,29.569
T14,5820.354,cruise,直连,29.497
T14,5821.353,cruise,直连,29.414
T14,5822.351,cruise,直连,29.323
T14,5823.349,cruise,直连,29.223
T14,5824.348,cruise,直连,29.115
T14,5825.346,cruise,直连,29.0
T14,5826.344,cruise,直连,28.878
T14,5827.342,cruise,直连,28.75
T14,5828.341,cruise,直连,28.617
T14,5829.339,cruise,直连,28.479
T14,5830.337,cruise,直连,28.336
T14,5831.335,cruise,直连,28.19
T14,5832.334,cruise,直连,28.041
T14,5833.332,cruise,直连,27.889
T14,5834.33,cruise,直连,27.735
T14,5835.329,cruise,直连,27.579
T14,5836.327,cruise,直连,27.421
T14,5837.325,cruise,直连,27.263
T14,5838.323,cruise,直连,27.103
T14,5839.322,cruise,直连,26.943
T14,5840.32,cruise,直连,26.783
T14,5841.318,cruise,直连,26.623
T14,5842.317,cruise,直连,26.463
T14,5843.315,cruise,直连,26.303
T14,5844.313,cruise,直连,26.144
T14,5845.311,cruise,直连,25.986
T14,5846.31,cruise,直连,25.828
T14,5847.308,cruise,直连,25.671
T14,5848.306,cruise,直连,25.516
T14,5849.305,cruise,直连,25.361
T14,5850.303,cruise,直连,25.208
T14,5851.301,cruise,直连,25.056
T14,5852.299,cruise,直连,24.905
T14,5853.298,cruise,直连,24.755
T14,5854.296,cruise,直连,24.607
T14,5855.294,cruise,直连,24.46
T14,5856.293,cruise,直连,24.315
T14,5857.291,cruise,直连,24.171
T14,5858.289,cruise,直连,24.029
T14,5859.287,cruise,直连,23.888
T14,5860.286,cruise,直连,23.749
T14,5861.284,cruise,直连,23.611
T14,5862.282,cruise,直连,23.474
T14,5863.281,cruise,直连,23.339
T14,5864.279,cruise,直连,23.206
T14,5865.277,cruise,直连,23.074
T14,5866.275,cruise,直连,22.943
T14,5867.274,cruise,直连,22.814
T14,5868.272,cruise,直连,22.686
T14,5869.27,cruise,直连,22.56
T14,5870.269,cruise,直连,22.435
T14,5871.267,cruise,直连,22.311
T14,5872.265,cruise,直连,22.189
T14,5873.263,cruise,直连,22.068
T14,5874.262,cruise,直连,21.948
T14,5875.26,cruise,直连,21.83
T14,5876.258,cruise,直连,21.713
T14,5877.257,cruise,直连,21.597
T14,5878.255,cruise,直连,21.483
T14,5879.253,cruise,直连,21.37
T14,5880.251,cruise,直连,21.258
T14,5881.25,cruise,直连,21.147
T14,5882.248,cruise,直连,21.037
T14,5883.246,cruise,直连,20.929
T14,5884.245,cruise,直连,20.821
T14,5885.243,cruise,直连,20.715
T14,5886.241,cruise,直连,20.61
T14,5887.239,cruise,直连,20.506
T14,5888.238,cruise,直连,20.403
T14,5889.236,cruise,直连,20.301
T14,5890.234,cruise,直连,20.2
T14,5891.233,cruise,直连,20.1
T14,5892.231,cruise,直连,20.002
T14,5893.229,cruise,直连,19.904
T14,5894.227,cruise,直连,19.807
T14,5895.226,cruise,直连,19.711
T14,5896.224,cruise,直连,19.616
T14,5897.222,cruise,直连,19.522
T14,5898.221,cruise,直连,19.429
T14,5899.219,cruise,直连,19.336
T14,5900.217,cruise,直连,19.245
T14,5901.215,cruise,直连,19.154
T14,5902.214,cruise,直连,19.064
T14,5903.212,cruise,直连,18.976
T14,5904.21,cruise,直连,18.888
T14,5905.209,cruise,直连,18.8
T14,5906.207,cruise,直连,18.714
T14,5907.205,cruise,直连,18.628
T14,5908.203,cruise,直连,18.543
T14,5909.202,cruise,直连,18.459
T14,5910.2,cruise,直连,18.376
T14,5911.198,cruise,直连,18.293
T14,5912.196,cruise,直连,18.211
T14,5913.195,cruise,直连,18.13
T14,5914.193,cruise,直连,18.049
T14,5915.191,cruise,直连,17.969
T14,5916.19,cruise,直连,17.89
T14,5917.188,cruise,直连,17.811
T14,5918.186,cruise,直连,17.734
T14,5919.184,cruise,直连,17.656
T14,5920.183,cruise,直连,17.58
T14,5921.181,cruise,直连,17.504
T14,5922.179,cruise,直连,17.428
T14,5923.178,cruise,直连,17.354
T14,5924.176,cruise,直连,17.28
T14,5925.174,cruise,直连,17.206
T14,5926.172,cruise,直连,17.133
T14,5927.171,cruise,直连,17.061
T14,5928.169,cruise,直连,16.989
T14,5929.167,cruise,直连,16.917
T14,5930.166,cruise,直连,16.847
T14,5931.164,cruise,直连,16.777
T14,5932.162,cruise,直连,16.707
T14,5933.16,cruise,直连,16.638
T14,5934.159,cruise,直连,16.569
T14,5935.157,cruise,直连,16.501
T14,5936.155,cruise,直连,16.433
T14,5937.154,cruise,直连,16.366
T14,5938.152,cruise,直连,16.3
T14,5939.15,cruise,直连,16.234
T14,5940.148,cruise,直连,16.168
T14,5941.147,cruise,直连,16.103
T14,5942.145,cruise,直连,16.038
T14,5943.143,cruise,直连,15.974
T14,5944.142,cruise,直连,15.91
T14,5945.14,cruise,直连,15.847
T14,5946.138,cruise,直连,15.784
T14,5947.136,cruise,直连,15.721
T14,5948.135,cruise,直连,15.659
T14,5949.133,cruise,直连,15.598
T14,5950.131,cruise,直连,15.536
T14,5951.13,cruise,直连,15.476
T14,5952.128,cruise,直连,15.415
T14,5953.126,cruise,直连,15.355
T14,5954.124,cruise,直连,15.296
T14,5955.123,cruise,直连,15.236
T14,5956.121,cruise,直连,15.178
T14,5957.119,cruise,直连,15.119
T14,5958.118,cruise,直连,15.061
T14,5959.116,cruise,直连,15.003
T14,5960.114,cruise,直连,14.946
T14,5961.112,cruise,直连,14.889
T14,5962.111,cruise,直连,14.832
T14,5963.109,cruise,直连,14.776
T14,5964.107,cruise,直连,14.72
T14,5965.106,cruise,直连,14.665
T14,5966.104,cruise,直连,14.61
T14,5967.102,cruise,直连,14.555
T14,5968.1,cruise,直连,14.5
T14,5969.099,cruise,直连,14.446
T14,5970.097,cruise,直连,14.392
T14,5971.095,cruise,直连,14.338
T14,5972.094,cruise,直连,14.285
T14,5973.092,cruise,直连,14.232
T14,5974.09,cruise,直连,14.18
T14,5975.088,cruise,直连,14.127
T14,5976.087,cruise,直连,14.075
T14,5977.085,cruise,直连,14.024
T14,5978.083,cruise,直连,13.972
T14,5979.082,cruise,直连,13.921
T14,5980.08,cruise,直连,13.87
T14,5981.078,cruise,直连,13.82
T14,5982.076,cruise,直连,13.77
T14,5983.075,cruise,直连,13.72
T14,5984.073,cruise,直连,13.67
T14,5985.071,cruise,直连,13.62
T14,5986.07,cruise,直连,13.571
T14,5987.068,cruise,直连,13.522
T14,5988.066,cruise,直连,13.474
T14,5989.064,cruise,直连,13.426
T14,5990.063,cruise,直连,13.377
T14,5991.061,cruise,直连,13.33
T14,5992.059,cruise,直连,13.282
T14,5993.058,cruise,直连,13.235
T14,5994.056,cruise,直连,13.188
T14,5995.054,cruise,直连,13.141
T14,5996.052,cruise,直连,13.094
T14,5997.051,cruise,直连,13.048
T14,5998.049,cruise,直连,13.002
T14,5999.047,cruise,直连,12.956
T14,6000.045,cruise,直连,12.91
T14,6001.044,cruise,直连,12.865
T14,6002.042,cruise,直连,12.82
T14,6003.04,cruise,直连,12.775
T14,6004.039,cruise,直连,12.73
T14,6005.037,cruise,直连,12.686
T14,6006.035,cruise,直连,12.642
T14,6007.033,cruise,直连,12.598
T14,6008.032,cruise,直连,12.554
T14,6009.03,cruise,直连,12.51
T14,6010.028,cruise,直连,12.467
T14,6011.027,cruise,直连,12.424
T14,6012.025,cruise,直连,12.381
T14,6013.023,cruise,直连,12.338
T14,6014.021,cruise,直连,12.295
T14,6015.02,cruise,直连,12.253
T14,6016.018,cruise,直连,12.211
T14,6017.016,cruise,直连,12.169
T14,6018.015,cruise,直连,12.127
T14,6019.013,cruise,直连,12.086
T14,6020.011,cruise,直连,12.044
T14,6021.009,cruise,直连,12.003
T14,6022.008,cruise,直连,11.962
T14,6023.006,cruise,直连,11.922
T14,6024.004,cruise,直连,11.881
T14,6025.003,cruise,直连,11.841
T14,6026.001,cruise,直连,11.8
T14,6026.999,cruise,直连,11.76
T14,6027.997,cruise,直连,11.72
T14,6028.996,cruise,直连,11.681
T14,6029.994,cruise,直连,11.641
T14,6030.992,cruise,直连,11.602
T14,6031.991,cruise,直连,11.563
T14,6032.989,cruise,直连,11.524
T14,6033.987,cruise,直连,11.485
T14,6034.985,cruise,直连,11.446
T14,6035.984,cruise,直连,11.408
T14,6036.982,cruise,直连,11.37
T14,6037.98,cruise,直连,11.331
T14,6038.979,cruise,直连,11.293
T14,6039.977,cruise,直连,11.256
T14,6040.975,cruise,直连,11.218
T14,6041.973,cruise,直连,11.181
T14,6042.972,cruise,直连,11.143
T14,6043.97,cruise,直连,11.106
T14,6044.968,cruise,直连,11.069
T14,6045.967,cruise,直连,11.032
T14,6046.965,cruise,直连,10.995
T14,6047.963,cruise,直连,10.959
T14,6048.961,cruise,直连,10.923
T14,6049.96,cruise,直连,10.886
T14,6050.958,cruise,直连,10.85
T14,6051.956,cruise,直连,10.814
T14,6052.955,cruise,直连,10.778
T14,6053.953,cruise,直连,10.743
T14,6054.951,cruise,直连,10.707
T14,6055.949,cruise,直连,10.672
T14,6056.948,cruise,直连,10.637
T14,6057.946,cruise,直连,10.602
T14,6058.944,cruise,直连,10.567
T14,6059.943,cruise,直连,10.532
T14,6060.941,cruise,直连,10.497
T14,6061.939,cruise,直连,10.463
T14,6062.937,cruise,直连,10.428
T14,6063.936,cruise,直连,10.394
T14,6064.934,cruise,直连,10.36
T14,6065.932,cruise,直连,10.326
T14,6066.931,cruise,直连,0.292
T14,6067.929,cruise,直连,0.258
T14,6068.927,cruise,直连,0.224
T14,6069.925,cruise,直连,0.191
T14,6070.924,cruise,直连,0.158
T14,6071.922,cruise,直连,0.124
T14,6072.92,cruise,直连,0.091
T14,6073.919,cruise,直连,0.058
T14,6074.917,cruise,直连,0.025
T14,6075.915,cruise,中继,0.645
T14,6076.913,cruise,中继,0.64
T14,6077.912,cruise,中继,0.635
T14,6078.91,cruise,中继,0.63
T14,6079.908,cruise,中继,0.625
T14,6080.907,cruise,中继,0.62
T14,6081.905,cruise,中继,0.614
T14,6082.903,cruise,中继,0.609
T14,6083.901,cruise,中继,0.604
T14,6084.9,cruise,中继,0.599
T14,6085.898,cruise,中继,0.593
T14,6086.896,cruise,中继,0.588
T14,6087.894,cruise,中继,0.582
T14,6088.893,cruise,中继,0.577
T14,6089.891,cruise,中继,0.571
T14,6090.889,cruise,中继,0.565
T14,6091.888,cruise,中继,0.56
T14,6092.886,cruise,中继,0.554
T14,6093.884,cruise,中继,0.548
T14,6094.882,cruise,中继,0.542
T14,6095.881,cruise,中继,0.537
T14,6096.879,cruise,中继,0.531
T14,6097.877,cruise,中继,0.525
T14,6098.876,cruise,中继,0.519
T14,6099.874,cruise,中继,0.512
T14,6100.872,cruise,中继,0.506
T14,6101.87,cruise,中继,0.5
T14,6102.869,cruise,中继,0.494
T14,6103.867,cruise,中继,0.488
T14,6104.865,cruise,中继,0.481
T14,6105.864,cruise,中继,0.475
T14,6106.862,cruise,中继,0.469
T14,6107.86,cruise,中继,0.462
T14,6108.858,cruise,中继,0.456
T14,6109.857,cruise,中继,0.449
T14,6110.855,cruise,中继,0.443
T14,6111.853,cruise,中继,0.436
T14,6112.852,cruise,中继,0.429
T14,6113.85,cruise,中继,0.423
T14,6114.848,cruise,中继,0.416
T14,6115.846,cruise,中继,0.409
T14,6116.845,cruise,中继,0.402
T14,6117.843,cruise,中继,0.395
T14,6118.841,cruise,中继,0.388
T14,6119.84,cruise,中继,0.381
T14,6120.838,cruise,中继,0.374
T14,6121.836,cruise,中继,0.367
T14,6122.834,cruise,中继,0.36
T14,6123.833,cruise,中继,0.353
T14,6124.831,cruise,中继,0.346
T14,6125.829,cruise,中继,0.339
T14,6126.828,cruise,中继,0.331
T14,6127.826,cruise,中继,0.324
T14,6128.824,cruise,中继,0.317
T14,6129.822,cruise,中继,0.309
T14,6130.821,cruise,中继,0.302
T14,6131.819,cruise,中继,0.294
T14,6132.817,cruise,中继,0.287
T14,6133.816,cruise,中继,0.279
T14,6134.814,cruise,中继,0.272
T14,6135.812,cruise,中继,0.264
T14,6136.81,cruise,中继,0.256
T14,6137.809,cruise,中继,0.249
T14,6138.807,cruise,中继,0.241
T14,6139.805,cruise,中继,0.233
T14,6140.804,cruise,中继,0.225
T14,6141.802,cruise,中继,0.217
T14,6142.8,cruise,中继,0.209
T14,6143.798,cruise,中继,0.201
T14,6144.797,cruise,中继,0.194
T14,6145.795,cruise,中继,0.185
T14,6146.793,cruise,中继,0.177
T14,6147.792,cruise,中继,0.169
T14,6148.79,cruise,中继,0.161
T14,6149.788,cruise,中继,0.153
T14,6150.786,cruise,中继,0.145
T14,6151.785,cruise,中继,0.137
T14,6152.783,cruise,中继,0.128
T14,6153.781,cruise,中继,0.12
T14,6154.78,cruise,中继,0.112
T14,6155.778,cruise,中继,0.103
T14,6156.776,cruise,中继,0.095
T14,6157.774,cruise,中继,0.086
T14,6158.773,cruise,中继,0.078
T14,6159.771,cruise,中继,0.069
T14,6160.769,cruise,中继,0.061
T14,6161.768,cruise,中继,0.052
T14,6162.766,cruise,中继,0.044
T14,6163.764,cruise,中继,0.035
T14,6164.762,cruise,中继,0.026
T14,6165.761,cruise,中继,0.018
T14,6166.759,cruise,中继,0.009
T14,6167.757,cruise,中继,0.0
T14,6168.756,cruise,中断,-2.616
T14,6169.754,cruise,中断,-2.64
T14,6170.752,cruise,中断,-2.665
T14,6171.75,cruise,中断,-2.689
T14,6172.749,cruise,中断,-2.713
T14,6173.747,cruise,中断,-2.737
T14,6174.745,cruise,中断,-2.761
T14,6175.743,cruise,中断,-2.784
T14,6176.742,cruise,中断,-2.808
T14,6177.74,cruise,中断,-2.832
T14,6178.738,cruise,中断,-2.855
T14,6179.737,cruise,中断,-2.879
T14,6180.735,cruise,中断,-2.903
T14,6181.733,cruise,中断,-2.926
T14,6182.731,cruise,中断,-2.949
T14,6183.73,cruise,中断,-2.973
T14,6184.728,cruise,中断,-2.996
T14,6185.726,cruise,中断,-3.019
T14,6186.725,cruise,中断,-3.042
T14,6187.723,cruise,中断,-3.065
T14,6188.721,cruise,中断,-3.088
T14,6189.719,cruise,中断,-3.111
T14,6190.718,cruise,中断,-3.134
T14,6191.716,cruise,中断,-3.157
T14,6192.714,cruise,中断,-3.18
T14,6193.713,cruise,中断,-3.203
T14,6194.711,cruise,中断,-3.225
T14,6195.709,cruise,中断,-3.248
T14,6196.707,cruise,中断,-3.27
T14,6197.706,cruise,中断,-3.293
T14,6198.704,cruise,中断,-3.315
T14,6199.702,cruise,中断,-3.338
T14,6200.701,cruise,中断,-3.36
T14,6201.699,cruise,中断,-3.382
T14,6202.697,cruise,中断,-3.404
T14,6203.695,cruise,中断,-3.426
T14,6204.694,cruise,中断,-3.449
T14,6205.692,cruise,中断,-3.471
T14,6206.69,cruise,中断,-3.492
T14,6207.689,cruise,中断,-3.514
T14,6208.687,cruise,中断,-3.536
T14,6209.685,cruise,中断,-3.558
T14,6210.683,cruise,中断,-3.58
T14,6211.682,cruise,中断,-3.602
T14,6212.68,cruise,中断,-3.623
T14,6213.678,cruise,中断,-3.645
T14,6214.677,cruise,中断,-3.666
T14,6215.675,cruise,中断,-3.688
T14,6216.673,cruise,中断,-3.709
T14,6217.671,cruise,中断,-3.731
T14,6218.67,cruise,中断,-3.752
T14,6219.668,cruise,中断,-3.773
T14,6220.666,cruise,中断,-3.794
T14,6221.665,cruise,中断,-3.816
T14,6222.663,cruise,中断,-3.837
T14,6223.661,cruise,中断,-3.858
T14,6224.659,cruise,中断,-3.879
T14,6225.658,cruise,中断,-3.9
T14,6226.656,cruise,中断,-3.921
T14,6227.654,cruise,中断,-3.941
T14,6228.653,cruise,中断,-3.962
T14,6229.651,cruise,中断,-3.983
T14,6230.649,cruise,中断,-4.004
T14,6231.647,cruise,中断,-4.024
T14,6232.646,cruise,中断,-4.045
T14,6233.644,cruise,中断,-4.066
T14,6234.642,cruise,中断,-4.086
T14,6235.641,cruise,中断,-4.107
T14,6236.639,cruise,中断,-4.127
T14,6237.637,cruise,中断,-4.147
T14,6238.635,cruise,中断,-4.168
T14,6239.634,cruise,中断,-4.188
T14,6240.632,cruise,中断,-4.208
T14,6241.63,cruise,中断,-4.228
T14,6242.629,cruise,中断,-4.249
T14,6243.627,cruise,中断,-4.269
T14,6244.625,cruise,中断,-4.289
T14,6245.623,cruise,中断,-4.309
T14,6246.622,cruise,中断,-4.329
T14,6247.62,cruise,中断,-4.349
T14,6248.618,cruise,中断,-4.368
T14,6249.617,cruise,中断,-4.388
T14,6250.615,cruise,中断,-4.408
T14,6251.613,cruise,中断,-4.428
T14,6252.611,cruise,中断,-4.448
T14,6253.61,cruise,中断,-4.467
T14,6254.608,cruise,中断,-4.487
T14,6255.606,cruise,中断,-4.506
T14,6256.605,cruise,中断,-4.526
T14,6257.603,cruise,中断,-4.545
T14,6258.601,cruise,中断,-4.565
T14,6259.599,cruise,中断,-4.584
T14,6260.598,cruise,中断,-4.603
T14,6261.596,cruise,中断,-4.623
T14,6262.594,cruise,中断,-4.642
T14,6263.592,cruise,中断,-4.661
T14,6264.591,cruise,中断,-4.68
T14,6265.589,cruise,中断,-4.699
T14,6266.587,cruise,中断,-4.719
T14,6267.586,cruise,中断,-4.738
T14,6268.584,cruise,中断,-4.757
T14,6269.582,cruise,中断,-4.776
T14,6270.58,cruise,中断,-4.794
T14,6271.579,cruise,中断,-4.813
T14,6272.577,cruise,中断,-4.832
T14,6273.575,cruise,中断,-4.851
T14,6274.574,cruise,中断,-4.87
T14,6275.572,cruise,中断,-4.888
T14,6276.57,cruise,中断,-4.907
T14,6277.568,cruise,中断,-4.926
T14,6278.567,cruise,中断,-4.944
T14,6279.565,cruise,中断,-4.963
T14,6280.563,cruise,中断,-4.981
T14,6281.562,cruise,中断,-5.0
T14,6282.56,cruise,中断,-5.018
T14,6283.558,cruise,中断,-5.037
T14,6284.556,cruise,中断,-5.055
T14,6285.555,cruise,中断,-5.073
T14,6286.553,cruise,中断,-5.092
T14,6287.551,cruise,中断,-5.11
T14,6288.55,cruise,中断,-5.128
T14,6289.548,cruise,中断,-5.146
T14,6290.546,cruise,中断,-5.164
T14,6291.544,cruise,中断,-5.183
T14,6292.543,cruise,中断,-5.201
T14,6293.541,cruise,中断,-5.219
T14,6294.539,cruise,中断,-5.237
T14,6295.538,cruise,中断,-5.255
T14,6296.536,cruise,中断,-5.272
T14,6297.534,cruise,中断,-5.29
T14,6297.534,descent,中断,-5.29
T14,6298.53,descent,中断,-5.29
T14,6299.526,descent,中断,-5.29
T14,6300.522,descent,中断,-5.29
T14,6301.518,descent,中断,-5.29
T14,6302.514,descent,中断,-5.29
T14,6303.51,descent,中断,-5.29
T14,6304.506,descent,中断,-5.289
T14,6305.501,descent,中断,-5.289
T14,6306.497,descent,中断,-5.289
T14,6307.493,descent,中断,-5.289
T14,6308.489,descent,中断,-5.289
T14,6309.485,descent,中断,-5.289
T14,6310.481,descent,中断,-5.289
T14,6311.477,descent,中断,-5.289
T14,6312.473,descent,中断,-5.288
T14,6313.469,descent,中断,-5.288
T14,6314.465,descent,中断,-5.288
T14,6315.46,descent,中断,-5.288
T14,6316.456,descent,中断,-5.288
T14,6317.452,descent,中断,-5.288
T14,6318.448,descent,中断,-5.288
T14,6319.444,descent,中断,-5.288
T14,6320.44,descent,中断,-5.287
T14,6321.436,descent,中断,-5.287
T14,6322.432,descent,中断,-5.287
T14,6323.428,descent,中断,-5.287
T14,6324.424,descent,中断,-5.287
T14,6325.42,descent,中断,-5.287
T14,6326.415,descent,中断,-5.287
T14,6327.411,descent,中断,-5.287
T14,6328.407,descent,中断,-5.287
T14,6329.403,descent,中断,-5.286
T14,6330.399,descent,中断,-5.286
T14,6331.395,descent,中断,-5.286
T14,6332.391,descent,中断,-5.286
T14,6333.387,descent,中断,-5.286
T14,6334.383,descent,中断,-5.286
T14,6335.379,descent,中断,-5.286
T14,6336.375,descent,中断,-5.286
T14,6337.37,descent,中断,-5.286
T14,6338.366,descent,中断,-5.285
T14,6339.362,descent,中断,-5.285
T14,6340.358,descent,中断,-5.285
T14,6341.354,descent,中断,-5.285
T14,6342.35,descent,中断,-5.285
T14,6343.346,descent,中断,-5.285
T14,6344.342,descent,中断,-5.285
T14,6345.338,descent,中断,-5.285
T14,6346.334,descent,中断,-5.285
T14,6347.33,descent,中断,-5.284
T14,6348.325,descent,中断,-5.284
T14,6349.321,descent,中断,-5.284
T14,6350.317,descent,中断,-5.284
T14,6351.313,descent,中断,-5.284
T14,6352.309,descent,中断,-5.284
T14,6353.305,descent,中断,-5.284
T14,6354.301,descent,中断,-5.284
T14,6355.297,descent,中断,-5.284
T14,6356.293,descent,中断,-5.284
T14,6357.289,descent,中断,-5.284
T14,6358.284,descent,中断,-5.283
T14,6359.28,descent,中断,-5.283
T14,6360.276,descent,中断,-5.283
T14,6361.272,descent,中断,-5.283
T14,6362.268,descent,中断,-5.283
T14,6363.264,descent,中断,-5.283
T14,6364.26,descent,中断,-5.283
T14,6365.256,descent,中断,-5.283
T14,6366.252,descent,中断,-5.283
T14,6367.248,descent,中断,-5.283
T14,6368.244,descent,中断,-5.283
T14,6369.239,descent,中断,-5.282
T14,6370.235,descent,中断,-5.282
T14,6371.231,descent,中断,-5.282
T14,6372.227,descent,中断,-5.282
T14,6373.223,descent,中断,-5.282
T14,6374.219,descent,中断,-5.282
T14,6375.215,descent,中断,-5.282
T14,6376.211,descent,中断,-5.282
T14,6377.207,descent,中断,-5.282
T14,6378.203,descent,中断,-5.282
T14,6379.199,descent,中断,-5.282
T14,6380.194,descent,中断,-5.282
T14,6381.19,descent,中断,-5.281
T14,6382.186,descent,中断,-5.281
T14,6383.182,descent,中断,-5.281
T14,6384.178,descent,中断,-5.281
T14,6385.174,descent,中断,-5.281
T14,6386.17,descent,中断,-5.281
T14,6387.166,descent,中断,-5.281
T14,6388.162,descent,中断,-5.281
T14,6389.158,descent,中断,-5.281
T14,6390.154,descent,中断,-5.281
T14,6391.149,descent,中断,-5.281
T14,6392.145,descent,中断,-5.281
T14,6393.141,descent,中断,-5.281
T14,6394.137,descent,中断,-5.28
T14,6395.133,descent,中断,-5.28
T14,6396.129,descent,中断,-5.28
T14,6397.125,descent,中断,-5.28
T14,6398.121,descent,中断,-5.28
T14,6399.117,descent,中断,-5.28
T14,6400.113,descent,中断,-5.28
T14,6401.108,descent,中断,-5.28
T14,6402.104,descent,中断,-5.28
T14,6403.1,descent,中断,-5.28
T14,6404.096,descent,中断,-5.28
T14,6405.092,descent,中断,-5.28
T14,6405.092,handover,中断,-5.28
T14,6765.092,handover,中继,4.148
T14,6765.092,climb,中继,4.148
T14,6766.081,climb,中继,4.149
T14,6767.07,climb,中继,4.149
T14,6768.059,climb,中继,4.15
T14,6769.048,climb,中继,4.151
T14,6770.037,climb,中继,4.151
T14,6771.026,climb,中继,4.152
T14,6772.015,climb,中继,4.153
T14,6773.004,climb,中继,4.154
T14,6773.993,climb,中继,4.154
T14,6774.983,climb,中继,4.155
T14,6775.972,climb,中继,4.156
T14,6776.961,climb,中继,4.156
T14,6777.95,climb,中继,4.157
T14,6778.939,climb,中继,4.158
T14,6779.928,climb,中继,4.158
T14,6780.917,climb,中继,4.159
T14,6781.906,climb,中继,4.159
T14,6782.895,climb,中继,4.16
T14,6783.884,climb,中继,4.161
T14,6784.873,climb,中继,4.161
T14,6785.862,climb,中继,4.162
T14,6786.851,climb,中继,4.163
T14,6787.84,climb,中继,4.163
T14,6788.829,climb,中继,4.164
T14,6789.818,climb,中继,4.165
T14,6790.807,climb,中继,4.165
T14,6791.796,climb,中继,4.166
T14,6792.785,climb,中继,4.166
T14,6793.774,climb,中继,4.167
T14,6794.763,climb,中继,4.168
T14,6795.752,climb,中继,4.168
T14,6796.741,climb,中继,4.169
T14,6797.73,climb,中继,4.169
T14,6798.719,climb,中继,4.17
T14,6799.708,climb,中继,4.171
T14,6800.698,climb,中继,4.171
T14,6801.687,climb,中继,4.172
T14,6802.676,climb,中继,4.172
T14,6803.665,climb,中继,4.173
T14,6804.654,climb,中继,4.173
T14,6805.643,climb,中继,4.174
T14,6806.632,climb,中继,4.175
T14,6807.621,climb,中继,4.175
T14,6808.61,climb,中继,4.176
T14,6809.599,climb,中继,4.176
T14,6810.588,climb,中继,4.177
T14,6811.577,climb,中继,4.177
T14,6812.566,climb,中继,4.178
T14,6813.555,climb,中继,4.178
T14,6814.544,climb,中继,4.179
T14,6815.533,climb,中继,4.179
T14,6816.522,climb,中继,4.18
T14,6817.511,climb,中继,4.181
T14,6818.5,climb,中继,4.181
T14,6819.489,climb,中继,4.182
T14,6820.478,climb,中继,4.182
T14,6821.467,climb,中继,4.183
T14,6822.456,climb,中继,4.183
T14,6823.445,climb,中继,4.184
T14,6824.434,climb,中继,4.184
T14,6825.423,climb,中继,4.185
T14,6826.413,climb,中继,4.185
T14,6827.402,climb,中继,4.186
T14,6828.391,climb,中继,4.186
T14,6829.38,climb,中继,4.187
T14,6830.369,climb,中继,4.187
T14,6831.358,climb,中继,4.188
T14,6832.347,climb,中继,4.188
T14,6833.336,climb,中继,4.188
T14,6834.325,climb,中继,4.189
T14,6835.314,climb,中继,4.189
T14,6836.303,climb,中继,4.19
T14,6837.292,climb,中继,4.19
T14,6838.281,climb,中继,4.191
T14,6839.27,climb,中继,4.191
T14,6840.259,climb,中继,4.192
T14,6841.248,climb,中继,4.192
T14,6842.237,climb,中继,4.193
T14,6843.226,climb,中继,4.193
T14,6844.215,climb,中继,4.193
T14,6845.204,climb,中继,4.194
T14,6846.193,climb,中继,4.194
T14,6847.182,climb,中继,4.195
T14,6848.171,climb,中继,4.195
T14,6849.16,climb,中继,4.195
T14,6850.149,climb,中继,4.196
T14,6851.138,climb,中继,4.196
T14,6851.138,cruise,中继,4.196
T14,6852.137,cruise,中继,4.22
T14,6853.135,cruise,中继,4.244
T14,6854.133,cruise,中继,4.267
T14,6855.132,cruise,中继,4.291
T14,6856.13,cruise,中继,4.314
T14,6857.128,cruise,中继,4.338
T14,6858.126,cruise,中继,4.362
T14,6859.125,cruise,中继,4.385
T14,6860.123,cruise,中继,4.409
T14,6861.121,cruise,中继,4.432
T14,6862.12,cruise,中继,4.456
T14,6863.118,cruise,中继,4.48
T14,6864.116,cruise,中继,4.503
T14,6865.114,cruise,中继,4.527
T14,6866.113,cruise,中继,4.55
T14,6867.111,cruise,中继,4.574
T14,6868.109,cruise,中继,4.597
T14,6869.108,cruise,中继,4.621
T14,6870.106,cruise,中继,4.644
T14,6871.104,cruise,中继,4.668
T14,6872.102,cruise,中继,4.691
T14,6873.101,cruise,中继,4.714
T14,6874.099,cruise,中继,4.738
T14,6875.097,cruise,中继,4.761
T14,6876.096,cruise,中继,4.785
T14,6877.094,cruise,中继,4.808
T14,6878.092,cruise,中继,4.831
T14,6879.09,cruise,中继,4.854
T14,6880.089,cruise,中继,4.878
T14,6881.087,cruise,中继,4.901
T14,6882.085,cruise,中继,4.924
T14,6883.084,cruise,中继,4.947
T14,6884.082,cruise,中继,4.97
T14,6885.08,cruise,中继,4.994
T14,6886.078,cruise,中继,5.017
T14,6887.077,cruise,中继,5.04
T14,6888.075,cruise,中继,5.063
T14,6889.073,cruise,中继,5.086
T14,6890.072,cruise,中继,5.108
T14,6891.07,cruise,中继,5.131
T14,6892.068,cruise,中继,5.154
T14,6893.066,cruise,中继,5.177
T14,6894.065,cruise,中继,5.2
T14,6895.063,cruise,中继,5.222
T14,6896.061,cruise,中继,5.245
T14,6897.06,cruise,中继,5.268
T14,6898.058,cruise,中继,5.29
T14,6899.056,cruise,中继,5.313
T14,6900.054,cruise,中继,5.335
T14,6901.053,cruise,中继,5.358
T14,6902.051,cruise,中继,5.38
T14,6903.049,cruise,中继,5.402
T14,6904.048,cruise,中继,5.425
T14,6905.046,cruise,中继,5.447
T14,6906.044,cruise,中继,5.469
T14,6907.042,cruise,中继,5.491
T14,6908.041,cruise,中继,5.513
T14,6909.039,cruise,中继,5.535
T14,6910.037,cruise,中继,5.557
T14,6911.036,cruise,中继,5.578
T14,6912.034,cruise,中继,5.6
T14,6913.032,cruise,中继,5.622
T14,6914.03,cruise,中继,5.643
T14,6915.029,cruise,中继,5.665
T14,6916.027,cruise,中继,5.686
T14,6917.025,cruise,中继,5.708
T14,6918.024,cruise,中继,5.729
T14,6919.022,cruise,中继,5.75
T14,6920.02,cruise,中继,5.771
T14,6921.018,cruise,中继,5.792
T14,6922.017,cruise,中继,5.813
T14,6923.015,cruise,中继,5.834
T14,6924.013,cruise,中继,5.855
T14,6925.012,cruise,中继,5.875
T14,6926.01,cruise,中继,5.896
T14,6927.008,cruise,中继,5.916
T14,6928.006,cruise,中继,5.937
T14,6929.005,cruise,中继,5.957
T14,6930.003,cruise,中继,5.977
T14,6931.001,cruise,中继,5.997
T14,6932.0,cruise,中继,6.017
T14,6932.998,cruise,中继,6.037
T14,6933.996,cruise,中继,6.057
T14,6934.994,cruise,中继,6.077
T14,6935.993,cruise,中继,6.096
T14,6936.991,cruise,中继,6.116
T14,6937.989,cruise,中继,6.135
T14,6938.987,cruise,中继,6.154
T14,6939.986,cruise,中继,6.173
T14,6940.984,cruise,中继,6.192
T14,6941.982,cruise,中继,6.211
T14,6942.981,cruise,中继,6.229
T14,6943.979,cruise,中继,6.248
T14,6944.977,cruise,中继,6.266
T14,6945.975,cruise,中继,6.285
T14,6946.974,cruise,中继,6.303
T14,6947.972,cruise,中继,6.321
T14,6948.97,cruise,中继,6.339
T14,6949.969,cruise,中继,6.357
T14,6950.967,cruise,中继,6.374
T14,6951.965,cruise,中继,6.392
T14,6952.963,cruise,中继,6.409
T14,6953.962,cruise,中继,6.426
T14,6954.96,cruise,中继,6.443
T14,6955.958,cruise,中继,6.46
T14,6956.957,cruise,中继,6.477
T14,6957.955,cruise,中继,6.493
T14,6958.953,cruise,中继,6.51
T14,6959.951,cruise,中继,6.526
T14,6960.95,cruise,中继,6.542
T14,6961.948,cruise,中继,6.558
T14,6962.946,cruise,中继,6.574
T14,6963.945,cruise,中继,6.589
T14,6964.943,cruise,中继,6.605
T14,6965.941,cruise,中继,6.62
T14,6966.939,cruise,中继,6.635
T14,6967.938,cruise,中继,6.65
T14,6968.936,cruise,中继,6.664
T14,6969.934,cruise,中继,6.679
T14,6970.933,cruise,中继,6.693
T14,6971.931,cruise,中继,6.707
T14,6972.929,cruise,中继,6.721
T14,6973.927,cruise,中继,6.735
T14,6974.926,cruise,中继,6.749
T14,6975.924,cruise,中继,6.762
T14,6976.922,cruise,中继,6.775
T14,6977.921,cruise,中继,6.788
T14,6978.919,cruise,中继,6.801
T14,6979.917,cruise,中继,6.814
T14,6980.915,cruise,中继,6.826
T14,6981.914,cruise,中继,6.838
T14,6982.912,cruise,中继,6.85
T14,6983.91,cruise,中继,6.862
T14,6984.909,cruise,中继,6.874
T14,6985.907,cruise,中继,6.885
T14,6986.905,cruise,中继,6.896
T14,6987.903,cruise,中继,6.907
T14,6988.902,cruise,中继,6.918
T14,6989.9,cruise,中继,6.928
T14,6990.898,cruise,中继,6.939
T14,6991.897,cruise,中继,6.949
T14,6992.895,cruise,中继,6.959
T14,6993.893,cruise,中继,6.968
T14,6994.891,cruise,中继,6.978
T14,6995.89,cruise,中继,6.987
T14,6996.888,cruise,中继,6.996
T14,6997.886,cruise,中继,7.004
T14,6998.885,cruise,中继,7.013
T14,6999.883,cruise,中继,7.021
T14,7000.881,cruise,中继,7.029
T14,7001.879,cruise,中继,7.037
T14,7002.878,cruise,中继,7.045
T14,7003.876,cruise,中继,7.052
T14,7004.874,cruise,中继,7.059
T14,7005.873,cruise,中继,7.066
T14,7006.871,cruise,中继,7.072
T14,7007.869,cruise,中继,7.079
T14,7008.867,cruise,中继,7.085
T14,7009.866,cruise,中继,7.091
T14,7010.864,cruise,中继,7.096
T14,7011.862,cruise,中继,7.102
T14,7012.861,cruise,中继,7.107
T14,7013.859,cruise,中继,7.111
T14,7014.857,cruise,中继,7.116
T14,7015.855,cruise,中继,7.12
T14,7016.854,cruise,中继,7.125
T14,7017.852,cruise,中继,7.128
T14,7018.85,cruise,中继,7.132
T14,7019.849,cruise,中继,7.135
T14,7020.847,cruise,中继,7.138
T14,7021.845,cruise,中继,7.141
T14,7022.843,cruise,中继,7.144
T14,7023.842,cruise,中继,7.146
T14,7024.84,cruise,中继,7.148
T14,7025.838,cruise,中继,7.15
T14,7026.836,cruise,中继,7.152
T14,7027.835,cruise,中继,7.153
T14,7028.833,cruise,中继,7.154
T14,7029.831,cruise,中继,7.155
T14,7030.83,cruise,中继,7.155
T14,7031.828,cruise,中继,7.156
T14,7032.826,cruise,中继,7.156
T14,7033.824,cruise,中继,7.155
T14,7034.823,cruise,中继,7.155
T14,7035.821,cruise,中继,7.154
T14,7036.819,cruise,中继,7.153
T14,7037.818,cruise,中继,7.152
T14,7038.816,cruise,中继,7.15
T14,7039.814,cruise,中继,7.149
T14,7040.812,cruise,中继,7.147
T14,7041.811,cruise,中继,7.144
T14,7042.809,cruise,中继,7.142
T14,7043.807,cruise,中继,7.139
T14,7044.806,cruise,中继,7.136
T14,7045.804,cruise,中继,7.133
T14,7046.802,cruise,中继,7.129
T14,7047.8,cruise,中继,7.125
T14,7048.799,cruise,中继,7.121
T14,7049.797,cruise,中继,7.117
T14,7050.795,cruise,中继,7.112
T14,7051.794,cruise,中继,7.107
T14,7052.792,cruise,中继,7.102
T14,7053.79,cruise,中继,7.097
T14,7054.788,cruise,中继,7.091
T14,7055.787,cruise,中继,7.086
T14,7056.785,cruise,中继,7.08
T14,7057.783,cruise,中继,7.073
T14,7058.782,cruise,中继,7.067
T14,7059.78,cruise,中继,7.06
T14,7060.778,cruise,中继,7.053
T14,7061.776,cruise,中继,7.046
T14,7062.775,cruise,中继,7.038
T14,7063.773,cruise,中继,7.03
T14,7064.771,cruise,中继,7.022
T14,7065.77,cruise,中继,7.014
T14,7066.768,cruise,中继,7.006
T14,7067.766,cruise,中继,6.997
T14,7068.764,cruise,中继,6.988
T14,7069.763,cruise,中继,6.979
T14,7070.761,cruise,中继,6.97
T14,7071.759,cruise,中继,6.96
T14,7072.758,cruise,中继,6.95
T14,7073.756,cruise,直连,0.025
T14,7074.754,cruise,直连,0.058
T14,7075.752,cruise,直连,0.091
T14,7076.751,cruise,直连,0.124
T14,7077.749,cruise,直连,0.158
T14,7078.747,cruise,直连,0.191
T14,7079.746,cruise,直连,0.224
T14,7080.744,cruise,直连,0.258
T14,7081.742,cruise,直连,0.292
T14,7082.74,cruise,直连,10.326
T14,7083.739,cruise,直连,10.36
T14,7084.737,cruise,直连,10.394
T14,7085.735,cruise,直连,10.428
T14,7086.734,cruise,直连,10.463
T14,7087.732,cruise,直连,10.497
T14,7088.73,cruise,直连,10.532
T14,7089.728,cruise,直连,10.567
T14,7090.727,cruise,直连,10.602
T14,7091.725,cruise,直连,10.637
T14,7092.723,cruise,直连,10.672
T14,7093.722,cruise,直连,10.707
T14,7094.72,cruise,直连,10.743
T14,7095.718,cruise,直连,10.778
T14,7096.716,cruise,直连,10.814
T14,7097.715,cruise,直连,10.85
T14,7098.713,cruise,直连,10.886
T14,7099.711,cruise,直连,10.923
T14,7100.71,cruise,直连,10.959
T14,7101.708,cruise,直连,10.995
T14,7102.706,cruise,直连,11.032
T14,7103.704,cruise,直连,11.069
T14,7104.703,cruise,直连,11.106
T14,7105.701,cruise,直连,11.143
T14,7106.699,cruise,直连,11.181
T14,7107.698,cruise,直连,11.218
T14,7108.696,cruise,直连,11.256
T14,7109.694,cruise,直连,11.293
T14,7110.692,cruise,直连,11.331
T14,7111.691,cruise,直连,11.37
T14,7112.689,cruise,直连,11.408
T14,7113.687,cruise,直连,11.446
T14,7114.685,cruise,直连,11.485
T14,7115.684,cruise,直连,11.524
T14,7116.682,cruise,直连,11.563
T14,7117.68,cruise,直连,11.602
T14,7118.679,cruise,直连,11.641
T14,7119.677,cruise,直连,11.681
T14,7120.675,cruise,直连,11.72
T14,7121.673,cruise,直连,11.76
T14,7122.672,cruise,直连,11.8
T14,7123.67,cruise,直连,11.841
T14,7124.668,cruise,直连,11.881
T14,7125.667,cruise,直连,11.922
T14,7126.665,cruise,直连,11.962
T14,7127.663,cruise,直连,12.003
T14,7128.661,cruise,直连,12.044
T14,7129.66,cruise,直连,12.086
T14,7130.658,cruise,直连,12.127
T14,7131.656,cruise,直连,12.169
T14,7132.655,cruise,直连,12.211
T14,7133.653,cruise,直连,12.253
T14,7134.651,cruise,直连,12.295
T14,7135.649,cruise,直连,12.338
T14,7136.648,cruise,直连,12.381
T14,7137.646,cruise,直连,12.424
T14,7138.644,cruise,直连,12.467
T14,7139.643,cruise,直连,12.51
T14,7140.641,cruise,直连,12.554
T14,7141.639,cruise,直连,12.598
T14,7142.637,cruise,直连,12.642
T14,7143.636,cruise,直连,12.686
T14,7144.634,cruise,直连,12.73
T14,7145.632,cruise,直连,12.775
T14,7146.631,cruise,直连,12.82
T14,7147.629,cruise,直连,12.865
T14,7148.627,cruise,直连,12.91
T14,7149.625,cruise,直连,12.956
T14,7150.624,cruise,直连,13.002
T14,7151.622,cruise,直连,13.048
T14,7152.62,cruise,直连,13.094
T14,7153.619,cruise,直连,13.141
T14,7154.617,cruise,直连,13.188
T14,7155.615,cruise,直连,13.235
T14,7156.613,cruise,直连,13.282
T14,7157.612,cruise,直连,13.33
T14,7158.61,cruise,直连,13.377
T14,7159.608,cruise,直连,13.426
T14,7160.607,cruise,直连,13.474
T14,7161.605,cruise,直连,13.522
T14,7162.603,cruise,直连,13.571
T14,7163.601,cruise,直连,13.62
T14,7164.6,cruise,直连,13.67
T14,7165.598,cruise,直连,13.72
T14,7166.596,cruise,直连,13.77
T14,7167.595,cruise,直连,13.82
T14,7168.593,cruise,直连,13.87
T14,7169.591,cruise,直连,13.921
T14,7170.589,cruise,直连,13.972
T14,7171.588,cruise,直连,14.024
T14,7172.586,cruise,直连,14.075
T14,7173.584,cruise,直连,14.127
T14,7174.583,cruise,直连,14.18
T14,7175.581,cruise,直连,14.232
T14,7176.579,cruise,直连,14.285
T14,7177.577,cruise,直连,14.338
T14,7178.576,cruise,直连,14.392
T14,7179.574,cruise,直连,14.446
T14,7180.572,cruise,直连,14.5
T14,7181.571,cruise,直连,14.555
T14,7182.569,cruise,直连,14.61
T14,7183.567,cruise,直连,14.665
T14,7184.565,cruise,直连,14.72
T14,7185.564,cruise,直连,14.776
T14,7186.562,cruise,直连,14.832
T14,7187.56,cruise,直连,14.889
T14,7188.559,cruise,直连,14.946
T14,7189.557,cruise,直连,15.003
T14,7190.555,cruise,直连,15.061
T14,7191.553,cruise,直连,15.119
T14,7192.552,cruise,直连,15.178
T14,7193.55,cruise,直连,15.236
T14,7194.548,cruise,直连,15.296
T14,7195.547,cruise,直连,15.355
T14,7196.545,cruise,直连,15.415
T14,7197.543,cruise,直连,15.476
T14,7198.541,cruise,直连,15.536
T14,7199.54,cruise,直连,15.598
T14,7200.538,cruise,直连,15.659
T14,7201.536,cruise,直连,15.721
T14,7202.534,cruise,直连,15.784
T14,7203.533,cruise,直连,15.847
T14,7204.531,cruise,直连,15.91
T14,7205.529,cruise,直连,15.974
T14,7206.528,cruise,直连,16.038
T14,7207.526,cruise,直连,16.103
T14,7208.524,cruise,直连,16.168
T14,7209.522,cruise,直连,16.234
T14,7210.521,cruise,直连,16.3
T14,7211.519,cruise,直连,16.366
T14,7212.517,cruise,直连,16.433
T14,7213.516,cruise,直连,16.501
T14,7214.514,cruise,直连,16.569
T14,7215.512,cruise,直连,16.638
T14,7216.51,cruise,直连,16.707
T14,7217.509,cruise,直连,16.777
T14,7218.507,cruise,直连,16.847
T14,7219.505,cruise,直连,16.917
T14,7220.504,cruise,直连,16.989
T14,7221.502,cruise,直连,17.061
T14,7222.5,cruise,直连,17.133
T14,7223.498,cruise,直连,17.206
T14,7224.497,cruise,直连,17.28
T14,7225.495,cruise,直连,17.354
T14,7226.493,cruise,直连,17.428
T14,7227.492,cruise,直连,17.504
T14,7228.49,cruise,直连,17.58
T14,7229.488,cruise,直连,17.656
T14,7230.486,cruise,直连,17.734
T14,7231.485,cruise,直连,17.811
T14,7232.483,cruise,直连,17.89
T14,7233.481,cruise,直连,17.969
T14,7234.48,cruise,直连,18.049
T14,7235.478,cruise,直连,18.13
T14,7236.476,cruise,直连,18.211
T14,7237.474,cruise,直连,18.293
T14,7238.473,cruise,直连,18.376
T14,7239.471,cruise,直连,18.459
T14,7240.469,cruise,直连,18.543
T14,7241.468,cruise,直连,18.628
T14,7242.466,cruise,直连,18.714
T14,7243.464,cruise,直连,18.8
T14,7244.462,cruise,直连,18.888
T14,7245.461,cruise,直连,18.976
T14,7246.459,cruise,直连,19.064
T14,7247.457,cruise,直连,19.154
T14,7248.456,cruise,直连,19.245
T14,7249.454,cruise,直连,19.336
T14,7250.452,cruise,直连,19.429
T14,7251.45,cruise,直连,19.522
T14,7252.449,cruise,直连,19.616
T14,7253.447,cruise,直连,19.711
T14,7254.445,cruise,直连,19.807
T14,7255.444,cruise,直连,19.904
T14,7256.442,cruise,直连,20.002
T14,7257.44,cruise,直连,20.1
T14,7258.438,cruise,直连,20.2
T14,7259.437,cruise,直连,20.301
T14,7260.435,cruise,直连,20.403
T14,7261.433,cruise,直连,20.506
T14,7262.432,cruise,直连,20.61
T14,7263.43,cruise,直连,20.715
T14,7264.428,cruise,直连,20.821
T14,7265.426,cruise,直连,20.929
T14,7266.425,cruise,直连,21.037
T14,7267.423,cruise,直连,21.147
T14,7268.421,cruise,直连,21.258
T14,7269.42,cruise,直连,21.37
T14,7270.418,cruise,直连,21.483
T14,7271.416,cruise,直连,21.597
T14,7272.414,cruise,直连,21.713
T14,7273.413,cruise,直连,21.83
T14,7274.411,cruise,直连,21.948
T14,7275.409,cruise,直连,22.068
T14,7276.408,cruise,直连,22.189
T14,7277.406,cruise,直连,22.311
T14,7278.404,cruise,直连,22.435
T14,7279.402,cruise,直连,22.56
T14,7280.401,cruise,直连,22.686
T14,7281.399,cruise,直连,22.814
T14,7282.397,cruise,直连,22.943
T14,7283.395,cruise,直连,23.074
T14,7284.394,cruise,直连,23.206
T14,7285.392,cruise,直连,23.339
T14,7286.39,cruise,直连,23.474
T14,7287.389,cruise,直连,23.611
T14,7288.387,cruise,直连,23.749
T14,7289.385,cruise,直连,23.888
T14,7290.383,cruise,直连,24.029
T14,7291.382,cruise,直连,24.171
T14,7292.38,cruise,直连,24.315
T14,7293.378,cruise,直连,24.46
T14,7294.377,cruise,直连,24.607
T14,7295.375,cruise,直连,24.755
T14,7296.373,cruise,直连,24.905
T14,7297.371,cruise,直连,25.056
T14,7298.37,cruise,直连,25.208
T14,7299.368,cruise,直连,25.361
T14,7300.366,cruise,直连,25.516
T14,7301.365,cruise,直连,25.671
T14,7302.363,cruise,直连,25.828
T14,7303.361,cruise,直连,25.986
T14,7304.359,cruise,直连,26.144
T14,7305.358,cruise,直连,26.303
T14,7306.356,cruise,直连,26.463
T14,7307.354,cruise,直连,26.623
T14,7308.353,cruise,直连,26.783
T14,7309.351,cruise,直连,26.943
T14,7310.349,cruise,直连,27.103
T14,7311.347,cruise,直连,27.263
T14,7312.346,cruise,直连,27.421
T14,7313.344,cruise,直连,27.579
T14,7314.342,cruise,直连,27.735
T14,7315.341,cruise,直连,27.889
T14,7316.339,cruise,直连,28.041
T14,7317.337,cruise,直连,28.19
T14,7318.335,cruise,直连,28.336
T14,7319.334,cruise,直连,28.479
T14,7320.332,cruise,直连,28.617
T14,7321.33,cruise,直连,28.75
T14,7322.329,cruise,直连,28.878
T14,7323.327,cruise,直连,29.0
T14,7324.325,cruise,直连,29.115
T14,7325.323,cruise,直连,29.223
T14,7326.322,cruise,直连,29.323
T14,7327.32,cruise,直连,29.414
T14,7328.318,cruise,直连,29.497
T14,7329.317,cruise,直连,29.569
T14,7330.315,cruise,直连,29.632
T14,7331.313,cruise,直连,29.683
T14,7332.311,cruise,直连,29.724
T14,7333.31,cruise,直连,29.753
T14,7334.308,cruise,直连,29.771
T14,7335.306,cruise,直连,29.777
T14,7335.306,descent,直连,29.777
T14,7336.306,descent,直连,29.82
T14,7337.306,descent,直连,29.863
T14,7338.306,descent,直连,29.906
T14,7339.305,descent,直连,29.95
T14,7340.305,descent,直连,29.994
T14,7341.305,descent,直连,30.038
T14,7342.305,descent,直连,30.082
T14,7343.305,descent,直连,30.126
T14,7344.304,descent,直连,30.171
T14,7345.304,descent,直连,30.216
T14,7346.304,descent,直连,30.261
T14,7347.304,descent,直连,30.306
T14,7348.304,descent,直连,30.352
T14,7349.304,descent,直连,30.398
T14,7350.303,descent,直连,30.444
T14,7351.303,descent,直连,30.49
T14,7352.303,descent,直连,30.537
T14,7353.303,descent,直连,30.584
T14,7354.303,descent,直连,30.631
T14,7355.302,descent,直连,30.678
T14,7356.302,descent,直连,30.726
T14,7357.302,descent,直连,30.773
T14,7358.302,descent,直连,30.822
T14,7359.302,descent,直连,30.87
T14,7360.301,descent,直连,30.919
T14,7361.301,descent,直连,30.968
T14,7362.301,descent,直连,31.017
T14,7363.301,descent,直连,31.066
T14,7364.301,descent,直连,31.116
T14,7365.3,descent,直连,31.166
T14,7366.3,descent,直连,31.216
T14,7367.3,descent,直连,31.267
T14,7368.3,descent,直连,31.318
T14,7369.3,descent,直连,31.369
T14,7370.299,descent,直连,31.421
T14,7371.299,descent,直连,31.473
T14,7372.299,descent,直连,31.525
T14,7373.299,descent,直连,31.577
T14,7374.299,descent,直连,31.63
T14,7375.298,descent,直连,31.683
T14,7376.298,descent,直连,31.737
T14,7377.298,descent,直连,31.79
T14,7378.298,descent,直连,31.845
T14,7379.298,descent,直连,31.899
T14,7380.297,descent,直连,31.954
T14,7381.297,descent,直连,32.009
T14,7382.297,descent,直连,32.065
T14,7383.297,descent,直连,32.12
T14,7384.297,descent,直连,32.177
T14,7385.296,descent,直连,32.233
T14,7386.296,descent,直连,32.29
T14,7387.296,descent,直连,32.347
T14,7388.296,descent,直连,32.405
T14,7389.296,descent,直连,32.463
T14,7390.295,descent,直连,32.522
T14,7391.295,descent,直连,32.581
T14,7392.295,descent,直连,32.64
T14,7393.295,descent,直连,32.7
T14,7394.295,descent,直连,32.76
T14,7395.294,descent,直连,32.82
T14,7396.294,descent,直连,32.881
T14,7397.294,descent,直连,32.943
T14,7398.294,descent,直连,33.004
T14,7399.294,descent,直连,33.067
T14,7400.293,descent,直连,33.129
T14,7401.293,descent,直连,33.193
T14,7402.293,descent,直连,33.256
T14,7403.293,descent,直连,33.32
T14,7404.293,descent,直连,33.385
T14,7405.292,descent,直连,33.45
T14,7406.292,descent,直连,33.516
T14,7407.292,descent,直连,33.582
T14,7408.292,descent,直连,33.648
T14,7409.292,descent,直连,33.715
T14,7410.291,descent,直连,33.783
T14,7411.291,descent,直连,33.851
T14,7412.291,descent,直连,33.92
T14,7413.291,descent,直连,33.989
T14,7414.291,descent,直连,34.059
T14,7415.29,descent,直连,34.129
T14,7416.29,descent,直连,34.2
T14,7417.29,descent,直连,34.271
T14,7418.29,descent,直连,34.343
T14,7419.29,descent,直连,34.416
T14,7420.289,descent,直连,34.489
T14,7421.289,descent,直连,34.563
T14,7422.289,descent,直连,34.638
T14,7423.289,descent,直连,34.713
T14,7424.289,descent,直连,34.789
T14,7425.289,descent,直连,34.865
T14,7426.288,descent,直连,34.943
T14,7427.288,descent,直连,35.021
T14,7428.288,descent,直连,35.099
T14,7429.288,descent,直连,35.179
T14,7430.288,descent,直连,35.259
T14,7431.287,descent,直连,35.339
T14,7432.287,descent,直连,35.421
T14,7433.287,descent,直连,35.503
T14,7434.287,descent,直连,35.586
T14,7435.287,descent,直连,35.67
T14,7436.286,descent,直连,35.755
T14,7437.286,descent,直连,35.841
T14,7438.286,descent,直连,35.927
T14,7439.286,descent,直连,36.014
T14,7440.286,descent,直连,36.103
T14,7441.285,descent,直连,36.192
T14,7442.285,descent,直连,36.282
T14,7443.285,descent,直连,36.373
T14,7444.285,descent,直连,36.465
T14,7445.285,descent,直连,36.557
T14,7446.284,descent,直连,36.651
T14,7447.284,descent,直连,36.746
T14,7448.284,descent,直连,36.842
T14,7449.284,descent,直连,36.939
T14,7450.284,descent,直连,37.037
T14,7451.283,descent,直连,37.137
T14,7452.283,descent,直连,37.237
T14,7453.283,descent,直连,37.339
T14,7454.283,descent,直连,37.442
T14,7455.283,descent,直连,37.546
T14,7456.282,descent,直连,37.651
T14,7457.282,descent,直连,37.757
T14,7458.282,descent,直连,37.865
T14,7459.282,descent,直连,37.975
T14,7460.282,descent,直连,38.085
T14,7461.281,descent,直连,38.197
T14,7462.281,descent,直连,38.311
T14,7463.281,descent,直连,38.426
T14,7464.281,descent,直连,38.542
T14,7465.281,descent,直连,38.661
T14,7466.28,descent,直连,38.78
T14,7467.28,descent,直连,38.902
T14,7468.28,descent,直连,39.025
T14,7469.28,descent,直连,39.15
T14,7470.28,descent,直连,39.277
T14,7471.279,descent,直连,39.406
T14,7472.279,descent,直连,39.536
T14,7473.279,descent,直连,39.669
T14,7474.279,descent,直连,39.804
T14,7475.279,descent,直连,39.94
T14,7476.278,descent,直连,40.079
T14,7477.278,descent,直连,40.221
T14,7478.278,descent,直连,40.364
T14,7479.278,descent,直连,40.51
T14,7480.278,descent,直连,40.659
T14,7481.277,descent,直连,40.81
T14,7482.277,descent,直连,40.963
T14,7483.277,descent,直连,41.12
T14,7484.277,descent,直连,41.279
T14,7485.277,descent,直连,41.442
T14,7486.276,descent,直连,41.607
T14,7487.276,descent,直连,41.776
T14,7488.276,descent,直连,41.948
T14,7489.276,descent,直连,42.123
T14,7490.276,descent,直连,42.302
T14,7491.275,descent,直连,42.485
T14,7492.275,descent,直连,42.672
T14,7493.275,descent,直连,42.863
T14,7494.275,descent,直连,43.058
T14,7495.275,descent,直连,43.258
T14,7496.275,descent,直连,43.462
T14,7497.274,descent,直连,43.672
T14,7498.274,descent,直连,43.886
T14,7499.274,descent,直连,44.106
T14,7500.274,descent,直连,44.332
T14,7501.274,descent,直连,44.563
T14,7502.273,descent,直连,44.801
T14,7503.273,descent,直连,45.046
T14,7504.273,descent,直连,45.298
T14,7505.273,descent,直连,45.557
T14,7506.273,descent,直连,45.824
T14,7507.272,descent,直连,46.1
T14,7508.272,descent,直连,46.385
T14,7509.272,descent,直连,46.68
T14,7510.272,descent,直连,46.984
T14,7511.272,descent,直连,47.3
T14,7512.271,descent,直连,47.628
T14,7513.271,descent,直连,47.969
T14,7514.271,descent,直连,48.323
T14,7515.271,descent,直连,48.693
T14,7516.271,descent,直连,49.079
T14,7517.27,descent,直连,49.483
T14,7518.27,descent,直连,49.907
T14,7519.27,descent,直连,50.353
T14,7520.27,descent,直连,50.822
T14,7521.27,descent,直连,51.319
T14,7522.269,descent,直连,51.846
T14,7523.269,descent,直连,52.406
T14,7524.269,descent,直连,53.006
T14,7525.269,descent,直连,53.649
T14,7526.269,descent,直连,54.345
T14,7527.268,descent,直连,55.101
T14,7528.268,descent,直连,55.929
T14,7529.268,descent,直连,56.844
T14,7530.268,descent,直连,57.867
T14,7531.268,descent,直连,59.027
T14,7532.267,descent,直连,60.367
T14,7533.267,descent,直连,61.951
T14,7534.267,descent,直连,63.89
T14,7535.267,descent,直连,66.39
T14,7536.267,descent,直连,69.915
T14,7537.266,descent,直连,75.944
T14,7538.266,descent,直连,130.022
T14,7539.266,descent,直连,75.91
T14,7540.266,descent,直连,69.898
T14,7541.266,descent,直连,66.379
T14,7542.265,descent,直连,63.881
T14,7543.265,descent,直连,61.944
T14,7544.265,descent,直连,60.361
T14,7545.265,descent,直连,59.022
T14,7546.265,descent,直连,57.863
T14,7547.264,descent,直连,56.84
T14,7548.264,descent,直连,45.925
T15,4009.1,climb,直连,45.925
T15,4010.094,climb,直连,57.077
T15,4011.087,climb,直连,58.406
T15,4012.081,climb,直连,59.975
T15,4013.075,climb,直连,61.892
T15,4014.069,climb,直连,64.355
T15,4015.062,climb,直连,67.805
T15,4016.056,climb,直连,73.615
T15,4017.05,climb,直连,100.007
T15,4018.044,climb,直连,74.49
T15,4019.037,climb,直连,68.242
T15,4020.031,climb,直连,64.646
T15,4021.025,climb,直连,62.11
T15,4022.019,climb,直连,60.15
T15,4023.012,climb,直连,58.552
T15,4024.006,climb,直连,57.202
T15,4025.0,climb,直连,56.034
T15,4025.994,climb,直连,55.005
T15,4026.987,climb,直连,54.085
T15,4027.981,climb,直连,53.253
T15,4028.975,climb,直连,52.494
T15,4029.969,climb,直连,51.796
T15,4030.962,climb,直连,51.15
T15,4031.956,climb,直连,50.549
T15,4032.95,climb,直连,49.986
T15,4033.944,climb,直连,49.458
T15,4034.937,climb,直连,48.96
T15,4035.931,climb,直连,48.489
T15,4036.925,climb,直连,48.043
T15,4037.919,climb,直连,47.618
T15,4038.912,climb,直连,47.213
T15,4039.906,climb,直连,46.826
T15,4040.9,climb,直连,46.455
T15,4041.894,climb,直连,46.1
T15,4042.887,climb,直连,45.759
T15,4043.881,climb,直连,45.43
T15,4044.875,climb,直连,45.114
T15,4045.869,climb,直连,44.809
T15,4046.862,climb,直连,44.514
T15,4047.856,climb,直连,44.228
T15,4048.85,climb,直连,43.952
T15,4049.844,climb,直连,43.684
T15,4050.837,climb,直连,43.425
T15,4051.831,climb,直连,43.173
T15,4052.825,climb,直连,42.928
T15,4053.819,climb,直连,42.689
T15,4054.812,climb,直连,42.457
T15,4055.806,climb,直连,42.231
T15,4056.8,climb,直连,42.011
T15,4057.794,climb,直连,41.796
T15,4058.787,climb,直连,41.587
T15,4059.781,climb,直连,41.382
T15,4060.775,climb,直连,41.182
T15,4061.769,climb,直连,40.987
T15,4062.762,climb,直连,40.796
T15,4063.756,climb,直连,40.609
T15,4064.75,climb,直连,40.426
T15,4065.744,climb,直连,40.246
T15,4066.737,climb,直连,40.071
T15,4067.731,climb,直连,39.899
T15,4068.725,climb,直连,39.73
T15,4069.719,climb,直连,39.564
T15,4070.712,climb,直连,39.402
T15,4071.706,climb,直连,39.242
T15,4072.7,climb,直连,39.085
T15,4073.694,climb,直连,38.932
T15,4074.687,climb,直连,38.78
T15,4075.681,climb,直连,38.632
T15,4076.675,climb,直连,38.486
T15,4077.669,climb,直连,38.342
T15,4078.662,climb,直连,38.201
T15,4079.656,climb,直连,38.062
T15,4080.65,climb,直连,37.925
T15,4081.644,climb,直连,37.79
T15,4082.637,climb,直连,37.657
T15,4083.631,climb,直连,37.526
T15,4084.625,climb,直连,37.398
T15,4085.619,climb,直连,37.271
T15,4086.612,climb,直连,37.146
T15,4087.606,climb,直连,37.022
T15,4088.6,climb,直连,36.901
T15,4089.594,climb,直连,36.781
T15,4090.587,climb,直连,36.663
T15,4091.581,climb,直连,36.546
T15,4092.575,climb,直连,36.431
T15,4093.569,climb,直连,36.317
T15,4094.562,climb,直连,36.205
T15,4095.556,climb,直连,36.094
T15,4096.55,climb,直连,35.985
T15,4097.544,climb,直连,35.877
T15,4098.537,climb,直连,35.77
T15,4099.531,climb,直连,35.665
T15,4100.525,climb,直连,35.561
T15,4101.519,climb,直连,35.458
T15,4102.512,climb,直连,35.357
T15,4103.506,climb,直连,35.256
T15,4104.5,climb,直连,35.157
T15,4105.494,climb,直连,35.059
T15,4106.487,climb,直连,34.961
T15,4107.481,climb,直连,34.865
T15,4108.475,climb,直连,34.77
T15,4109.469,climb,直连,34.676
T15,4110.462,climb,直连,34.584
T15,4111.456,climb,直连,34.492
T15,4112.45,climb,直连,34.401
T15,4113.444,climb,直连,34.311
T15,4114.437,climb,直连,34.221
T15,4115.431,climb,直连,34.133
T15,4116.425,climb,直连,34.046
T15,4117.419,climb,直连,33.959
T15,4117.419,cruise,直连,33.959
T15,4118.417,cruise,直连,33.944
T15,4119.416,cruise,直连,33.898
T15,4120.415,cruise,直连,33.822
T15,4121.413,cruise,直连,33.718
T15,4122.412,cruise,直连,33.588
T15,4123.411,cruise,直连,33.435
T15,4124.409,cruise,直连,33.26
T15,4125.408,cruise,直连,33.066
T15,4126.407,cruise,直连,32.857
T15,4127.405,cruise,直连,32.634
T15,4128.404,cruise,直连,32.401
T15,4129.403,cruise,直连,32.159
T15,4130.401,cruise,直连,31.91
T15,4131.4,cruise,直连,31.657
T15,4132.399,cruise,直连,31.4
T15,4133.397,cruise,直连,31.141
T15,4134.396,cruise,直连,30.882
T15,4135.395,cruise,直连,30.623
T15,4136.393,cruise,直连,30.365
T15,4137.392,cruise,直连,30.109
T15,4138.391,cruise,直连,29.854
T15,4139.389,cruise,直连,29.603
T15,4140.388,cruise,直连,29.354
T15,4141.387,cruise,直连,29.109
T15,4142.385,cruise,直连,28.868
T15,4143.384,cruise,直连,28.63
T15,4144.383,cruise,直连,28.395
T15,4145.381,cruise,直连,28.165
T15,4146.38,cruise,直连,27.938
T15,4147.379,cruise,直连,27.716
T15,4148.377,cruise,直连,27.497
T15,4149.376,cruise,直连,27.282
T15,4150.375,cruise,直连,27.071
T15,4151.373,cruise,直连,26.863
T15,4152.372,cruise,直连,26.659
T15,4153.371,cruise,直连,26.459
T15,4154.369,cruise,直连,26.263
T15,4155.368,cruise,直连,26.069
T15,4156.367,cruise,直连,25.88
T15,4157.365,cruise,直连,25.693
T15,4158.364,cruise,直连,25.51
T15,4159.363,cruise,直连,25.33
T15,4160.361,cruise,直连,25.153
T15,4161.36,cruise,直连,24.979
T15,4162.359,cruise,直连,24.808
T15,4163.357,cruise,直连,24.64
T15,4164.356,cruise,直连,24.475
T15,4165.355,cruise,直连,24.312
T15,4166.353,cruise,直连,24.152
T15,4167.352,cruise,直连,23.995
T15,4168.351,cruise,直连,23.84
T15,4169.349,cruise,直连,23.687
T15,4170.348,cruise,直连,23.537
T15,4171.347,cruise,直连,23.389
T15,4172.345,cruise,直连,23.243
T15,4173.344,cruise,直连,23.1
T15,4174.343,cruise,直连,22.959
T15,4175.341,cruise,直连,22.819
T15,4176.34,cruise,直连,22.682
T15,4177.339,cruise,直连,22.547
T15,4178.337,cruise,直连,22.414
T15,4179.336,cruise,直连,22.282
T15,4180.335,cruise,直连,22.152
T15,4181.333,cruise,直连,22.024
T15,4182.332,cruise,直连,21.898
T15,4183.331,cruise,直连,21.774
T15,4184.329,cruise,直连,21.651
T15,4185.328,cruise,直连,21.53
T15,4186.327,cruise,直连,21.41
T15,4187.325,cruise,直连,21.292
T15,4188.324,cruise,直连,21.175
T15,4189.323,cruise,直连,21.06
T15,4190.321,cruise,直连,20.946
T15,4191.32,cruise,直连,20.834
T15,4192.319,cruise,直连,20.723
T15,4193.317,cruise,直连,20.613
T15,4194.316,cruise,直连,20.505
T15,4195.315,cruise,直连,20.398
T15,4196.313,cruise,直连,20.292
T15,4197.312,cruise,直连,20.188
T15,4198.311,cruise,直连,20.084
T15,4199.309,cruise,直连,19.982
T15,4200.308,cruise,直连,19.881
T15,4201.307,cruise,直连,19.781
T15,4202.305,cruise,直连,19.682
T15,4203.304,cruise,直连,19.584
T15,4204.303,cruise,直连,19.487
T15,4205.301,cruise,直连,19.391
T15,4206.3,cruise,直连,19.297
T15,4207.299,cruise,直连,19.203
T15,4208.297,cruise,直连,19.11
T15,4209.296,cruise,直连,19.018
T15,4210.295,cruise,直连,18.927
T15,4211.293,cruise,直连,18.837
T15,4212.292,cruise,直连,18.748
T15,4213.291,cruise,直连,18.66
T15,4214.289,cruise,直连,18.573
T15,4215.288,cruise,直连,18.486
T15,4216.287,cruise,直连,18.4
T15,4217.285,cruise,直连,18.315
T15,4218.284,cruise,直连,18.231
T15,4219.283,cruise,直连,18.148
T15,4220.281,cruise,直连,18.066
T15,4221.28,cruise,直连,17.984
T15,4222.279,cruise,直连,17.903
T15,4223.277,cruise,直连,17.822
T15,4224.276,cruise,直连,17.743
T15,4225.275,cruise,直连,17.664
T15,4226.273,cruise,直连,17.586
T15,4227.272,cruise,直连,17.508
T15,4228.271,cruise,直连,17.431
T15,4229.269,cruise,直连,17.355
T15,4230.268,cruise,直连,17.28
T15,4231.267,cruise,直连,17.205
T15,4232.265,cruise,直连,17.131
T15,4233.264,cruise,直连,17.057
T15,4234.263,cruise,直连,16.984
T15,4235.261,cruise,直连,16.911
T15,4236.26,cruise,直连,16.839
T15,4237.259,cruise,直连,16.768
T15,4238.257,cruise,直连,16.697
T15,4239.256,cruise,直连,16.627
T15,4240.255,cruise,直连,16.558
T15,4241.253,cruise,直连,16.489
T15,4242.252,cruise,直连,16.42
T15,4243.251,cruise,直连,16.352
T15,4244.249,cruise,直连,16.285
T15,4245.248,cruise,直连,16.218
T15,4246.247,cruise,直连,16.151
T15,4247.245,cruise,直连,16.085
T15,4248.244,cruise,直连,16.02
T15,4249.243,cruise,直连,15.955
T15,4250.241,cruise,直连,15.89
T15,4251.24,cruise,直连,15.826
T15,4252.239,cruise,直连,15.763
T15,4253.237,cruise,直连,15.699
T15,4254.236,cruise,直连,15.637
T15,4255.235,cruise,直连,15.575
T15,4256.233,cruise,直连,15.513
T15,4257.232,cruise,直连,15.451
T15,4258.231,cruise,直连,15.39
T15,4259.229,cruise,直连,15.33
T15,4260.228,cruise,直连,15.27
T15,4261.227,cruise,直连,15.21
T15,4262.225,cruise,直连,15.151
T15,4263.224,cruise,直连,15.092
T15,4264.223,cruise,直连,15.033
T15,4265.221,cruise,直连,14.975
T15,4266.22,cruise,直连,14.917
T15,4267.219,cruise,直连,14.86
T15,4268.217,cruise,直连,14.803
T15,4269.216,cruise,直连,14.746
T15,4270.215,cruise,直连,14.69
T15,4271.213,cruise,直连,14.634
T15,4272.212,cruise,直连,14.579
T15,4273.211,cruise,直连,14.523
T15,4274.209,cruise,直连,14.468
T15,4275.208,cruise,直连,14.414
T15,4276.207,cruise,直连,14.36
T15,4277.205,cruise,直连,14.306
T15,4278.204,cruise,直连,14.252
T15,4279.203,cruise,直连,14.199
T15,4280.201,cruise,直连,14.146
T15,4281.2,cruise,直连,14.094
T15,4282.199,cruise,直连,14.041
T15,4283.197,cruise,直连,13.989
T15,4284.196,cruise,直连,13.938
T15,4285.195,cruise,直连,13.886
T15,4286.193,cruise,直连,13.835
T15,4287.192,cruise,直连,13.785
T15,4288.191,cruise,直连,13.734
T15,4289.189,cruise,直连,13.684
T15,4290.188,cruise,直连,13.634
T15,4291.187,cruise,直连,13.585
T15,4292.185,cruise,直连,13.535
T15,4293.184,cruise,直连,13.486
T15,4294.183,cruise,直连,13.437
T15,4295.181,cruise,直连,13.389
T15,4296.18,cruise,直连,13.341
T15,4297.179,cruise,直连,13.293
T15,4298.177,cruise,直连,13.245
T15,4299.176,cruise,直连,13.198
T15,4300.175,cruise,直连,13.15
T15,4301.173,cruise,直连,13.103
T15,4302.172,cruise,直连,13.057
T15,4303.171,cruise,直连,13.01
T15,4304.169,cruise,直连,12.964
T15,4305.168,cruise,直连,12.918
T15,4306.167,cruise,直连,12.872
T15,4307.165,cruise,直连,12.827
T15,4308.164,cruise,直连,12.782
T15,4309.163,cruise,直连,12.737
T15,4310.161,cruise,直连,12.692
T15,4311.16,cruise,直连,12.647
T15,4312.159,cruise,直连,12.603
T15,4313.157,cruise,直连,12.559
T15,4314.156,cruise,直连,12.515
T15,4315.155,cruise,直连,12.471
T15,4316.153,cruise,直连,12.428
T15,4317.152,cruise,直连,12.385
T15,4318.151,cruise,直连,12.342
T15,4319.149,cruise,直连,12.299
T15,4320.148,cruise,直连,12.256
T15,4321.147,cruise,直连,12.214
T15,4322.145,cruise,直连,12.172
T15,4323.144,cruise,直连,12.13
T15,4324.143,cruise,直连,12.088
T15,4325.141,cruise,直连,12.046
T15,4326.14,cruise,直连,12.005
T15,4327.139,cruise,直连,11.964
T15,4328.137,cruise,直连,11.923
T15,4329.136,cruise,直连,11.882
T15,4330.135,cruise,直连,11.841
T15,4331.133,cruise,直连,11.801
T15,4332.132,cruise,直连,11.761
T15,4333.131,cruise,直连,11.72
T15,4334.129,cruise,直连,11.681
T15,4335.128,cruise,直连,11.641
T15,4336.127,cruise,直连,11.601
T15,4337.125,cruise,直连,11.562
T15,4338.124,cruise,直连,11.523
T15,4339.123,cruise,直连,11.484
T15,4340.121,cruise,直连,11.445
T15,4341.12,cruise,直连,11.406
T15,4342.119,cruise,直连,11.368
T15,4343.117,cruise,直连,11.33
T15,4344.116,cruise,直连,11.291
T15,4345.115,cruise,直连,11.254
T15,4346.113,cruise,直连,11.216
T15,4347.112,cruise,直连,11.178
T15,4348.111,cruise,直连,11.141
T15,4349.109,cruise,直连,11.103
T15,4350.108,cruise,直连,11.066
T15,4351.107,cruise,直连,11.029
T15,4352.105,cruise,直连,10.992
T15,4353.104,cruise,直连,10.956
T15,4354.103,cruise,直连,10.919
T15,4355.101,cruise,直连,10.883
T15,4356.1,cruise,直连,10.846
T15,4357.099,cruise,直连,10.81
T15,4358.097,cruise,直连,10.774
T15,4359.096,cruise,直连,10.739
T15,4360.095,cruise,直连,10.703
T15,4361.093,cruise,直连,10.667
T15,4362.092,cruise,直连,10.632
T15,4363.091,cruise,直连,10.597
T15,4364.089,cruise,直连,10.562
T15,4365.088,cruise,直连,10.527
T15,4366.087,cruise,直连,10.492
T15,4367.085,cruise,直连,10.457
T15,4368.084,cruise,直连,10.423
T15,4369.083,cruise,直连,10.388
T15,4370.081,cruise,直连,10.354
T15,4371.08,cruise,直连,10.32
T15,4372.079,cruise,直连,10.286
T15,4373.077,cruise,直连,10.252
T15,4374.076,cruise,直连,10.218
T15,4375.075,cruise,直连,10.185
T15,4376.073,cruise,直连,10.151
T15,4377.072,cruise,直连,10.118
T15,4378.071,cruise,直连,10.085
T15,4379.069,cruise,直连,10.052
T15,4380.068,cruise,直连,10.019
T15,4381.067,cruise,直连,9.986
T15,4382.065,cruise,直连,9.953
T15,4383.064,cruise,直连,9.921
T15,4384.063,cruise,直连,9.888
T15,4385.061,cruise,直连,9.856
T15,4386.06,cruise,直连,9.824
T15,4387.059,cruise,直连,9.792
T15,4388.057,cruise,直连,9.76
T15,4389.056,cruise,直连,9.728
T15,4390.055,cruise,直连,9.696
T15,4391.053,cruise,直连,9.664
T15,4392.052,cruise,直连,9.633
T15,4393.051,cruise,直连,9.601
T15,4394.049,cruise,直连,9.57
T15,4395.048,cruise,直连,9.539
T15,4396.047,cruise,直连,9.508
T15,4397.045,cruise,直连,9.477
T15,4398.044,cruise,直连,9.446
T15,4399.043,cruise,直连,9.415
T15,4400.041,cruise,直连,9.385
T15,4401.04,cruise,直连,9.354
T15,4402.039,cruise,直连,9.324
T15,4403.037,cruise,直连,9.293
T15,4404.036,cruise,直连,9.263
T15,4405.034,cruise,直连,9.233
T15,4406.033,cruise,直连,9.203
T15,4407.032,cruise,直连,9.173
T15,4408.03,cruise,直连,9.143
T15,4409.029,cruise,直连,9.114
T15,4410.028,cruise,直连,9.084
T15,4411.026,cruise,直连,9.055
T15,4412.025,cruise,直连,9.025
T15,4413.024,cruise,直连,8.996
T15,4414.022,cruise,直连,8.967
T15,4415.021,cruise,直连,8.938
T15,4416.02,cruise,直连,8.909
T15,4417.018,cruise,直连,8.88
T15,4418.017,cruise,直连,8.851
T15,4419.016,cruise,直连,8.822
T15,4420.014,cruise,直连,8.793
T15,4421.013,cruise,直连,8.765
T15,4422.012,cruise,直连,8.736
T15,4423.01,cruise,直连,8.708
T15,4424.009,cruise,直连,8.68
T15,4425.008,cruise,直连,8.652
T15,4426.006,cruise,直连,8.624
T15,4427.005,cruise,直连,8.596
T15,4428.004,cruise,直连,8.568
T15,4429.002,cruise,直连,8.54
T15,4430.001,cruise,直连,8.512
T15,4431.0,cruise,直连,8.485
T15,4431.998,cruise,直连,8.457
T15,4432.997,cruise,直连,8.43
T15,4433.996,cruise,直连,8.402
T15,4434.994,cruise,直连,8.375
T15,4435.993,cruise,直连,8.348
T15,4436.992,cruise,直连,8.321
T15,4437.99,cruise,直连,8.294
T15,4438.989,cruise,直连,8.267
T15,4439.988,cruise,直连,8.24
T15,4440.986,cruise,直连,8.213
T15,4441.985,cruise,直连,8.186
T15,4442.984,cruise,直连,8.16
T15,4443.982,cruise,直连,8.133
T15,4444.981,cruise,直连,8.107
T15,4445.98,cruise,直连,8.08
T15,4446.978,cruise,直连,8.054
T15,4447.977,cruise,直连,8.028
T15,4448.976,cruise,直连,8.002
T15,4449.974,cruise,直连,7.976
T15,4450.973,cruise,直连,7.95
T15,4451.972,cruise,直连,7.924
T15,4452.97,cruise,直连,7.898
T15,4453.969,cruise,直连,7.872
T15,4454.968,cruise,直连,7.847
T15,4455.966,cruise,直连,7.821
T15,4456.965,cruise,直连,7.795
T15,4457.964,cruise,直连,7.77
T15,4458.962,cruise,直连,7.745
T15,4459.961,cruise,直连,7.719
T15,4460.96,cruise,直连,7.694
T15,4461.958,cruise,直连,7.669
T15,4462.957,cruise,直连,7.644
T15,4463.956,cruise,直连,7.619
T15,4464.954,cruise,直连,7.594
T15,4465.953,cruise,直连,7.569
T15,4466.952,cruise,直连,7.544
T15,4467.95,cruise,直连,7.52
T15,4468.949,cruise,直连,7.495
T15,4469.948,cruise,直连,7.47
T15,4470.946,cruise,直连,7.446
T15,4471.945,cruise,直连,7.421
T15,4472.944,cruise,直连,7.397
T15,4473.942,cruise,直连,7.373
T15,4474.941,cruise,直连,7.348
T15,4475.94,cruise,直连,7.324
T15,4476.938,cruise,直连,7.3
T15,4477.937,cruise,直连,7.276
T15,4478.936,cruise,直连,7.252
T15,4479.934,cruise,直连,7.228
T15,4480.933,cruise,直连,7.204
T15,4481.932,cruise,直连,7.181
T15,4482.93,cruise,直连,7.157
T15,4483.929,cruise,直连,7.133
T15,4484.928,cruise,直连,7.11
T15,4485.926,cruise,直连,7.086
T15,4486.925,cruise,直连,7.063
T15,4487.924,cruise,直连,7.039
T15,4488.922,cruise,直连,7.016
T15,4489.921,cruise,直连,6.993
T15,4490.92,cruise,直连,6.969
T15,4491.918,cruise,直连,6.946
T15,4492.917,cruise,直连,6.923
T15,4493.916,cruise,直连,6.9
T15,4494.914,cruise,直连,6.877
T15,4495.913,cruise,直连,6.854
T15,4496.912,cruise,直连,6.831
T15,4497.91,cruise,直连,6.809
T15,4498.909,cruise,直连,6.786
T15,4499.908,cruise,直连,6.763
T15,4500.906,cruise,直连,6.741
T15,4501.905,cruise,直连,6.718
T15,4502.904,cruise,直连,6.696
T15,4503.902,cruise,直连,6.673
T15,4504.901,cruise,直连,6.651
T15,4505.9,cruise,直连,6.629
T15,4506.898,cruise,直连,6.606
T15,4507.897,cruise,直连,6.584
T15,4508.896,cruise,直连,6.562
T15,4509.894,cruise,直连,6.54
T15,4510.893,cruise,直连,6.518
T15,4511.892,cruise,直连,6.496
T15,4512.89,cruise,中继,5.043
T15,4513.889,cruise,直连,6.452
T15,4514.888,cruise,直连,6.43
T15,4515.886,cruise,中继,4.991
T15,4516.885,cruise,中继,4.974
T15,4517.884,cruise,直连,6.365
T15,4518.882,cruise,中继,4.939
T15,4519.881,cruise,中继,4.921
T15,4520.88,cruise,中继,4.903
T15,4521.878,cruise,中继,4.885
T15,4522.877,cruise,中继,4.867
T15,4523.876,cruise,中继,4.849
T15,4524.874,cruise,中继,4.831
T15,4525.873,cruise,中继,4.813
T15,4526.872,cruise,中继,4.795
T15,4527.87,cruise,中继,4.777
T15,4528.869,cruise,中继,4.759
T15,4529.868,cruise,中继,4.74
T15,4530.866,cruise,中继,4.722
T15,4531.865,cruise,中继,4.703
T15,4532.864,cruise,中继,4.684
T15,4533.862,cruise,中继,4.666
T15,4534.861,cruise,中继,4.647
T15,4535.86,cruise,中继,4.628
T15,4536.858,cruise,中继,4.609
T15,4537.857,cruise,中继,4.59
T15,4538.856,cruise,中继,4.571
T15,4539.854,cruise,中继,4.552
T15,4540.853,cruise,中继,4.533
T15,4541.852,cruise,中继,4.514
T15,4542.85,cruise,中继,4.495
T15,4543.849,cruise,中继,4.476
T15,4544.848,cruise,中继,4.456
T15,4545.846,cruise,中继,4.437
T15,4546.845,cruise,中继,4.418
T15,4547.844,cruise,中继,4.398
T15,4548.842,cruise,中继,4.379
T15,4549.841,cruise,中继,4.359
T15,4550.84,cruise,中继,4.339
T15,4551.838,cruise,中继,4.32
T15,4552.837,cruise,中继,4.3
T15,4553.836,cruise,中继,4.28
T15,4554.834,cruise,中继,4.26
T15,4555.833,cruise,中继,4.241
T15,4556.832,cruise,中继,4.221
T15,4557.83,cruise,中继,4.201
T15,4558.829,cruise,中继,4.181
T15,4559.828,cruise,中继,4.161
T15,4560.826,cruise,中继,4.141
T15,4561.825,cruise,中继,4.121
T15,4562.824,cruise,中继,4.101
T15,4563.822,cruise,中继,4.08
T15,4564.821,cruise,中继,4.06
T15,4565.82,cruise,中继,4.04
T15,4566.818,cruise,中继,4.02
T15,4567.817,cruise,中继,4.0
T15,4568.816,cruise,中继,3.979
T15,4569.814,cruise,中继,3.959
T15,4570.813,cruise,中继,3.939
T15,4571.812,cruise,中继,3.918
T15,4572.81,cruise,中继,3.898
T15,4573.809,cruise,中继,3.877
T15,4574.808,cruise,中继,3.857
T15,4575.806,cruise,中继,3.836
T15,4576.805,cruise,中继,3.816
T15,4577.804,cruise,中继,3.795
T15,4578.802,cruise,中继,3.775
T15,4579.801,cruise,中继,3.754
T15,4580.8,cruise,中继,3.734
T15,4581.798,cruise,中继,3.713
T15,4582.797,cruise,中继,3.692
T15,4583.796,cruise,中继,3.672
T15,4584.794,cruise,中继,3.651
T15,4585.793,cruise,中继,3.63
T15,4586.792,cruise,中继,3.61
T15,4587.79,cruise,中继,3.589
T15,4588.789,cruise,中继,3.568
T15,4589.788,cruise,中继,3.548
T15,4590.786,cruise,中继,3.527
T15,4591.785,cruise,中继,3.506
T15,4592.784,cruise,中继,3.485
T15,4593.782,cruise,中继,3.465
T15,4594.781,cruise,中继,3.444
T15,4595.78,cruise,中继,3.423
T15,4596.778,cruise,中继,3.402
T15,4597.777,cruise,中继,3.381
T15,4598.776,cruise,中继,3.36
T15,4599.774,cruise,中继,3.34
T15,4600.773,cruise,中继,3.319
T15,4601.772,cruise,中继,3.298
T15,4602.77,cruise,中继,3.277
T15,4603.769,cruise,中继,3.256
T15,4604.768,cruise,中继,3.235
T15,4605.766,cruise,中继,3.214
T15,4606.765,cruise,中继,3.194
T15,4607.764,cruise,中继,3.173
T15,4608.762,cruise,中继,3.152
T15,4609.761,cruise,中继,3.131
T15,4610.76,cruise,中继,3.11
T15,4611.758,cruise,中继,3.089
T15,4612.757,cruise,中继,3.068
T15,4613.756,cruise,中继,3.047
T15,4614.754,cruise,中继,3.026
T15,4615.753,cruise,中继,3.006
T15,4616.752,cruise,中继,2.985
T15,4617.75,cruise,中继,2.964
T15,4618.749,cruise,中继,2.943
T15,4619.748,cruise,中继,2.922
T15,4620.746,cruise,中继,2.901
T15,4621.745,cruise,中继,2.88
T15,4622.744,cruise,中继,2.859
T15,4623.742,cruise,中继,2.839
T15,4624.741,cruise,中继,2.818
T15,4625.74,cruise,中继,2.797
T15,4626.738,cruise,中继,2.776
T15,4627.737,cruise,中继,2.755
T15,4628.736,cruise,中继,2.734
T15,4629.734,cruise,中继,2.713
T15,4630.733,cruise,中继,2.693
T15,4631.732,cruise,中继,2.672
T15,4631.732,descent,中继,2.672
T15,4632.721,descent,中继,2.671
T15,4633.711,descent,中继,2.671
T15,4634.7,descent,中继,2.671
T15,4635.69,descent,中继,2.67
T15,4636.679,descent,中继,2.67
T15,4637.669,descent,中继,2.67
T15,4638.658,descent,中继,2.669
T15,4639.648,descent,中继,2.669
T15,4640.637,descent,中继,2.669
T15,4641.627,descent,中继,2.668
T15,4642.616,descent,中继,2.668
T15,4643.606,descent,中继,2.667
T15,4644.595,descent,中继,2.667
T15,4645.585,descent,中继,2.667
T15,4646.574,descent,中继,2.666
T15,4647.564,descent,中继,2.666
T15,4648.553,descent,中继,2.666
T15,4649.543,descent,中继,2.665
T15,4650.532,descent,中继,2.665
T15,4651.522,descent,中继,2.664
T15,4652.512,descent,中继,2.664
T15,4653.501,descent,中继,2.664
T15,4654.491,descent,中继,2.663
T15,4655.48,descent,中继,2.663
T15,4656.47,descent,中继,2.663
T15,4657.459,descent,中继,2.662
T15,4658.449,descent,中继,2.662
T15,4659.438,descent,中继,2.661
T15,4660.428,descent,中继,2.661
T15,4661.417,descent,中继,2.661
T15,4662.407,descent,中继,2.66
T15,4663.396,descent,中继,2.66
T15,4664.386,descent,中继,2.659
T15,4665.375,descent,中继,2.659
T15,4666.365,descent,中继,2.659
T15,4667.354,descent,中继,2.658
T15,4668.344,descent,中继,2.658
T15,4669.333,descent,中继,2.657
T15,4670.323,descent,中继,2.657
T15,4671.312,descent,中继,2.656
T15,4672.302,descent,中继,2.656
T15,4673.291,descent,中继,2.656
T15,4674.281,descent,中继,2.655
T15,4675.27,descent,中继,2.655
T15,4676.26,descent,中继,2.654
T15,4677.249,descent,中继,2.654
T15,4678.239,descent,中继,2.654
T15,4679.228,descent,中继,2.653
T15,4680.218,descent,中继,2.653
T15,4681.207,descent,中继,2.652
T15,4682.197,descent,中继,2.652
T15,4683.187,descent,中继,2.651
T15,4684.176,descent,中继,2.651
T15,4685.166,descent,中继,2.651
T15,4686.155,descent,中继,2.65
T15,4687.145,descent,中继,2.65
T15,4688.134,descent,中继,2.649
T15,4689.124,descent,中继,2.649
T15,4690.113,descent,中继,2.648
T15,4691.103,descent,中继,2.648
T15,4692.092,descent,中继,2.647
T15,4693.082,descent,中继,2.647
T15,4694.071,descent,中继,2.647
T15,4695.061,descent,中继,2.646
T15,4696.05,descent,中继,2.646
T15,4697.04,descent,中继,2.645
T15,4698.029,descent,中继,2.645
T15,4699.019,descent,中继,2.644
T15,4700.008,descent,中继,2.644
T15,4700.998,descent,中继,2.643
T15,4701.987,descent,中继,2.643
T15,4702.977,descent,中继,2.642
T15,4703.966,descent,中继,2.642
T15,4704.956,descent,中继,2.641
T15,4705.945,descent,中继,2.641
T15,4706.935,descent,中继,2.641
T15,4707.924,descent,中继,2.64
T15,4708.914,descent,中继,2.64
T15,4709.903,descent,中继,2.639
T15,4710.893,descent,中断,-5.801
T15,4711.882,descent,中断,-5.801
T15,4712.872,descent,中断,-5.801
T15,4713.861,descent,中断,-5.801
T15,4714.851,descent,中断,-5.801
T15,4715.841,descent,中断,-5.801
T15,4716.83,descent,中断,-5.801
T15,4716.83,handover,中断,-5.801
T15,5112.83,handover,中继,9.981
T15,5112.83,climb,中继,9.981
T15,5113.817,climb,中继,9.981
T15,5114.803,climb,中继,9.981
T15,5115.79,climb,中继,9.981
T15,5116.777,climb,中继,9.981
T15,5117.763,climb,中继,9.981
T15,5118.75,climb,中继,9.981
T15,5119.737,climb,中继,9.981
T15,5120.723,climb,中继,9.981
T15,5121.71,climb,中继,9.981
T15,5122.697,climb,中继,9.981
T15,5123.683,climb,中继,9.981
T15,5124.67,climb,中继,9.981
T15,5125.656,climb,中继,9.981
T15,5126.643,climb,中继,9.981
T15,5127.63,climb,中继,9.981
T15,5128.616,climb,中继,9.981
T15,5129.603,climb,中继,9.981
T15,5130.59,climb,中继,9.981
T15,5131.576,climb,中继,9.981
T15,5132.563,climb,中继,9.981
T15,5133.55,climb,中继,9.981
T15,5134.536,climb,中继,9.981
T15,5135.523,climb,中继,9.981
T15,5136.51,climb,中继,9.981
T15,5137.496,climb,中继,9.981
T15,5138.483,climb,中继,9.981
T15,5139.47,climb,中继,9.981
T15,5140.456,climb,中继,9.981
T15,5141.443,climb,中继,9.981
T15,5142.429,climb,中继,9.981
T15,5143.416,climb,中继,9.981
T15,5144.403,climb,中继,9.981
T15,5145.389,climb,中继,9.981
T15,5146.376,climb,中继,9.981
T15,5147.363,climb,中继,9.981
T15,5148.349,climb,中继,9.981
T15,5149.336,climb,中继,9.981
T15,5150.323,climb,中继,9.981
T15,5151.309,climb,中继,9.981
T15,5152.296,climb,中继,9.981
T15,5153.283,climb,中继,9.981
T15,5154.269,climb,中继,9.981
T15,5155.256,climb,中继,9.981
T15,5156.243,climb,中继,9.981
T15,5157.229,climb,中继,9.981
T15,5158.216,climb,中继,9.981
T15,5159.202,climb,中继,9.981
T15,5160.189,climb,中继,9.981
T15,5161.176,climb,中继,9.981
T15,5162.162,climb,中继,9.981
T15,5163.149,climb,中继,9.981
T15,5164.136,climb,中继,9.981
T15,5165.122,climb,中继,9.981
T15,5166.109,climb,中继,9.981
T15,5167.096,climb,中继,9.981
T15,5168.082,climb,中继,9.981
T15,5169.069,climb,中继,9.981
T15,5170.056,climb,中继,9.981
T15,5171.042,climb,中继,9.981
T15,5172.029,climb,中继,9.981
T15,5173.016,climb,中继,9.981
T15,5174.002,climb,中继,9.981
T15,5174.989,climb,中继,9.981
T15,5175.975,climb,中继,9.981
T15,5176.962,climb,中继,9.981
T15,5177.949,climb,中继,9.981
T15,5178.935,climb,中继,9.981
T15,5179.922,climb,中继,9.981
T15,5180.909,climb,中继,9.981
T15,5180.909,cruise,中继,9.981
T15,5181.907,cruise,中继,9.981
T15,5182.906,cruise,中继,9.981
T15,5183.905,cruise,中继,9.981
T15,5184.903,cruise,中继,9.981
T15,5185.902,cruise,中继,9.981
T15,5186.901,cruise,中继,9.981
T15,5187.899,cruise,中继,9.981
T15,5188.898,cruise,中继,9.981
T15,5189.897,cruise,中继,9.981
T15,5190.895,cruise,中继,9.981
T15,5191.894,cruise,中继,9.981
T15,5192.893,cruise,中继,9.981
T15,5193.891,cruise,中继,9.981
T15,5194.89,cruise,中继,9.981
T15,5195.889,cruise,中继,9.981
T15,5196.887,cruise,中继,9.981
T15,5197.886,cruise,中继,9.981
T15,5198.885,cruise,中继,9.981
T15,5199.883,cruise,中继,9.981
T15,5200.882,cruise,中继,9.981
T15,5201.881,cruise,中继,9.981
T15,5202.879,cruise,中继,9.981
T15,5203.878,cruise,中继,9.981
T15,5204.877,cruise,中继,9.981
T15,5205.875,cruise,中继,9.981
T15,5206.874,cruise,中继,9.981
T15,5207.873,cruise,中继,9.981
T15,5208.871,cruise,中继,9.981
T15,5209.87,cruise,中继,9.981
T15,5210.869,cruise,中继,9.981
T15,5211.867,cruise,中继,9.981
T15,5212.866,cruise,中继,9.981
T15,5213.865,cruise,中继,9.981
T15,5214.863,cruise,中继,9.981
T15,5215.862,cruise,中继,9.981
T15,5216.861,cruise,中继,9.981
T15,5217.859,cruise,中继,9.981
T15,5218.858,cruise,中继,9.981
T15,5219.857,cruise,中继,9.981
T15,5220.855,cruise,中继,9.981
T15,5221.854,cruise,中继,9.981
T15,5222.853,cruise,中继,9.981
T15,5223.851,cruise,中继,9.981
T15,5224.85,cruise,中继,9.981
T15,5225.849,cruise,中继,9.981
T15,5226.847,cruise,中继,9.981
T15,5227.846,cruise,中继,9.981
T15,5228.845,cruise,中继,9.981
T15,5229.843,cruise,中继,9.981
T15,5230.842,cruise,中继,9.981
T15,5231.841,cruise,中继,9.981
T15,5232.839,cruise,中继,9.981
T15,5233.838,cruise,中继,9.981
T15,5234.837,cruise,中继,9.981
T15,5235.835,cruise,中继,9.981
T15,5236.834,cruise,中继,9.981
T15,5237.833,cruise,中继,9.981
T15,5238.831,cruise,中继,9.981
T15,5239.83,cruise,中继,9.981
T15,5240.829,cruise,中继,9.981
T15,5241.827,cruise,中继,9.981
T15,5242.826,cruise,中继,9.981
T15,5243.825,cruise,中继,9.981
T15,5244.823,cruise,中继,9.981
T15,5245.822,cruise,中继,9.981
T15,5246.821,cruise,中继,9.981
T15,5247.819,cruise,中继,9.981
T15,5248.818,cruise,中继,9.981
T15,5249.817,cruise,中继,9.981
T15,5250.815,cruise,中继,9.981
T15,5251.814,cruise,中继,9.981
T15,5252.813,cruise,中继,9.981
T15,5253.811,cruise,中继,9.981
T15,5254.81,cruise,中继,9.981
T15,5255.809,cruise,中继,9.981
T15,5256.807,cruise,中继,9.981
T15,5257.806,cruise,中继,9.981
T15,5258.805,cruise,中继,9.981
T15,5259.803,cruise,中继,9.981
T15,5260.802,cruise,中继,9.981
T15,5261.801,cruise,中继,9.981
T15,5262.799,cruise,中继,9.981
T15,5263.798,cruise,中继,9.981
T15,5264.797,cruise,中继,9.981
T15,5265.795,cruise,中继,9.981
T15,5266.794,cruise,中继,9.981
T15,5267.793,cruise,中继,9.981
T15,5268.791,cruise,中继,9.981
T15,5269.79,cruise,中继,9.981
T15,5270.789,cruise,中继,9.981
T15,5271.787,cruise,中继,9.981
T15,5272.786,cruise,中继,9.981
T15,5273.785,cruise,中继,9.981
T15,5274.783,cruise,中继,9.981
T15,5275.782,cruise,中继,9.981
T15,5276.781,cruise,中继,9.981
T15,5277.779,cruise,中继,9.981
T15,5278.778,cruise,中继,9.981
T15,5279.777,cruise,中继,9.981
T15,5280.775,cruise,中继,9.981
T15,5281.774,cruise,中继,9.981
T15,5282.773,cruise,中继,9.981
T15,5283.771,cruise,中继,9.981
T15,5284.77,cruise,中继,9.981
T15,5285.769,cruise,中继,9.981
T15,5286.767,cruise,中继,9.981
T15,5287.766,cruise,中继,9.981
T15,5288.765,cruise,中继,9.981
T15,5289.763,cruise,中继,9.981
T15,5290.762,cruise,中继,9.981
T15,5291.761,cruise,中继,9.981
T15,5292.759,cruise,中继,9.981
T15,5293.758,cruise,中继,9.981
T15,5294.757,cruise,直连,6.365
T15,5295.755,cruise,中继,9.981
T15,5296.754,cruise,中继,9.981
T15,5297.753,cruise,直连,6.43
T15,5298.751,cruise,直连,6.452
T15,5299.75,cruise,中继,9.981
T15,5300.749,cruise,直连,6.496
T15,5301.747,cruise,直连,6.518
T15,5302.746,cruise,直连,6.54
T15,5303.745,cruise,直连,6.562
T15,5304.743,cruise,直连,6.584
T15,5305.742,cruise,直连,6.606
T15,5306.741,cruise,直连,6.629
T15,5307.739,cruise,直连,6.651
T15,5308.738,cruise,直连,6.673
T15,5309.737,cruise,直连,6.696
T15,5310.735,cruise,直连,6.718
T15,5311.734,cruise,直连,6.741
T15,5312.733,cruise,直连,6.763
T15,5313.731,cruise,直连,6.786
T15,5314.73,cruise,直连,6.809
T15,5315.729,cruise,直连,6.831
T15,5316.727,cruise,直连,6.854
T15,5317.726,cruise,直连,6.877
T15,5318.725,cruise,直连,6.9
T15,5319.723,cruise,直连,6.923
T15,5320.722,cruise,直连,6.946
T15,5321.721,cruise,直连,6.969
T15,5322.719,cruise,直连,6.993
T15,5323.718,cruise,直连,7.016
T15,5324.717,cruise,直连,7.039
T15,5325.715,cruise,直连,7.063
T15,5326.714,cruise,直连,7.086
T15,5327.713,cruise,直连,7.11
T15,5328.711,cruise,直连,7.133
T15,5329.71,cruise,直连,7.157
T15,5330.709,cruise,直连,7.181
T15,5331.707,cruise,直连,7.204
T15,5332.706,cruise,直连,7.228
T15,5333.705,cruise,直连,7.252
T15,5334.703,cruise,直连,7.276
T15,5335.702,cruise,直连,7.3
T15,5336.701,cruise,直连,7.324
T15,5337.699,cruise,直连,7.348
T15,5338.698,cruise,直连,7.373
T15,5339.697,cruise,直连,7.397
T15,5340.695,cruise,直连,7.421
T15,5341.694,cruise,直连,7.446
T15,5342.693,cruise,直连,7.47
T15,5343.691,cruise,直连,7.495
T15,5344.69,cruise,直连,7.52
T15,5345.689,cruise,直连,7.544
T15,5346.687,cruise,直连,7.569
T15,5347.686,cruise,直连,7.594
T15,5348.685,cruise,直连,7.619
T15,5349.683,cruise,直连,7.644
T15,5350.682,cruise,直连,7.669
T15,5351.681,cruise,直连,7.694
T15,5352.679,cruise,直连,7.719
T15,5353.678,cruise,直连,7.745
T15,5354.677,cruise,直连,7.77
T15,5355.675,cruise,直连,7.795
T15,5356.674,cruise,直连,7.821
T15,5357.673,cruise,直连,7.847
T15,5358.671,cruise,直连,7.872
T15,5359.67,cruise,直连,7.898
T15,5360.669,cruise,直连,7.924
T15,5361.667,cruise,直连,7.95
T15,5362.666,cruise,直连,7.976
T15,5363.665,cruise,直连,8.002
T15,5364.663,cruise,直连,8.028
T15,5365.662,cruise,直连,8.054
T15,5366.661,cruise,直连,8.08
T15,5367.659,cruise,直连,8.107
T15,5368.658,cruise,直连,8.133
T15,5369.657,cruise,直连,8.16
T15,5370.655,cruise,直连,8.186
T15,5371.654,cruise,直连,8.213
T15,5372.653,cruise,直连,8.24
T15,5373.651,cruise,直连,8.267
T15,5374.65,cruise,直连,8.294
T15,5375.649,cruise,直连,8.321
T15,5376.647,cruise,直连,8.348
T15,5377.646,cruise,直连,8.375
T15,5378.645,cruise,直连,8.402
T15,5379.643,cruise,直连,8.43
T15,5380.642,cruise,直连,8.457
T15,5381.641,cruise,直连,8.485
T15,5382.639,cruise,直连,8.512
T15,5383.638,cruise,直连,8.54
T15,5384.637,cruise,直连,8.568
T15,5385.635,cruise,直连,8.596
T15,5386.634,cruise,直连,8.624
T15,5387.633,cruise,直连,8.652
T15,5388.631,cruise,直连,8.68
T15,5389.63,cruise,直连,8.708
T15,5390.629,cruise,直连,8.736
T15,5391.627,cruise,直连,8.765
T15,5392.626,cruise,直连,8.793
T15,5393.625,cruise,直连,8.822
T15,5394.623,cruise,直连,8.851
T15,5395.622,cruise,直连,8.88
T15,5396.621,cruise,直连,8.909
T15,5397.619,cruise,直连,8.938
T15,5398.618,cruise,直连,8.967
T15,5399.617,cruise,直连,8.996
T15,5400.615,cruise,直连,9.025
T15,5401.614,cruise,直连,9.055
T15,5402.613,cruise,直连,9.084
T15,5403.611,cruise,直连,9.114
T15,5404.61,cruise,直连,9.143
T15,5405.609,cruise,直连,9.173
T15,5406.607,cruise,直连,9.203
T15,5407.606,cruise,直连,9.233
T15,5408.605,cruise,直连,9.263
T15,5409.603,cruise,直连,9.293
T15,5410.602,cruise,直连,9.324
T15,5411.601,cruise,直连,9.354
T15,5412.599,cruise,直连,9.385
T15,5413.598,cruise,直连,9.415
T15,5414.597,cruise,直连,9.446
T15,5415.595,cruise,直连,9.477
T15,5416.594,cruise,直连,9.508
T15,5417.593,cruise,直连,9.539
T15,5418.591,cruise,直连,9.57
T15,5419.59,cruise,直连,9.601
T15,5420.589,cruise,直连,9.633
T15,5421.587,cruise,直连,9.664
T15,5422.586,cruise,直连,9.696
T15,5423.585,cruise,直连,9.728
T15,5424.583,cruise,直连,9.76
T15,5425.582,cruise,直连,9.792
T15,5426.581,cruise,直连,9.824
T15,5427.579,cruise,直连,9.856
T15,5428.578,cruise,直连,9.888
T15,5429.577,cruise,直连,9.921
T15,5430.575,cruise,直连,9.953
T15,5431.574,cruise,直连,9.986
T15,5432.573,cruise,直连,10.019
T15,5433.571,cruise,直连,10.052
T15,5434.57,cruise,直连,10.085
T15,5435.569,cruise,直连,10.118
T15,5436.567,cruise,直连,10.151
T15,5437.566,cruise,直连,10.185
T15,5438.565,cruise,直连,10.218
T15,5439.563,cruise,直连,10.252
T15,5440.562,cruise,直连,10.286
T15,5441.561,cruise,直连,10.32
T15,5442.559,cruise,直连,10.354
T15,5443.558,cruise,直连,10.388
T15,5444.557,cruise,直连,10.423
T15,5445.555,cruise,直连,10.457
T15,5446.554,cruise,直连,10.492
T15,5447.553,cruise,直连,10.527
T15,5448.551,cruise,直连,10.562
T15,5449.55,cruise,直连,10.597
T15,5450.549,cruise,直连,10.632
T15,5451.547,cruise,直连,10.667
T15,5452.546,cruise,直连,10.703
T15,5453.545,cruise,直连,10.739
T15,5454.543,cruise,直连,10.774
T15,5455.542,cruise,直连,10.81
T15,5456.541,cruise,直连,10.846
T15,5457.539,cruise,直连,10.883
T15,5458.538,cruise,直连,10.919
T15,5459.537,cruise,直连,10.956
T15,5460.535,cruise,直连,10.992
T15,5461.534,cruise,直连,11.029
T15,5462.533,cruise,直连,11.066
T15,5463.531,cruise,直连,11.103
T15,5464.53,cruise,直连,11.141
T15,5465.529,cruise,直连,11.178
T15,5466.527,cruise,直连,11.216
T15,5467.526,cruise,直连,11.254
T15,5468.525,cruise,直连,11.291
T15,5469.523,cruise,直连,11.33
T15,5470.522,cruise,直连,11.368
T15,5471.521,cruise,直连,11.406
T15,5472.519,cruise,直连,11.445
T15,5473.518,cruise,直连,11.484
T15,5474.517,cruise,直连,11.523
T15,5475.515,cruise,直连,11.562
T15,5476.514,cruise,直连,11.601
T15,5477.513,cruise,直连,11.641
T15,5478.511,cruise,直连,11.681
T15,5479.51,cruise,直连,11.72
T15,5480.509,cruise,直连,11.761
T15,5481.507,cruise,直连,11.801
T15,5482.506,cruise,直连,11.841
T15,5483.505,cruise,直连,11.882
T15,5484.503,cruise,直连,11.923
T15,5485.502,cruise,直连,11.964
T15,5486.501,cruise,直连,12.005
T15,5487.499,cruise,直连,12.046
T15,5488.498,cruise,直连,12.088
T15,5489.497,cruise,直连,12.13
T15,5490.495,cruise,直连,12.172
T15,5491.494,cruise,直连,12.214
T15,5492.493,cruise,直连,12.256
T15,5493.491,cruise,直连,12.299
T15,5494.49,cruise,直连,12.342
T15,5495.489,cruise,直连,12.385
T15,5496.487,cruise,直连,12.428
T15,5497.486,cruise,直连,12.471
T15,5498.485,cruise,直连,12.515
T15,5499.483,cruise,直连,12.559
T15,5500.482,cruise,直连,12.603
T15,5501.481,cruise,直连,12.647
T15,5502.479,cruise,直连,12.692
T15,5503.478,cruise,直连,12.737
T15,5504.477,cruise,直连,12.782
T15,5505.475,cruise,直连,12.827
T15,5506.474,cruise,直连,12.872
T15,5507.473,cruise,直连,12.918
T15,5508.471,cruise,直连,12.964
T15,5509.47,cruise,直连,13.01
T15,5510.469,cruise,直连,13.057
T15,5511.467,cruise,直连,13.103
T15,5512.466,cruise,直连,13.15
T15,5513.465,cruise,直连,13.198
T15,5514.463,cruise,直连,13.245
T15,5515.462,cruise,直连,13.293
T15,5516.461,cruise,直连,13.341
T15,5517.459,cruise,直连,13.389
T15,5518.458,cruise,直连,13.437
T15,5519.457,cruise,直连,13.486
T15,5520.455,cruise,直连,13.535
T15,5521.454,cruise,直连,13.585
T15,5522.453,cruise,直连,13.634
T15,5523.451,cruise,直连,13.684
T15,5524.45,cruise,直连,13.734
T15,5525.449,cruise,直连,13.785
T15,5526.447,cruise,直连,13.835
T15,5527.446,cruise,直连,13.886
T15,5528.445,cruise,直连,13.938
T15,5529.443,cruise,直连,13.989
T15,5530.442,cruise,直连,14.041
T15,5531.44,cruise,直连,14.094
T15,5532.439,cruise,直连,14.146
T15,5533.438,cruise,直连,14.199
T15,5534.436,cruise,直连,14.252
T15,5535.435,cruise,直连,14.306
T15,5536.434,cruise,直连,14.36
T15,5537.432,cruise,直连,14.414
T15,5538.431,cruise,直连,14.468
T15,5539.43,cruise,直连,14.523
T15,5540.428,cruise,直连,14.579
T15,5541.427,cruise,直连,14.634
T15,5542.426,cruise,直连,14.69
T15,5543.424,cruise,直连,14.746
T15,5544.423,cruise,直连,14.803
T15,5545.422,cruise,直连,14.86
T15,5546.42,cruise,直连,14.917
T15,5547.419,cruise,直连,14.975
T15,5548.418,cruise,直连,15.033
T15,5549.416,cruise,直连,15.092
T15,5550.415,cruise,直连,15.151
T15,5551.414,cruise,直连,15.21
T15,5552.412,cruise,直连,15.27
T15,5553.411,cruise,直连,15.33
T15,5554.41,cruise,直连,15.39
T15,5555.408,cruise,直连,15.451
T15,5556.407,cruise,直连,15.513
T15,5557.406,cruise,直连,15.575
T15,5558.404,cruise,直连,15.637
T15,5559.403,cruise,直连,15.699
T15,5560.402,cruise,直连,15.763
T15,5561.4,cruise,直连,15.826
T15,5562.399,cruise,直连,15.89
T15,5563.398,cruise,直连,15.955
T15,5564.396,cruise,直连,16.02
T15,5565.395,cruise,直连,16.085
T15,5566.394,cruise,直连,16.151
T15,5567.392,cruise,直连,16.218
T15,5568.391,cruise,直连,16.285
T15,5569.39,cruise,直连,16.352
T15,5570.388,cruise,直连,16.42
T15,5571.387,cruise,直连,16.489
T15,5572.386,cruise,直连,16.558
T15,5573.384,cruise,直连,16.627
T15,5574.383,cruise,直连,16.697
T15,5575.382,cruise,直连,16.768
T15,5576.38,cruise,直连,16.839
T15,5577.379,cruise,直连,16.911
T15,5578.378,cruise,直连,16.984
T15,5579.376,cruise,直连,17.057
T15,5580.375,cruise,直连,17.131
T15,5581.374,cruise,直连,17.205
T15,5582.372,cruise,直连,17.28
T15,5583.371,cruise,直连,17.355
T15,5584.37,cruise,直连,17.431
T15,5585.368,cruise,直连,17.508
T15,5586.367,cruise,直连,17.586
T15,5587.366,cruise,直连,17.664
T15,5588.364,cruise,直连,17.743
T15,5589.363,cruise,直连,17.822
T15,5590.362,cruise,直连,17.903
T15,5591.36,cruise,直连,17.984
T15,5592.359,cruise,直连,18.066
T15,5593.358,cruise,直连,18.148
T15,5594.356,cruise,直连,18.231
T15,5595.355,cruise,直连,18.315
T15,5596.354,cruise,直连,18.4
T15,5597.352,cruise,直连,18.486
T15,5598.351,cruise,直连,18.573
T15,5599.35,cruise,直连,18.66
T15,5600.348,cruise,直连,18.748
T15,5601.347,cruise,直连,18.837
T15,5602.346,cruise,直连,18.927
T15,5603.344,cruise,直连,19.018
T15,5604.343,cruise,直连,19.11
T15,5605.342,cruise,直连,19.203
T15,5606.34,cruise,直连,19.297
T15,5607.339,cruise,直连,19.391
T15,5608.338,cruise,直连,19.487
T15,5609.336,cruise,直连,19.584
T15,5610.335,cruise,直连,19.682
T15,5611.334,cruise,直连,19.781
T15,5612.332,cruise,直连,19.881
T15,5613.331,cruise,直连,19.982
T15,5614.33,cruise,直连,20.084
T15,5615.328,cruise,直连,20.188
T15,5616.327,cruise,直连,20.292
T15,5617.326,cruise,直连,20.398
T15,5618.324,cruise,直连,20.505
T15,5619.323,cruise,直连,20.613
T15,5620.322,cruise,直连,20.723
T15,5621.32,cruise,直连,20.834
T15,5622.319,cruise,直连,20.946
T15,5623.318,cruise,直连,21.06
T15,5624.316,cruise,直连,21.175
T15,5625.315,cruise,直连,21.292
T15,5626.314,cruise,直连,21.41
T15,5627.312,cruise,直连,21.53
T15,5628.311,cruise,直连,21.651
T15,5629.31,cruise,直连,21.774
T15,5630.308,cruise,直连,21.898
T15,5631.307,cruise,直连,22.024
T15,5632.306,cruise,直连,22.152
T15,5633.304,cruise,直连,22.282
T15,5634.303,cruise,直连,22.414
T15,5635.302,cruise,直连,22.547
T15,5636.3,cruise,直连,22.682
T15,5637.299,cruise,直连,22.819
T15,5638.298,cruise,直连,22.959
T15,5639.296,cruise,直连,23.1
T15,5640.295,cruise,直连,23.243
T15,5641.294,cruise,直连,23.389
T15,5642.292,cruise,直连,23.537
T15,5643.291,cruise,直连,23.687
T15,5644.29,cruise,直连,23.84
T15,5645.288,cruise,直连,23.995
T15,5646.287,cruise,直连,24.152
T15,5647.286,cruise,直连,24.312
T15,5648.284,cruise,直连,24.475
T15,5649.283,cruise,直连,24.64
T15,5650.282,cruise,直连,24.808
T15,5651.28,cruise,直连,24.979
T15,5652.279,cruise,直连,25.153
T15,5653.278,cruise,直连,25.33
T15,5654.276,cruise,直连,25.51
T15,5655.275,cruise,直连,25.693
T15,5656.274,cruise,直连,25.88
T15,5657.272,cruise,直连,26.069
T15,5658.271,cruise,直连,26.263
T15,5659.27,cruise,直连,26.459
T15,5660.268,cruise,直连,26.659
T15,5661.267,cruise,直连,26.863
T15,5662.266,cruise,直连,27.071
T15,5663.264,cruise,直连,27.282
T15,5664.263,cruise,直连,27.497
T15,5665.262,cruise,直连,27.716
T15,5666.26,cruise,直连,27.938
T15,5667.259,cruise,直连,28.165
T15,5668.258,cruise,直连,28.395
T15,5669.256,cruise,直连,28.63
T15,5670.255,cruise,直连,28.868
T15,5671.254,cruise,直连,29.109
T15,5672.252,cruise,直连,29.354
T15,5673.251,cruise,直连,29.603
T15,5674.25,cruise,直连,29.854
T15,5675.248,cruise,直连,30.109
T15,5676.247,cruise,直连,30.365
T15,5677.246,cruise,直连,30.623
T15,5678.244,cruise,直连,30.882
T15,5679.243,cruise,直连,31.141
T15,5680.242,cruise,直连,31.4
T15,5681.24,cruise,直连,31.657
T15,5682.239,cruise,直连,31.91
T15,5683.238,cruise,直连,32.159
T15,5684.236,cruise,直连,32.401
T15,5685.235,cruise,直连,32.634
T15,5686.234,cruise,直连,32.857
T15,5687.232,cruise,直连,33.066
T15,5688.231,cruise,直连,33.26
T15,5689.23,cruise,直连,33.435
T15,5690.228,cruise,直连,33.588
T15,5691.227,cruise,直连,33.718
T15,5692.226,cruise,直连,33.822
T15,5693.224,cruise,直连,33.898
T15,5694.223,cruise,直连,33.944
T15,5695.222,cruise,直连,33.959
T15,5695.222,descent,直连,33.959
T15,5696.217,descent,直连,34.029
T15,5697.213,descent,直连,34.098
T15,5698.208,descent,直连,34.169
T15,5699.204,descent,直连,34.24
T15,5700.2,descent,直连,34.311
T15,5701.195,descent,直连,34.383
T15,5702.191,descent,直连,34.456
T15,5703.186,descent,直连,34.529
T15,5704.182,descent,直连,34.603
T15,5705.177,descent,直连,34.678
T15,5706.173,descent,直连,34.753
T15,5707.169,descent,直连,34.829
T15,5708.164,descent,直连,34.906
T15,5709.16,descent,直连,34.983
T15,5710.155,descent,直连,35.061
T15,5711.151,descent,直连,35.139
T15,5712.147,descent,直连,35.219
T15,5713.142,descent,直连,35.299
T15,5714.138,descent,直连,35.38
T15,5715.133,descent,直连,35.461
T15,5716.129,descent,直连,35.544
T15,5717.124,descent,直连,35.627
T15,5718.12,descent,直连,35.711
T15,5719.116,descent,直连,35.795
T15,5720.111,descent,直连,35.881
T15,5721.107,descent,直连,35.968
T15,5722.102,descent,直连,36.055
T15,5723.098,descent,直连,36.143
T15,5724.093,descent,直连,36.232
T15,5725.089,descent,直连,36.322
T15,5726.085,descent,直连,36.413
T15,5727.08,descent,直连,36.505
T15,5728.076,descent,直连,36.598
T15,5729.071,descent,直连,36.692
T15,5730.067,descent,直连,36.787
T15,5731.062,descent,直连,36.883
T15,5732.058,descent,直连,36.98
T15,5733.054,descent,直连,37.078
T15,5734.049,descent,直连,37.178
T15,5735.045,descent,直连,37.278
T15,5736.04,descent,直连,37.38
T15,5737.036,descent,直连,37.483
T15,5738.032,descent,直连,37.587
T15,5739.027,descent,直连,37.692
T15,5740.023,descent,直连,37.799
T15,5741.018,descent,直连,37.907
T15,5742.014,descent,直连,38.016
T15,5743.009,descent,直连,38.127
T15,5744.005,descent,直连,38.239
T15,5745.001,descent,直连,38.352
T15,5745.996,descent,直连,38.468
T15,5746.992,descent,直连,38.584
T15,5747.987,descent,直连,38.703
T15,5748.983,descent,直连,38.822
T15,5749.978,descent,直连,38.944
T15,5750.974,descent,直连,39.067
T15,5751.97,descent,直连,39.192
T15,5752.965,descent,直连,39.319
T15,5753.961,descent,直连,39.448
T15,5754.956,descent,直连,39.579
T15,5755.952,descent,直连,39.711
T15,5756.947,descent,直连,39.846
T15,5757.943,descent,直连,39.983
T15,5758.939,descent,直连,40.122
T15,5759.934,descent,直连,40.263
T15,5760.93,descent,直连,40.407
T15,5761.925,descent,直连,40.553
T15,5762.921,descent,直连,40.702
T15,5763.916,descent,直连,40.853
T15,5764.912,descent,直连,41.007
T15,5765.908,descent,直连,41.163
T15,5766.903,descent,直连,41.323
T15,5767.899,descent,直连,41.485
T15,5768.894,descent,直连,41.651
T15,5769.89,descent,直连,41.82
T15,5770.886,descent,直连,41.992
T15,5771.881,descent,直连,42.168
T15,5772.877,descent,直连,42.347
T15,5773.872,descent,直连,42.53
T15,5774.868,descent,直连,42.717
T15,5775.863,descent,直连,42.908
T15,5776.859,descent,直连,43.103
T15,5777.855,descent,直连,43.303
T15,5778.85,descent,直连,43.508
T15,5779.846,descent,直连,43.717
T15,5780.841,descent,直连,43.932
T15,5781.837,descent,直连,44.152
T15,5782.832,descent,直连,44.378
T15,5783.828,descent,直连,44.61
T15,5784.824,descent,直连,44.848
T15,5785.819,descent,直连,45.093
T15,5786.815,descent,直连,45.345
T15,5787.81,descent,直连,45.605
T15,5788.806,descent,直连,45.873
T15,5789.801,descent,直连,46.149
T15,5790.797,descent,直连,46.434
T15,5791.793,descent,直连,46.729
T15,5792.788,descent,直连,47.034
T15,5793.784,descent,直连,47.351
T15,5794.779,descent,直连,47.679
T15,5795.775,descent,直连,48.02
T15,5796.77,descent,直连,48.376
T15,5797.766,descent,直连,48.746
T15,5798.762,descent,直连,49.133
T15,5799.757,descent,直连,49.538
T15,5800.753,descent,直连,49.962
T15,5801.748,descent,直连,50.409
T15,5802.744,descent,直连,50.88
T15,5803.74,descent,直连,51.377
T15,5804.735,descent,直连,51.905
T15,5805.731,descent,直连,52.468
T15,5806.726,descent,直连,53.069
T15,5807.722,descent,直连,53.715
T15,5808.717,descent,直连,54.412
T15,5809.713,descent,直连,55.171
T15,5810.709,descent,直连,56.002
T15,5811.704,descent,直连,56.922
T15,5812.7,descent,直连,57.95
T15,5813.695,descent,直连,59.117
T15,5814.691,descent,直连,60.465
T15,5815.686,descent,直连,62.062
T15,5816.682,descent,直连,64.02
T15,5817.678,descent,直连,66.551
T15,5818.673,descent,直连,70.138
T15,5819.669,descent,直连,76.358
T15,5820.664,descent,直连,103.009
T15,5821.66,descent,直连,75.586
T15,5822.655,descent,直连,69.752
T15,5823.651,descent,直连,66.294
T15,5824.647,descent,直连,63.827
T15,5825.642,descent,直连,61.907
T15,5826.638,descent,直连,60.337
T15,5827.633,descent,直连,59.007
T15,5828.629,descent,直连,57.854
T15,5829.624,descent,直连,56.836
T15,5830.62,descent,直连,45.925
T16,7048.1,climb,直连,45.925
T16,7049.085,climb,直连,57.313
T16,7050.069,climb,直连,58.966
T16,7051.054,climb,直连,61.01
T16,7052.039,climb,直连,63.686
T16,7053.023,climb,直连,67.575
T16,7054.008,climb,直连,74.801
T16,7054.993,climb,直连,85.326
T16,7055.977,climb,直连,70.744
T16,7056.962,climb,直连,65.574
T16,7057.946,climb,直连,62.355
T16,7058.931,climb,直连,60.012
T16,7059.916,climb,直连,58.169
T16,7060.9,climb,直连,56.649
T16,7061.885,climb,直连,55.356
T16,7062.87,climb,直连,54.23
T16,7063.854,climb,直连,53.234
T16,7064.839,climb,直连,52.341
T16,7065.824,climb,直连,51.531
T16,7066.808,climb,直连,50.79
T16,7067.793,climb,直连,50.107
T16,7068.778,climb,直连,49.474
T16,7069.762,climb,直连,48.884
T16,7070.747,climb,直连,48.332
T16,7071.732,climb,直连,47.812
T16,7072.716,climb,直连,47.322
T16,7073.701,climb,直连,46.858
T16,7074.686,climb,直连,46.418
T16,7075.67,climb,直连,45.999
T16,7076.655,climb,直连,45.599
T16,7077.639,climb,直连,45.217
T16,7078.624,climb,直连,44.851
T16,7079.609,climb,直连,44.5
T16,7080.593,climb,直连,44.162
T16,7081.578,climb,直连,43.837
T16,7082.563,climb,直连,43.524
T16,7083.547,climb,直连,43.221
T16,7084.532,climb,直连,42.929
T16,7085.517,climb,直连,42.646
T16,7086.501,climb,直连,42.373
T16,7087.486,climb,直连,42.107
T16,7088.471,climb,直连,41.85
T16,7089.455,climb,直连,41.6
T16,7090.44,climb,直连,41.357
T16,7091.425,climb,直连,41.12
T16,7092.409,climb,直连,40.89
T16,7093.394,climb,直连,40.665
T16,7094.378,climb,直连,40.447
T16,7095.363,climb,直连,40.234
T16,7096.348,climb,直连,40.025
T16,7097.332,climb,直连,39.822
T16,7098.317,climb,直连,39.624
T16,7099.302,climb,直连,39.429
T16,7100.286,climb,直连,39.239
T16,7101.271,climb,直连,39.053
T16,7102.256,climb,直连,38.871
T16,7103.24,climb,直连,38.693
T16,7103.24,cruise,直连,38.693
T16,7104.236,cruise,直连,38.648
T16,7105.232,cruise,直连,38.514
T16,7106.228,cruise,直连,38.299
T16,7107.223,cruise,直连,38.016
T16,7108.219,cruise,直连,37.677
T16,7109.215,cruise,直连,37.295
T16,7110.211,cruise,直连,36.884
T16,7111.206,cruise,直连,36.453
T16,7112.202,cruise,直连,36.011
T16,7113.198,cruise,直连,35.565
T16,7114.194,cruise,直连,35.12
T16,7115.189,cruise,直连,34.681
T16,7116.185,cruise,直连,34.248
T16,7117.181,cruise,直连,33.825
T16,7118.177,cruise,直连,33.412
T16,7119.172,cruise,直连,33.01
T16,7120.168,cruise,直连,32.62
T16,7121.164,cruise,直连,32.241
T16,7122.16,cruise,直连,31.873
T16,7123.155,cruise,直连,31.516
T16,7124.151,cruise,直连,31.171
T16,7125.147,cruise,直连,30.835
T16,7126.143,cruise,直连,30.51
T16,7127.138,cruise,直连,30.195
T16,7128.134,cruise,直连,29.889
T16,7129.13,cruise,直连,29.591
T16,7130.126,cruise,直连,29.303
T16,7131.121,cruise,直连,29.022
T16,7132.117,cruise,直连,28.749
T16,7133.113,cruise,直连,28.483
T16,7134.109,cruise,直连,28.225
T16,7135.104,cruise,直连,27.973
T16,7136.1,cruise,直连,27.728
T16,7137.096,cruise,直连,27.489
T16,7138.092,cruise,直连,27.256
T16,7139.087,cruise,直连,27.028
T16,7140.083,cruise,直连,26.806
T16,7141.079,cruise,直连,26.589
T16,7142.075,cruise,直连,26.377
T16,7143.07,cruise,直连,26.17
T16,7144.066,cruise,直连,25.967
T16,7145.062,cruise,直连,25.768
T16,7146.058,cruise,直连,25.574
T16,7147.053,cruise,直连,25.384
T16,7148.049,cruise,直连,25.198
T16,7149.045,cruise,直连,25.015
T16,7150.041,cruise,直连,24.836
T16,7151.036,cruise,直连,24.661
T16,7152.032,cruise,直连,24.489
T16,7153.028,cruise,直连,24.32
T16,7154.024,cruise,直连,24.154
T16,7155.019,cruise,直连,23.991
T16,7156.015,cruise,直连,23.831
T16,7157.011,cruise,直连,23.674
T16,7158.007,cruise,直连,23.519
T16,7159.002,cruise,直连,23.368
T16,7159.998,cruise,直连,23.218
T16,7160.994,cruise,直连,23.071
T16,7161.99,cruise,直连,22.927
T16,7162.985,cruise,直连,22.785
T16,7163.981,cruise,直连,22.645
T16,7164.977,cruise,直连,22.507
T16,7165.973,cruise,直连,22.371
T16,7166.968,cruise,直连,22.238
T16,7167.964,cruise,直连,22.106
T16,7168.96,cruise,直连,21.976
T16,7169.956,cruise,直连,21.848
T16,7170.951,cruise,直连,21.722
T16,7171.947,cruise,直连,21.598
T16,7172.943,cruise,直连,21.476
T16,7173.939,cruise,直连,21.355
T16,7174.934,cruise,直连,21.235
T16,7175.93,cruise,直连,21.118
T16,7176.926,cruise,直连,21.002
T16,7177.922,cruise,直连,20.887
T16,7178.917,cruise,直连,20.774
T16,7179.913,cruise,直连,20.662
T16,7180.909,cruise,直连,20.552
T16,7181.905,cruise,直连,20.443
T16,7182.9,cruise,直连,20.335
T16,7183.896,cruise,直连,20.229
T16,7184.892,cruise,直连,20.124
T16,7185.888,cruise,直连,20.02
T16,7186.883,cruise,直连,19.917
T16,7187.879,cruise,直连,19.816
T16,7188.875,cruise,直连,19.715
T16,7189.871,cruise,直连,19.616
T16,7190.866,cruise,直连,19.518
T16,7191.862,cruise,直连,19.421
T16,7192.858,cruise,直连,19.325
T16,7193.854,cruise,直连,19.23
T16,7194.849,cruise,直连,19.137
T16,7195.845,cruise,直连,19.044
T16,7196.841,cruise,直连,18.952
T16,7197.837,cruise,直连,18.861
T16,7198.832,cruise,直连,18.771
T16,7199.828,cruise,直连,18.682
T16,7200.824,cruise,直连,18.594
T16,7201.82,cruise,直连,18.506
T16,7202.815,cruise,直连,18.42
T16,7203.811,cruise,直连,18.334
T16,7204.807,cruise,直连,18.249
T16,7205.803,cruise,直连,18.165
T16,7206.798,cruise,直连,18.082
T16,7207.794,cruise,直连,18.0
T16,7208.79,cruise,直连,17.918
T16,7209.786,cruise,直连,17.837
T16,7210.781,cruise,直连,17.757
T16,7211.777,cruise,直连,17.678
T16,7212.773,cruise,直连,17.599
T16,7213.769,cruise,直连,17.521
T16,7214.764,cruise,直连,17.444
T16,7215.76,cruise,直连,17.367
T16,7216.756,cruise,直连,17.291
T16,7217.752,cruise,直连,17.216
T16,7218.747,cruise,直连,17.141
T16,7219.743,cruise,直连,17.067
T16,7220.739,cruise,直连,16.994
T16,7221.735,cruise,直连,16.921
T16,7222.73,cruise,直连,16.849
T16,7223.726,cruise,直连,16.777
T16,7224.722,cruise,直连,16.706
T16,7225.718,cruise,直连,16.635
T16,7226.713,cruise,直连,16.566
T16,7227.709,cruise,直连,16.496
T16,7228.705,cruise,直连,16.427
T16,7229.701,cruise,直连,16.359
T16,7230.696,cruise,直连,16.291
T16,7231.692,cruise,直连,16.224
T16,7232.688,cruise,直连,16.158
T16,7233.684,cruise,直连,16.091
T16,7234.679,cruise,直连,16.026
T16,7235.675,cruise,直连,15.96
T16,7236.671,cruise,直连,15.896
T16,7237.667,cruise,直连,15.832
T16,7238.662,cruise,直连,15.768
T16,7239.658,cruise,直连,15.704
T16,7240.654,cruise,直连,15.642
T16,7241.65,cruise,直连,15.579
T16,7242.645,cruise,直连,15.517
T16,7243.641,cruise,直连,15.456
T16,7244.637,cruise,直连,15.395
T16,7245.633,cruise,直连,15.334
T16,7246.628,cruise,直连,15.274
T16,7247.624,cruise,直连,15.214
T16,7248.62,cruise,直连,15.154
T16,7249.616,cruise,直连,15.095
T16,7250.611,cruise,直连,15.037
T16,7251.607,cruise,直连,14.979
T16,7252.603,cruise,直连,14.921
T16,7253.599,cruise,直连,14.863
T16,7254.595,cruise,直连,14.806
T16,7255.59,cruise,直连,14.749
T16,7256.586,cruise,直连,14.693
T16,7257.582,cruise,直连,4.637
T16,7258.578,cruise,直连,4.581
T16,7259.573,cruise,直连,14.526
T16,7260.569,cruise,直连,4.471
T16,7261.565,cruise,直连,4.417
T16,7262.561,cruise,直连,4.362
T16,7263.556,cruise,直连,14.308
T16,7264.552,cruise,直连,4.255
T16,7265.548,cruise,直连,4.202
T16,7266.544,cruise,直连,4.149
T16,7267.539,cruise,直连,4.096
T16,7268.535,cruise,直连,4.044
T16,7269.531,cruise,直连,3.992
T16,7270.527,cruise,直连,3.94
T16,7271.522,cruise,直连,3.889
T16,7272.518,cruise,直连,3.838
T16,7273.514,cruise,直连,3.787
T16,7274.51,cruise,直连,3.736
T16,7275.505,cruise,直连,3.686
T16,7276.501,cruise,直连,3.636
T16,7277.497,cruise,直连,3.587
T16,7278.493,cruise,直连,3.537
T16,7279.488,cruise,直连,3.488
T16,7280.484,cruise,直连,3.439
T16,7281.48,cruise,直连,3.391
T16,7282.476,cruise,直连,3.343
T16,7283.471,cruise,直连,3.295
T16,7284.467,cruise,直连,3.247
T16,7285.463,cruise,直连,3.199
T16,7286.459,cruise,直连,3.152
T16,7287.454,cruise,直连,3.105
T16,7288.45,cruise,直连,3.059
T16,7289.446,cruise,直连,3.012
T16,7290.442,cruise,直连,2.966
T16,7290.442,descent,直连,2.966
T16,7291.424,descent,直连,2.966
T16,7292.406,descent,直连,2.967
T16,7293.388,descent,直连,2.967
T16,7294.37,descent,直连,2.967
T16,7295.352,descent,直连,2.968
T16,7296.334,descent,直连,2.968
T16,7297.316,descent,直连,2.969
T16,7298.298,descent,直连,2.969
T16,7299.28,descent,直连,2.969
T16,7300.262,descent,直连,2.97
T16,7301.244,descent,直连,2.97
T16,7302.226,descent,直连,2.97
T16,7303.208,descent,直连,2.971
T16,7304.191,descent,直连,2.971
T16,7305.173,descent,直连,2.971
T16,7306.155,descent,直连,2.971
T16,7307.137,descent,直连,2.972
T16,7308.119,descent,直连,2.972
T16,7309.101,descent,直连,2.972
T16,7310.083,descent,直连,2.972
T16,7311.065,descent,直连,2.973
T16,7312.047,descent,直连,2.973
T16,7313.029,descent,直连,2.973
T16,7314.011,descent,直连,2.973
T16,7314.993,descent,直连,2.974
T16,7315.975,descent,直连,2.974
T16,7316.958,descent,直连,2.974
T16,7317.94,descent,直连,2.974
T16,7318.922,descent,直连,2.975
T16,7319.904,descent,直连,2.975
T16,7320.886,descent,直连,2.975
T16,7321.868,descent,直连,2.975
T16,7322.85,descent,直连,2.975
T16,7322.85,handover,直连,2.975
T16,7562.85,handover,直连,2.975
T16,7562.85,climb,直连,2.975
T16,7563.814,climb,直连,2.975
T16,7564.779,climb,直连,2.975
T16,7565.744,climb,直连,2.975
T16,7566.708,climb,直连,2.974
T16,7567.673,climb,直连,2.974
T16,7568.637,climb,直连,2.974
T16,7569.602,climb,直连,2.974
T16,7570.566,climb,直连,2.973
T16,7571.531,climb,直连,2.973
T16,7572.495,climb,直连,2.973
T16,7573.46,climb,直连,2.973
T16,7574.424,climb,直连,2.972
T16,7575.389,climb,直连,2.972
T16,7576.353,climb,直连,2.972
T16,7577.318,climb,直连,2.971
T16,7578.283,climb,直连,2.971
T16,7579.247,climb,直连,2.971
T16,7580.212,climb,直连,2.97
T16,7581.176,climb,直连,2.97
T16,7582.141,climb,直连,2.969
T16,7583.105,climb,直连,2.969
T16,7584.07,climb,直连,2.969
T16,7585.034,climb,直连,2.968
T16,7585.999,climb,直连,2.968
T16,7586.963,climb,直连,2.967
T16,7587.928,climb,直连,2.967
T16,7588.892,climb,直连,2.966
T16,7589.857,climb,直连,2.966
T16,7589.857,cruise,直连,2.966
T16,7590.853,cruise,直连,3.012
T16,7591.848,cruise,直连,3.059
T16,7592.844,cruise,直连,3.105
T16,7593.84,cruise,直连,3.152
T16,7594.836,cruise,直连,3.199
T16,7595.831,cruise,直连,3.247
T16,7596.827,cruise,直连,3.295
T16,7597.823,cruise,直连,3.343
T16,7598.819,cruise,直连,3.391
T16,7599.814,cruise,直连,3.439
T16,7600.81,cruise,直连,3.488
T16,7601.806,cruise,直连,3.537
T16,7602.802,cruise,直连,3.587
T16,7603.797,cruise,直连,3.636
T16,7604.793,cruise,直连,3.686
T16,7605.789,cruise,直连,3.736
T16,7606.785,cruise,直连,3.787
T16,7607.78,cruise,直连,3.838
T16,7608.776,cruise,直连,3.889
T16,7609.772,cruise,直连,3.94
T16,7610.768,cruise,直连,3.992
T16,7611.763,cruise,直连,4.044
T16,7612.759,cruise,直连,4.096
T16,7613.755,cruise,直连,4.149
T16,7614.751,cruise,直连,4.202
T16,7615.746,cruise,直连,4.255
T16,7616.742,cruise,直连,14.308
T16,7617.738,cruise,直连,4.362
T16,7618.734,cruise,直连,4.417
T16,7619.729,cruise,直连,4.471
T16,7620.725,cruise,直连,14.526
T16,7621.721,cruise,直连,4.581
T16,7622.717,cruise,直连,4.637
T16,7623.712,cruise,直连,14.693
T16,7624.708,cruise,直连,14.749
T16,7625.704,cruise,直连,14.806
T16,7626.7,cruise,直连,14.863
T16,7627.695,cruise,直连,14.921
T16,7628.691,cruise,直连,14.979
T16,7629.687,cruise,直连,15.037
T16,7630.683,cruise,直连,15.095
T16,7631.678,cruise,直连,15.154
T16,7632.674,cruise,直连,15.214
T16,7633.67,cruise,直连,15.274
T16,7634.666,cruise,直连,15.334
T16,7635.661,cruise,直连,15.395
T16,7636.657,cruise,直连,15.456
T16,7637.653,cruise,直连,15.517
T16,7638.649,cruise,直连,15.579
T16,7639.644,cruise,直连,15.642
T16,7640.64,cruise,直连,15.704
T16,7641.636,cruise,直连,15.768
T16,7642.632,cruise,直连,15.832
T16,7643.628,cruise,直连,15.896
T16,7644.623,cruise,直连,15.96
T16,7645.619,cruise,直连,16.026
T16,7646.615,cruise,直连,16.091
T16,7647.611,cruise,直连,16.158
T16,7648.606,cruise,直连,16.224
T16,7649.602,cruise,直连,16.291
T16,7650.598,cruise,直连,16.359
T16,7651.594,cruise,直连,16.427
T16,7652.589,cruise,直连,16.496
T16,7653.585,cruise,直连,16.566
T16,7654.581,cruise,直连,16.635
T16,7655.577,cruise,直连,16.706
T16,7656.572,cruise,直连,16.777
T16,7657.568,cruise,直连,16.849
T16,7658.564,cruise,直连,16.921
T16,7659.56,cruise,直连,16.994
T16,7660.555,cruise,直连,17.067
T16,7661.551,cruise,直连,17.141
T16,7662.547,cruise,直连,17.216
T16,7663.543,cruise,直连,17.291
T16,7664.538,cruise,直连,17.367
T16,7665.534,cruise,直连,17.444
T16,7666.53,cruise,直连,17.521
T16,7667.526,cruise,直连,17.599
T16,7668.521,cruise,直连,17.678
T16,7669.517,cruise,直连,17.757
T16,7670.513,cruise,直连,17.837
T16,7671.509,cruise,直连,17.918
T16,7672.504,cruise,直连,18.0
T16,7673.5,cruise,直连,18.082
T16,7674.496,cruise,直连,18.165
T16,7675.492,cruise,直连,18.249
T16,7676.487,cruise,直连,18.334
T16,7677.483,cruise,直连,18.42
T16,7678.479,cruise,直连,18.506
T16,7679.475,cruise,直连,18.594
T16,7680.47,cruise,直连,18.682
T16,7681.466,cruise,直连,18.771
T16,7682.462,cruise,直连,18.861
T16,7683.458,cruise,直连,18.952
T16,7684.453,cruise,直连,19.044
T16,7685.449,cruise,直连,19.137
T16,7686.445,cruise,直连,19.23
T16,7687.441,cruise,直连,19.325
T16,7688.436,cruise,直连,19.421
T16,7689.432,cruise,直连,19.518
T16,7690.428,cruise,直连,19.616
T16,7691.424,cruise,直连,19.715
T16,7692.419,cruise,直连,19.816
T16,7693.415,cruise,直连,19.917
T16,7694.411,cruise,直连,20.02
T16,7695.407,cruise,直连,20.124
T16,7696.402,cruise,直连,20.229
T16,7697.398,cruise,直连,20.335
T16,7698.394,cruise,直连,20.443
T16,7699.39,cruise,直连,20.552
T16,7700.385,cruise,直连,20.662
T16,7701.381,cruise,直连,20.774
T16,7702.377,cruise,直连,20.887
T16,7703.373,cruise,直连,21.002
T16,7704.368,cruise,直连,21.118
T16,7705.364,cruise,直连,21.235
T16,7706.36,cruise,直连,21.355
T16,7707.356,cruise,直连,21.476
T16,7708.351,cruise,直连,21.598
T16,7709.347,cruise,直连,21.722
T16,7710.343,cruise,直连,21.848
T16,7711.339,cruise,直连,21.976
T16,7712.334,cruise,直连,22.106
T16,7713.33,cruise,直连,22.238
T16,7714.326,cruise,直连,22.371
T16,7715.322,cruise,直连,22.507
T16,7716.317,cruise,直连,22.645
T16,7717.313,cruise,直连,22.785
T16,7718.309,cruise,直连,22.927
T16,7719.305,cruise,直连,23.071
T16,7720.3,cruise,直连,23.218
T16,7721.296,cruise,直连,23.368
T16,7722.292,cruise,直连,23.519
T16,7723.288,cruise,直连,23.674
T16,7724.283,cruise,直连,23.831
T16,7725.279,cruise,直连,23.991
T16,7726.275,cruise,直连,24.154
T16,7727.271,cruise,直连,24.32
T16,7728.266,cruise,直连,24.489
T16,7729.262,cruise,直连,24.661
T16,7730.258,cruise,直连,24.836
T16,7731.254,cruise,直连,25.015
T16,7732.249,cruise,直连,25.198
T16,7733.245,cruise,直连,25.384
T16,7734.241,cruise,直连,25.574
T16,7735.237,cruise,直连,25.768
T16,7736.232,cruise,直连,25.967
T16,7737.228,cruise,直连,26.17
T16,7738.224,cruise,直连,26.377
T16,7739.22,cruise,直连,26.589
T16,7740.215,cruise,直连,26.806
T16,7741.211,cruise,直连,27.028
T16,7742.207,cruise,直连,27.256
T16,7743.203,cruise,直连,27.489
T16,7744.198,cruise,直连,27.728
T16,7745.194,cruise,直连,27.973
T16,7746.19,cruise,直连,28.225
T16,7747.186,cruise,直连,28.483
T16,7748.181,cruise,直连,28.749
T16,7749.177,cruise,直连,29.022
T16,7750.173,cruise,直连,29.303
T16,7751.169,cruise,直连,29.591
T16,7752.164,cruise,直连,29.889
T16,7753.16,cruise,直连,30.195
T16,7754.156,cruise,直连,30.51
T16,7755.152,cruise,直连,30.835
T16,7756.147,cruise,直连,31.171
T16,7757.143,cruise,直连,31.516
T16,7758.139,cruise,直连,31.873
T16,7759.135,cruise,直连,32.241
T16,7760.13,cruise,直连,32.62
T16,7761.126,cruise,直连,33.01
T16,7762.122,cruise,直连,33.412
T16,7763.118,cruise,直连,33.825
T16,7764.113,cruise,直连,34.248
T16,7765.109,cruise,直连,34.681
T16,7766.105,cruise,直连,35.12
T16,7767.101,cruise,直连,35.565
T16,7768.096,cruise,直连,36.011
T16,7769.092,cruise,直连,36.453
T16,7770.088,cruise,直连,36.884
T16,7771.084,cruise,直连,37.295
T16,7772.079,cruise,直连,37.677
T16,7773.075,cruise,直连,38.016
T16,7774.071,cruise,直连,38.299
T16,7775.067,cruise,直连,38.514
T16,7776.062,cruise,直连,38.648
T16,7777.058,cruise,直连,38.693
T16,7777.058,descent,直连,38.693
T16,7778.046,descent,直连,38.842
T16,7779.033,descent,直连,38.993
T16,7780.021,descent,直连,39.147
T16,7781.009,descent,直连,39.304
T16,7781.996,descent,直连,39.464
T16,7782.984,descent,直连,39.626
T16,7783.971,descent,直连,39.792
T16,7784.959,descent,直连,39.961
T16,7785.946,descent,直连,40.134
T16,7786.934,descent,直连,40.309
T16,7787.922,descent,直连,40.489
T16,7788.909,descent,直连,40.672
T16,7789.897,descent,直连,40.859
T16,7790.884,descent,直连,41.051
T16,7791.872,descent,直连,41.246
T16,7792.86,descent,直连,41.446
T16,7793.847,descent,直连,41.651
T16,7794.835,descent,直连,41.861
T16,7795.822,descent,直连,42.076
T16,7796.81,descent,直连,42.297
T16,7797.798,descent,直连,42.523
T16,7798.785,descent,直连,42.755
T16,7799.773,descent,直连,42.994
T16,7800.76,descent,直连,43.239
T16,7801.748,descent,直连,43.492
T16,7802.735,descent,直连,43.752
T16,7803.723,descent,直连,44.02
T16,7804.711,descent,直连,44.296
T16,7805.698,descent,直连,44.582
T16,7806.686,descent,直连,44.878
T16,7807.673,descent,直连,45.184
T16,7808.661,descent,直连,45.501
T16,7809.649,descent,直连,45.83
T16,7810.636,descent,直连,46.172
T16,7811.624,descent,直连,46.528
T16,7812.611,descent,直连,46.899
T16,7813.599,descent,直连,47.287
T16,7814.586,descent,直连,47.693
T16,7815.574,descent,直连,48.119
T16,7816.562,descent,直连,48.566
T16,7817.549,descent,直连,49.039
T16,7818.537,descent,直连,49.538
T16,7819.524,descent,直连,50.068
T16,7820.512,descent,直连,50.632
T16,7821.5,descent,直连,51.236
T16,7822.487,descent,直连,51.884
T16,7823.475,descent,直连,52.585
T16,7824.462,descent,直连,53.347
T16,7825.45,descent,直连,54.183
T16,7826.438,descent,直连,55.108
T16,7827.425,descent,直连,56.144
T16,7828.413,descent,直连,57.319
T16,7829.4,descent,直连,58.679
T16,7830.388,descent,直连,60.292
T16,7831.375,descent,直连,62.275
T16,7832.363,descent,直连,64.849
T16,7833.351,descent,直连,68.523
T16,7834.338,descent,直连,75.016
T16,7835.326,descent,直连,94.048
T16,7836.313,descent,直连,73.263
T16,7837.301,descent,直连,67.649
T16,7838.289,descent,直连,64.267
T16,7839.276,descent,直连,61.839
T16,7840.264,descent,直连,59.943
T16,7841.251,descent,直连,58.388
T16,7842.239,descent,直连,57.07
T16,7843.227,descent,直连,45.925
T17,3524.9,climb,直连,45.925
T17,3525.898,climb,直连,57.082
T17,3526.896,climb,直连,58.418
T17,3527.894,climb,直连,59.997
T17,3528.892,climb,直连,61.928
T17,3529.89,climb,直连,64.415
T17,3530.888,climb,直连,67.913
T17,3531.885,climb,直连,73.862
T17,3532.883,climb,直连,109.594
T17,3533.881,climb,直连,74.151
T17,3534.879,climb,直连,68.057
T17,3535.877,climb,直连,64.511
T17,3536.875,climb,直连,62.0
T17,3537.873,climb,直连,60.055
T17,3538.871,climb,直连,58.466
T17,3539.869,climb,直连,57.124
T17,3540.867,climb,直连,55.961
T17,3541.865,climb,直连,54.936
T17,3542.863,climb,直连,54.019
T17,3543.861,climb,直连,53.19
T17,3544.859,climb,直连,52.433
T17,3545.856,climb,直连,51.737
T17,3546.854,climb,直连,51.093
T17,3547.852,climb,直连,50.493
T17,3548.85,climb,直连,49.932
T17,3549.848,climb,直连,49.405
T17,3550.846,climb,直连,48.908
T17,3551.844,climb,直连,48.438
T17,3552.842,climb,直连,47.992
T17,3553.84,climb,直连,47.567
T17,3554.838,climb,直连,47.163
T17,3555.836,climb,直连,46.777
T17,3556.834,climb,直连,46.407
T17,3557.832,climb,直连,46.052
T17,3558.83,climb,直连,45.711
T17,3559.827,climb,直连,45.383
T17,3560.825,climb,直连,45.067
T17,3561.823,climb,直连,44.762
T17,3562.821,climb,直连,44.467
T17,3563.819,climb,直连,44.182
T17,3564.817,climb,直连,43.907
T17,3565.815,climb,直连,43.639
T17,3566.813,climb,直连,43.38
T17,3567.811,climb,直连,43.128
T17,3568.809,climb,直连,42.883
T17,3569.807,climb,直连,42.645
T17,3570.805,climb,直连,42.413
T17,3571.803,climb,直连,42.187
T17,3572.801,climb,直连,41.967
T17,3573.798,climb,直连,41.753
T17,3574.796,climb,直连,41.543
T17,3575.794,climb,直连,41.339
T17,3576.792,climb,直连,41.139
T17,3577.79,climb,直连,40.944
T17,3578.788,climb,直连,40.753
T17,3579.786,climb,直连,40.566
T17,3580.784,climb,直连,40.383
T17,3581.782,climb,直连,40.204
T17,3582.78,climb,直连,40.028
T17,3583.778,climb,直连,39.856
T17,3584.776,climb,直连,39.688
T17,3585.774,climb,直连,39.522
T17,3586.771,climb,直连,39.36
T17,3587.769,climb,直连,39.2
T17,3588.767,climb,直连,39.044
T17,3589.765,climb,直连,38.89
T17,3590.763,climb,直连,38.739
T17,3591.761,climb,直连,38.59
T17,3592.759,climb,直连,38.444
T17,3593.757,climb,直连,38.301
T17,3594.755,climb,直连,38.159
T17,3595.753,climb,直连,38.02
T17,3596.751,climb,直连,37.884
T17,3597.749,climb,直连,37.749
T17,3598.747,climb,直连,37.616
T17,3599.745,climb,直连,37.486
T17,3600.742,climb,直连,37.357
T17,3601.74,climb,直连,37.23
T17,3602.738,climb,直连,37.105
T17,3603.736,climb,直连,36.982
T17,3604.734,climb,直连,36.86
T17,3605.732,climb,直连,36.741
T17,3606.73,climb,直连,36.622
T17,3607.728,climb,直连,36.506
T17,3608.726,climb,直连,36.391
T17,3609.724,climb,直连,36.277
T17,3610.722,climb,直连,36.165
T17,3611.72,climb,直连,36.054
T17,3612.718,climb,直连,35.945
T17,3613.716,climb,直连,35.837
T17,3614.713,climb,直连,35.73
T17,3615.711,climb,直连,35.625
T17,3616.709,climb,直连,35.521
T17,3617.707,climb,直连,35.418
T17,3618.705,climb,直连,35.317
T17,3619.703,climb,直连,35.216
T17,3620.701,climb,直连,35.117
T17,3620.701,cruise,直连,35.117
T17,3621.7,cruise,直连,35.097
T17,3622.7,cruise,直连,35.037
T17,3623.699,cruise,直连,34.938
T17,3624.698,cruise,直连,34.804
T17,3625.697,cruise,直连,34.638
T17,3626.697,cruise,直连,34.443
T17,3627.696,cruise,直连,34.223
T17,3628.695,cruise,直连,33.983
T17,3629.694,cruise,直连,33.725
T17,3630.694,cruise,直连,33.455
T17,3631.693,cruise,直连,33.174
T17,3632.692,cruise,直连,32.886
T17,3633.691,cruise,直连,32.593
T17,3634.691,cruise,直连,32.298
T17,3635.69,cruise,直连,32.001
T17,3636.689,cruise,直连,31.705
T17,3637.688,cruise,直连,31.411
T17,3638.688,cruise,直连,31.119
T17,3639.687,cruise,直连,30.83
T17,3640.686,cruise,直连,30.545
T17,3641.686,cruise,直连,30.265
T17,3642.685,cruise,直连,29.989
T17,3643.684,cruise,直连,29.718
T17,3644.683,cruise,直连,29.452
T17,3645.683,cruise,直连,29.19
T17,3646.682,cruise,直连,28.934
T17,3647.681,cruise,直连,28.683
T17,3648.68,cruise,直连,28.437
T17,3649.68,cruise,直连,28.196
T17,3650.679,cruise,直连,27.96
T17,3651.678,cruise,直连,27.728
T17,3652.677,cruise,直连,27.501
T17,3653.677,cruise,直连,27.279
T17,3654.676,cruise,直连,27.062
T17,3655.675,cruise,直连,26.848
T17,3656.674,cruise,直连,26.639
T17,3657.674,cruise,直连,26.434
T17,3658.673,cruise,直连,26.233
T17,3659.672,cruise,直连,26.036
T17,3660.672,cruise,直连,25.843
T17,3661.671,cruise,直连,25.653
T17,3662.67,cruise,直连,25.467
T17,3663.669,cruise,直连,25.284
T17,3664.669,cruise,直连,25.105
T17,3665.668,cruise,直连,24.929
T17,3666.667,cruise,直连,24.756
T17,3667.666,cruise,直连,24.586
T17,3668.666,cruise,直连,24.419
T17,3669.665,cruise,直连,24.255
T17,3670.664,cruise,直连,24.093
T17,3671.663,cruise,直连,23.935
T17,3672.663,cruise,直连,23.779
T17,3673.662,cruise,直连,23.625
T17,3674.661,cruise,直连,23.474
T17,3675.66,cruise,直连,23.326
T17,3676.66,cruise,直连,23.179
T17,3677.659,cruise,直连,23.035
T17,3678.658,cruise,直连,22.893
T17,3679.658,cruise,直连,22.754
T17,3680.657,cruise,直连,22.616
T17,3681.656,cruise,直连,22.48
T17,3682.655,cruise,直连,22.347
T17,3683.655,cruise,直连,22.215
T17,3684.654,cruise,直连,22.085
T17,3685.653,cruise,直连,21.957
T17,3686.652,cruise,直连,21.831
T17,3687.652,cruise,直连,21.706
T17,3688.651,cruise,直连,21.583
T17,3689.65,cruise,直连,21.462
T17,3690.649,cruise,直连,21.342
T17,3691.649,cruise,直连,21.224
T17,3692.648,cruise,直连,21.108
T17,3693.647,cruise,直连,20.992
T17,3694.646,cruise,直连,20.879
T17,3695.646,cruise,直连,20.767
T17,3696.645,cruise,直连,20.656
T17,3697.644,cruise,直连,20.546
T17,3698.644,cruise,直连,20.438
T17,3699.643,cruise,直连,20.331
T17,3700.642,cruise,直连,20.225
T17,3701.641,cruise,直连,20.121
T17,3702.641,cruise,直连,20.018
T17,3703.64,cruise,直连,19.916
T17,3704.639,cruise,直连,19.815
T17,3705.638,cruise,直连,19.715
T17,3706.638,cruise,直连,19.616
T17,3707.637,cruise,直连,19.519
T17,3708.636,cruise,直连,19.422
T17,3709.635,cruise,直连,19.326
T17,3710.635,cruise,直连,19.232
T17,3711.634,cruise,直连,19.138
T17,3712.633,cruise,直连,19.046
T17,3713.632,cruise,直连,18.954
T17,3714.632,cruise,直连,18.864
T17,3715.631,cruise,直连,18.774
T17,3716.63,cruise,直连,18.685
T17,3717.63,cruise,直连,18.597
T17,3718.629,cruise,直连,18.51
T17,3719.628,cruise,直连,18.424
T17,3720.627,cruise,直连,18.338
T17,3721.627,cruise,直连,18.254
T17,3722.626,cruise,直连,18.17
T17,3723.625,cruise,直连,18.087
T17,3724.624,cruise,直连,18.004
T17,3725.624,cruise,直连,17.923
T17,3726.623,cruise,直连,17.842
T17,3727.622,cruise,直连,17.762
T17,3728.621,cruise,直连,17.683
T17,3729.621,cruise,直连,17.604
T17,3730.62,cruise,直连,17.526
T17,3731.619,cruise,直连,17.449
T17,3732.618,cruise,直连,17.372
T17,3733.618,cruise,直连,17.296
T17,3734.617,cruise,直连,17.221
T17,3735.616,cruise,直连,17.146
T17,3736.615,cruise,直连,17.072
T17,3737.615,cruise,直连,16.999
T17,3738.614,cruise,直连,16.926
T17,3739.613,cruise,直连,16.854
T17,3740.613,cruise,直连,16.782
T17,3741.612,cruise,直连,16.711
T17,3742.611,cruise,直连,16.641
T17,3743.61,cruise,直连,16.571
T17,3744.61,cruise,直连,16.502
T17,3745.609,cruise,直连,16.433
T17,3746.608,cruise,直连,16.365
T17,3747.607,cruise,直连,16.297
T17,3748.607,cruise,直连,16.23
T17,3749.606,cruise,直连,16.163
T17,3750.605,cruise,直连,16.097
T17,3751.604,cruise,直连,16.031
T17,3752.604,cruise,直连,15.966
T17,3753.603,cruise,直连,15.901
T17,3754.602,cruise,直连,15.837
T17,3755.601,cruise,直连,15.773
T17,3756.601,cruise,直连,15.709
T17,3757.6,cruise,直连,15.647
T17,3758.599,cruise,直连,15.584
T17,3759.599,cruise,直连,15.522
T17,3760.598,cruise,直连,15.46
T17,3761.597,cruise,直连,15.399
T17,3762.596,cruise,直连,15.339
T17,3763.596,cruise,直连,15.278
T17,3764.595,cruise,直连,15.218
T17,3765.594,cruise,直连,15.159
T17,3766.593,cruise,直连,15.1
T17,3767.593,cruise,直连,15.041
T17,3768.592,cruise,直连,14.983
T17,3769.591,cruise,直连,14.925
T17,3770.59,cruise,直连,14.867
T17,3771.59,cruise,直连,14.81
T17,3772.589,cruise,直连,14.753
T17,3773.588,cruise,直连,14.697
T17,3774.587,cruise,直连,14.641
T17,3775.587,cruise,直连,14.585
T17,3776.586,cruise,直连,14.53
T17,3777.585,cruise,直连,14.475
T17,3778.585,cruise,直连,14.42
T17,3779.584,cruise,直连,14.366
T17,3780.583,cruise,直连,14.312
T17,3781.582,cruise,直连,14.258
T17,3782.582,cruise,直连,14.205
T17,3783.581,cruise,直连,14.152
T17,3784.58,cruise,直连,14.099
T17,3785.579,cruise,直连,14.047
T17,3786.579,cruise,直连,13.994
T17,3787.578,cruise,直连,13.943
T17,3788.577,cruise,直连,13.891
T17,3789.576,cruise,直连,13.84
T17,3790.576,cruise,直连,13.789
T17,3791.575,cruise,直连,13.739
T17,3792.574,cruise,直连,13.688
T17,3793.573,cruise,直连,13.638
T17,3794.573,cruise,直连,13.589
T17,3795.572,cruise,直连,13.539
T17,3796.571,cruise,直连,13.49
T17,3797.571,cruise,直连,13.441
T17,3798.57,cruise,直连,13.393
T17,3799.569,cruise,直连,13.344
T17,3800.568,cruise,直连,13.296
T17,3801.568,cruise,直连,13.248
T17,3802.567,cruise,直连,13.201
T17,3803.566,cruise,直连,13.154
T17,3804.565,cruise,直连,13.107
T17,3805.565,cruise,直连,13.06
T17,3806.564,cruise,直连,13.013
T17,3807.563,cruise,直连,12.967
T17,3808.562,cruise,直连,12.921
T17,3809.562,cruise,直连,12.875
T17,3810.561,cruise,直连,12.83
T17,3811.56,cruise,直连,12.784
T17,3812.559,cruise,直连,12.739
T17,3813.559,cruise,直连,12.694
T17,3814.558,cruise,直连,12.65
T17,3815.557,cruise,直连,12.605
T17,3816.557,cruise,直连,12.561
T17,3817.556,cruise,直连,12.517
T17,3818.555,cruise,直连,12.473
T17,3819.554,cruise,直连,12.43
T17,3820.554,cruise,直连,12.386
T17,3821.553,cruise,直连,12.343
T17,3822.552,cruise,直连,12.301
T17,3823.551,cruise,直连,12.258
T17,3824.551,cruise,直连,12.215
T17,3825.55,cruise,直连,12.173
T17,3826.549,cruise,直连,12.131
T17,3827.548,cruise,直连,12.089
T17,3828.548,cruise,直连,12.048
T17,3829.547,cruise,直连,12.006
T17,3830.546,cruise,直连,11.965
T17,3831.545,cruise,直连,11.924
T17,3832.545,cruise,直连,11.883
T17,3833.544,cruise,直连,11.842
T17,3834.543,cruise,直连,11.802
T17,3835.543,cruise,直连,11.761
T17,3836.542,cruise,直连,11.721
T17,3837.541,cruise,直连,11.681
T17,3838.54,cruise,直连,11.642
T17,3839.54,cruise,直连,11.602
T17,3840.539,cruise,直连,11.563
T17,3841.538,cruise,直连,11.523
T17,3842.537,cruise,直连,11.484
T17,3843.537,cruise,直连,11.446
T17,3844.536,cruise,直连,11.407
T17,3845.535,cruise,直连,11.368
T17,3846.534,cruise,直连,11.33
T17,3847.534,cruise,直连,11.292
T17,3848.533,cruise,直连,11.254
T17,3849.532,cruise,直连,11.216
T17,3850.531,cruise,直连,11.178
T17,3851.531,cruise,直连,11.141
T17,3852.53,cruise,直连,11.103
T17,3853.529,cruise,直连,11.066
T17,3854.529,cruise,直连,11.029
T17,3855.528,cruise,直连,10.992
T17,3856.527,cruise,直连,10.955
T17,3857.526,cruise,直连,10.919
T17,3858.526,cruise,直连,10.882
T17,3859.525,cruise,直连,10.846
T17,3860.524,cruise,直连,10.81
T17,3861.523,cruise,直连,10.774
T17,3862.523,cruise,直连,10.738
T17,3863.522,cruise,直连,10.702
T17,3864.521,cruise,直连,10.667
T17,3865.52,cruise,直连,10.632
T17,3866.52,cruise,直连,10.596
T17,3867.519,cruise,直连,10.561
T17,3868.518,cruise,直连,10.526
T17,3869.517,cruise,直连,10.491
T17,3870.517,cruise,直连,10.457
T17,3871.516,cruise,直连,10.422
T17,3872.515,cruise,直连,10.388
T17,3873.515,cruise,直连,10.353
T17,3874.514,cruise,直连,10.319
T17,3875.513,cruise,直连,10.285
T17,3876.512,cruise,直连,10.251
T17,3877.512,cruise,直连,10.218
T17,3878.511,cruise,直连,10.184
T17,3879.51,cruise,直连,10.15
T17,3880.509,cruise,直连,10.117
T17,3881.509,cruise,直连,10.084
T17,3882.508,cruise,直连,10.051
T17,3883.507,cruise,直连,10.018
T17,3884.506,cruise,直连,9.985
T17,3885.506,cruise,直连,9.952
T17,3886.505,cruise,直连,9.92
T17,3887.504,cruise,直连,9.887
T17,3888.503,cruise,直连,9.855
T17,3889.503,cruise,直连,9.822
T17,3890.502,cruise,直连,9.79
T17,3891.501,cruise,直连,9.758
T17,3892.501,cruise,直连,9.726
T17,3893.5,cruise,直连,9.695
T17,3894.499,cruise,直连,9.663
T17,3895.498,cruise,直连,9.631
T17,3896.498,cruise,直连,9.6
T17,3897.497,cruise,直连,9.569
T17,3898.496,cruise,直连,9.537
T17,3899.495,cruise,直连,9.506
T17,3900.495,cruise,直连,9.475
T17,3901.494,cruise,直连,9.444
T17,3902.493,cruise,直连,9.414
T17,3903.492,cruise,直连,9.383
T17,3904.492,cruise,直连,9.352
T17,3905.491,cruise,直连,9.322
T17,3906.49,cruise,直连,9.292
T17,3907.489,cruise,直连,9.261
T17,3908.489,cruise,直连,9.231
T17,3909.488,cruise,直连,9.201
T17,3910.487,cruise,直连,9.171
T17,3911.487,cruise,直连,9.141
T17,3912.486,cruise,直连,9.112
T17,3913.485,cruise,直连,9.082
T17,3914.484,cruise,直连,9.053
T17,3915.484,cruise,直连,9.023
T17,3916.483,cruise,中继,11.242
T17,3917.482,cruise,直连,8.965
T17,3918.481,cruise,直连,8.936
T17,3919.481,cruise,中继,11.325
T17,3920.48,cruise,中继,11.352
T17,3921.479,cruise,直连,8.849
T17,3922.478,cruise,中继,11.381
T17,3923.478,cruise,中继,11.381
T17,3924.477,cruise,中继,11.381
T17,3925.476,cruise,中继,11.381
T17,3926.475,cruise,中继,11.381
T17,3927.475,cruise,中继,11.381
T17,3928.474,cruise,中继,11.381
T17,3929.473,cruise,中继,11.381
T17,3930.472,cruise,中继,11.381
T17,3931.472,cruise,中继,11.381
T17,3932.471,cruise,中继,11.381
T17,3933.47,cruise,中继,11.381
T17,3934.47,cruise,中继,11.381
T17,3935.469,cruise,中继,11.381
T17,3936.468,cruise,中继,11.381
T17,3937.467,cruise,中继,11.381
T17,3938.467,cruise,中继,11.381
T17,3939.466,cruise,中继,11.381
T17,3940.465,cruise,中继,11.381
T17,3941.464,cruise,中继,11.381
T17,3942.464,cruise,中继,11.381
T17,3943.463,cruise,中继,11.381
T17,3944.462,cruise,中继,11.381
T17,3945.461,cruise,中继,11.381
T17,3946.461,cruise,中继,11.381
T17,3947.46,cruise,中继,11.381
T17,3948.459,cruise,中继,11.381
T17,3949.458,cruise,中继,11.381
T17,3950.458,cruise,中继,11.381
T17,3951.457,cruise,中继,11.381
T17,3952.456,cruise,中继,11.381
T17,3953.456,cruise,中继,11.381
T17,3954.455,cruise,中继,11.381
T17,3955.454,cruise,中继,11.381
T17,3956.453,cruise,中继,11.381
T17,3957.453,cruise,中继,11.381
T17,3958.452,cruise,中继,11.381
T17,3959.451,cruise,中继,11.381
T17,3960.45,cruise,中继,11.381
T17,3961.45,cruise,中继,11.381
T17,3962.449,cruise,中继,11.381
T17,3963.448,cruise,中继,11.381
T17,3964.447,cruise,中继,11.381
T17,3965.447,cruise,中继,11.381
T17,3966.446,cruise,中继,11.381
T17,3967.445,cruise,中继,11.381
T17,3968.444,cruise,中继,11.381
T17,3969.444,cruise,中继,11.381
T17,3970.443,cruise,中继,11.381
T17,3971.442,cruise,中继,11.381
T17,3972.442,cruise,中继,11.381
T17,3973.441,cruise,中继,11.381
T17,3974.44,cruise,中继,11.381
T17,3975.439,cruise,中继,11.381
T17,3976.439,cruise,中继,11.381
T17,3977.438,cruise,中继,11.381
T17,3978.437,cruise,中继,11.381
T17,3979.436,cruise,中继,11.381
T17,3980.436,cruise,中继,11.381
T17,3981.435,cruise,中继,11.381
T17,3982.434,cruise,中继,11.381
T17,3983.433,cruise,中继,11.381
T17,3984.433,cruise,中继,11.381
T17,3985.432,cruise,中继,11.381
T17,3986.431,cruise,中继,11.381
T17,3987.43,cruise,中继,11.381
T17,3988.43,cruise,中继,11.381
T17,3989.429,cruise,中继,11.381
T17,3990.428,cruise,中继,11.381
T17,3991.428,cruise,中继,11.381
T17,3992.427,cruise,中继,11.381
T17,3993.426,cruise,中继,11.381
T17,3994.425,cruise,中继,11.381
T17,3995.425,cruise,中继,11.381
T17,3996.424,cruise,中继,11.381
T17,3997.423,cruise,中继,11.376
T17,3998.422,cruise,中继,11.349
T17,3999.422,cruise,中继,11.323
T17,4000.421,cruise,中继,11.296
T17,4001.42,cruise,中继,11.268
T17,4002.419,cruise,中继,11.24
T17,4003.419,cruise,中继,11.211
T17,4004.418,cruise,中继,11.182
T17,4005.417,cruise,中继,11.152
T17,4006.416,cruise,中继,11.122
T17,4007.416,cruise,中继,11.092
T17,4008.415,cruise,中继,11.061
T17,4009.414,cruise,中继,11.03
T17,4010.414,cruise,中继,10.998
T17,4011.413,cruise,中继,10.966
T17,4012.412,cruise,中继,10.933
T17,4013.411,cruise,中继,10.901
T17,4014.411,cruise,中继,10.867
T17,4015.41,cruise,中继,10.834
T17,4016.409,cruise,中继,10.8
T17,4017.408,cruise,中继,10.766
T17,4018.408,cruise,中继,10.731
T17,4019.407,cruise,中继,10.696
T17,4020.406,cruise,中继,10.661
T17,4021.405,cruise,中继,10.626
T17,4022.405,cruise,中继,10.59
T17,4023.404,cruise,中继,10.554
T17,4024.403,cruise,中继,10.518
T17,4025.402,cruise,中继,10.481
T17,4026.402,cruise,中继,10.445
T17,4027.401,cruise,中继,10.408
T17,4028.4,cruise,中继,10.371
T17,4029.4,cruise,中继,10.333
T17,4030.399,cruise,中继,10.295
T17,4031.398,cruise,中继,10.258
T17,4032.397,cruise,中继,10.22
T17,4033.397,cruise,中继,10.181
T17,4034.396,cruise,中继,10.143
T17,4035.395,cruise,中继,10.104
T17,4036.394,cruise,中继,10.066
T17,4037.394,cruise,中继,10.027
T17,4038.393,cruise,中继,9.988
T17,4039.392,cruise,中继,9.948
T17,4040.391,cruise,中继,9.909
T17,4041.391,cruise,中继,9.87
T17,4042.39,cruise,中继,9.83
T17,4043.389,cruise,中继,9.79
T17,4044.388,cruise,中继,9.751
T17,4045.388,cruise,中继,9.711
T17,4046.387,cruise,中继,9.671
T17,4047.386,cruise,中继,9.631
T17,4048.386,cruise,中继,9.59
T17,4049.385,cruise,中继,9.55
T17,4050.384,cruise,中继,9.51
T17,4051.383,cruise,中继,9.469
T17,4052.383,cruise,中继,9.429
T17,4053.382,cruise,中继,9.388
T17,4054.381,cruise,中继,9.348
T17,4055.38,cruise,中继,9.307
T17,4056.38,cruise,中继,9.267
T17,4057.379,cruise,中继,9.226
T17,4058.378,cruise,中继,9.185
T17,4059.377,cruise,中继,9.144
T17,4060.377,cruise,中继,9.104
T17,4061.376,cruise,中继,9.063
T17,4062.375,cruise,中继,9.022
T17,4063.374,cruise,中继,8.981
T17,4064.374,cruise,中继,8.94
T17,4065.373,cruise,中继,8.899
T17,4066.372,cruise,中继,8.859
T17,4067.372,cruise,中继,8.818
T17,4068.371,cruise,中继,8.777
T17,4069.37,cruise,中继,8.736
T17,4070.369,cruise,中继,8.695
T17,4071.369,cruise,中继,8.654
T17,4072.368,cruise,中继,8.614
T17,4073.367,cruise,中继,8.573
T17,4074.366,cruise,中继,8.532
T17,4075.366,cruise,中继,8.491
T17,4076.365,cruise,中继,8.451
T17,4077.364,cruise,中继,8.41
T17,4078.363,cruise,中继,8.369
T17,4079.363,cruise,中继,8.329
T17,4080.362,cruise,中继,8.288
T17,4081.361,cruise,中继,8.248
T17,4082.36,cruise,中继,8.207
T17,4083.36,cruise,中继,8.167
T17,4084.359,cruise,中继,8.127
T17,4085.358,cruise,中继,8.086
T17,4086.358,cruise,中继,8.046
T17,4087.357,cruise,中继,8.006
T17,4088.356,cruise,中继,7.966
T17,4089.355,cruise,中继,7.926
T17,4090.355,cruise,中继,7.886
T17,4091.354,cruise,中继,7.846
T17,4092.353,cruise,中继,7.806
T17,4093.352,cruise,中继,7.766
T17,4094.352,cruise,中继,7.726
T17,4095.351,cruise,中继,7.687
T17,4096.35,cruise,中继,7.647
T17,4097.349,cruise,中继,7.608
T17,4098.349,cruise,中继,7.568
T17,4099.348,cruise,中继,7.529
T17,4100.347,cruise,中继,7.489
T17,4101.346,cruise,中继,7.45
T17,4102.346,cruise,中继,7.411
T17,4103.345,cruise,中继,7.372
T17,4104.344,cruise,中继,7.333
T17,4105.344,cruise,中继,7.294
T17,4106.343,cruise,中继,7.255
T17,4107.342,cruise,中继,7.216
T17,4108.341,cruise,中继,7.178
T17,4109.341,cruise,中继,7.139
T17,4110.34,cruise,中继,7.101
T17,4111.339,cruise,中继,7.062
T17,4112.338,cruise,中继,7.024
T17,4113.338,cruise,中继,6.986
T17,4114.337,cruise,中继,6.948
T17,4115.336,cruise,中继,6.909
T17,4116.335,cruise,中继,6.872
T17,4117.335,cruise,中继,6.834
T17,4118.334,cruise,中继,6.796
T17,4119.333,cruise,中继,6.758
T17,4120.332,cruise,中继,6.721
T17,4121.332,cruise,中继,6.683
T17,4122.331,cruise,中继,6.646
T17,4123.33,cruise,中继,6.608
T17,4124.329,cruise,中继,6.571
T17,4125.329,cruise,中继,6.534
T17,4126.328,cruise,中继,6.497
T17,4127.327,cruise,中继,6.46
T17,4128.327,cruise,中继,6.423
T17,4129.326,cruise,中继,6.386
T17,4130.325,cruise,中继,6.35
T17,4131.324,cruise,中继,6.313
T17,4132.324,cruise,中继,6.276
T17,4133.323,cruise,中继,6.24
T17,4134.322,cruise,中继,6.204
T17,4135.321,cruise,中继,6.168
T17,4136.321,cruise,中继,6.131
T17,4137.32,cruise,中继,6.095
T17,4138.319,cruise,中继,6.059
T17,4139.318,cruise,中继,6.024
T17,4140.318,cruise,中继,5.988
T17,4141.317,cruise,中继,5.952
T17,4142.316,cruise,中继,5.917
T17,4143.315,cruise,中继,5.881
T17,4144.315,cruise,中继,5.846
T17,4145.314,cruise,中继,5.811
T17,4146.313,cruise,中继,5.776
T17,4147.313,cruise,中继,5.741
T17,4148.312,cruise,中继,5.706
T17,4149.311,cruise,中继,5.671
T17,4150.31,cruise,中继,5.636
T17,4151.31,cruise,中继,5.601
T17,4152.309,cruise,中继,5.567
T17,4153.308,cruise,中继,5.532
T17,4154.307,cruise,中继,5.498
T17,4155.307,cruise,中继,5.464
T17,4156.306,cruise,中继,5.429
T17,4157.305,cruise,中继,5.395
T17,4158.304,cruise,中继,5.361
T17,4159.304,cruise,中继,5.327
T17,4159.304,descent,中继,5.327
T17,4160.286,descent,中继,5.327
T17,4161.269,descent,中继,5.326
T17,4162.252,descent,中继,5.325
T17,4163.234,descent,中继,5.325
T17,4164.217,descent,中继,5.324
T17,4165.2,descent,中继,5.323
T17,4166.182,descent,中继,5.323
T17,4167.165,descent,中继,5.322
T17,4168.148,descent,中继,5.321
T17,4169.13,descent,中继,5.32
T17,4170.113,descent,中继,5.32
T17,4171.096,descent,中继,5.319
T17,4172.079,descent,中继,5.318
T17,4173.061,descent,中继,5.317
T17,4174.044,descent,中继,5.317
T17,4175.027,descent,中继,5.316
T17,4176.009,descent,中继,5.315
T17,4176.992,descent,中继,5.315
T17,4177.975,descent,中继,5.314
T17,4178.957,descent,中继,5.313
T17,4179.94,descent,中继,5.312
T17,4180.923,descent,中继,5.312
T17,4181.905,descent,中继,5.311
T17,4182.888,descent,中继,5.31
T17,4183.871,descent,中继,5.309
T17,4184.853,descent,中继,5.308
T17,4185.836,descent,中继,5.308
T17,4186.819,descent,中继,5.307
T17,4187.801,descent,中继,5.306
T17,4188.784,descent,中继,5.305
T17,4189.767,descent,中继,5.305
T17,4190.749,descent,中继,5.304
T17,4191.732,descent,中继,5.303
T17,4192.715,descent,中继,5.302
T17,4193.697,descent,中继,5.301
T17,4194.68,descent,中继,5.301
T17,4195.663,descent,中继,5.3
T17,4196.645,descent,中继,5.299
T17,4197.628,descent,中继,5.298
T17,4198.611,descent,中继,5.298
T17,4199.594,descent,中继,5.297
T17,4200.576,descent,中继,5.296
T17,4201.559,descent,中继,5.295
T17,4202.542,descent,中继,5.294
T17,4203.524,descent,中继,5.293
T17,4204.507,descent,中继,5.293
T17,4205.49,descent,中继,5.292
T17,4206.472,descent,中继,5.291
T17,4207.455,descent,中继,5.29
T17,4207.455,handover,中继,5.29
T17,4495.455,handover,中继,5.29
T17,4495.455,climb,中继,5.29
T17,4496.443,climb,中继,5.291
T17,4497.43,climb,中继,5.292
T17,4498.418,climb,中继,5.293
T17,4499.406,climb,中继,5.294
T17,4500.394,climb,中继,5.295
T17,4501.381,climb,中继,5.296
T17,4502.369,climb,中继,5.297
T17,4503.357,climb,中继,5.298
T17,4504.344,climb,中继,5.299
T17,4505.332,climb,中继,5.3
T17,4506.32,climb,中继,5.301
T17,4507.308,climb,中继,5.302
T17,4508.295,climb,中继,5.303
T17,4509.283,climb,中继,5.304
T17,4510.271,climb,中继,5.305
T17,4511.258,climb,中继,5.306
T17,4512.246,climb,中继,5.307
T17,4513.234,climb,中继,5.308
T17,4514.222,climb,中继,5.309
T17,4515.209,climb,中继,5.31
T17,4516.197,climb,中继,5.311
T17,4517.185,climb,中继,5.312
T17,4518.172,climb,中继,5.313
T17,4519.16,climb,中继,5.314
T17,4520.148,climb,中继,5.315
T17,4521.136,climb,中继,5.316
T17,4522.123,climb,中继,5.317
T17,4523.111,climb,中继,5.318
T17,4524.099,climb,中继,5.319
T17,4525.086,climb,中继,5.319
T17,4526.074,climb,中继,5.32
T17,4527.062,climb,中继,5.321
T17,4528.05,climb,中继,5.322
T17,4529.037,climb,中继,5.323
T17,4530.025,climb,中继,5.324
T17,4531.013,climb,中继,5.325
T17,4532.001,climb,中继,5.326
T17,4532.988,climb,中继,5.327
T17,4533.976,climb,中继,5.327
T17,4533.976,cruise,中继,5.327
T17,4534.975,cruise,中继,5.361
T17,4535.974,cruise,中继,5.395
T17,4536.974,cruise,中继,5.429
T17,4537.973,cruise,中继,5.464
T17,4538.972,cruise,中继,5.498
T17,4539.972,cruise,中继,5.532
T17,4540.971,cruise,中继,5.567
T17,4541.97,cruise,中继,5.601
T17,4542.969,cruise,中继,5.636
T17,4543.969,cruise,中继,5.671
T17,4544.968,cruise,中继,5.706
T17,4545.967,cruise,中继,5.741
T17,4546.966,cruise,中继,5.776
T17,4547.966,cruise,中继,5.811
T17,4548.965,cruise,中继,5.846
T17,4549.964,cruise,中继,5.881
T17,4550.963,cruise,中继,5.917
T17,4551.963,cruise,中继,5.952
T17,4552.962,cruise,中继,5.988
T17,4553.961,cruise,中继,6.024
T17,4554.96,cruise,中继,6.059
T17,4555.96,cruise,中继,6.095
T17,4556.959,cruise,中继,6.131
T17,4557.958,cruise,中继,6.168
T17,4558.958,cruise,中继,6.204
T17,4559.957,cruise,中继,6.24
T17,4560.956,cruise,中继,6.276
T17,4561.955,cruise,中继,6.313
T17,4562.955,cruise,中继,6.35
T17,4563.954,cruise,中继,6.386
T17,4564.953,cruise,中继,6.423
T17,4565.952,cruise,中继,6.46
T17,4566.952,cruise,中继,6.497
T17,4567.951,cruise,中继,6.534
T17,4568.95,cruise,中继,6.571
T17,4569.949,cruise,中继,6.608
T17,4570.949,cruise,中继,6.646
T17,4571.948,cruise,中继,6.683
T17,4572.947,cruise,中继,6.721
T17,4573.946,cruise,中继,6.758
T17,4574.946,cruise,中继,6.796
T17,4575.945,cruise,中继,6.834
T17,4576.944,cruise,中继,6.872
T17,4577.944,cruise,中继,6.909
T17,4578.943,cruise,中继,6.948
T17,4579.942,cruise,中继,6.986
T17,4580.941,cruise,中继,7.024
T17,4581.941,cruise,中继,7.062
T17,4582.94,cruise,中继,7.101
T17,4583.939,cruise,中继,7.139
T17,4584.938,cruise,中继,7.178
T17,4585.938,cruise,中继,7.216
T17,4586.937,cruise,中继,7.255
T17,4587.936,cruise,中继,7.294
T17,4588.935,cruise,中继,7.333
T17,4589.935,cruise,中继,7.372
T17,4590.934,cruise,中继,7.411
T17,4591.933,cruise,中继,7.45
T17,4592.932,cruise,中继,7.489
T17,4593.932,cruise,中继,7.529
T17,4594.931,cruise,中继,7.568
T17,4595.93,cruise,中继,7.608
T17,4596.93,cruise,中继,7.647
T17,4597.929,cruise,中继,7.687
T17,4598.928,cruise,中继,7.726
T17,4599.927,cruise,中继,7.766
T17,4600.927,cruise,中继,7.806
T17,4601.926,cruise,中继,7.846
T17,4602.925,cruise,中继,7.886
T17,4603.924,cruise,中继,7.926
T17,4604.924,cruise,中继,7.966
T17,4605.923,cruise,中继,8.006
T17,4606.922,cruise,中继,8.046
T17,4607.921,cruise,中继,8.086
T17,4608.921,cruise,中继,8.127
T17,4609.92,cruise,中继,8.167
T17,4610.919,cruise,中继,8.207
T17,4611.918,cruise,中继,8.248
T17,4612.918,cruise,中继,8.288
T17,4613.917,cruise,中继,8.329
T17,4614.916,cruise,中继,8.369
T17,4615.916,cruise,中继,8.41
T17,4616.915,cruise,中继,8.451
T17,4617.914,cruise,中继,8.491
T17,4618.913,cruise,中继,8.532
T17,4619.913,cruise,中继,8.573
T17,4620.912,cruise,中继,8.614
T17,4621.911,cruise,中继,8.654
T17,4622.91,cruise,中继,8.695
T17,4623.91,cruise,中继,8.736
T17,4624.909,cruise,中继,8.777
T17,4625.908,cruise,中继,8.818
T17,4626.907,cruise,中继,8.859
T17,4627.907,cruise,中继,8.899
T17,4628.906,cruise,中继,8.94
T17,4629.905,cruise,中继,8.981
T17,4630.904,cruise,中继,9.022
T17,4631.904,cruise,中继,9.063
T17,4632.903,cruise,中继,9.104
T17,4633.902,cruise,中继,9.144
T17,4634.902,cruise,中继,9.185
T17,4635.901,cruise,中继,9.226
T17,4636.9,cruise,中继,9.267
T17,4637.899,cruise,中继,9.307
T17,4638.899,cruise,中继,9.348
T17,4639.898,cruise,中继,9.388
T17,4640.897,cruise,中继,9.429
T17,4641.896,cruise,中继,9.469
T17,4642.896,cruise,中继,9.51
T17,4643.895,cruise,中继,9.55
T17,4644.894,cruise,中继,9.59
T17,4645.893,cruise,中继,9.631
T17,4646.893,cruise,中继,9.671
T17,4647.892,cruise,中继,9.711
T17,4648.891,cruise,中继,9.751
T17,4649.89,cruise,中继,9.79
T17,4650.89,cruise,中继,9.83
T17,4651.889,cruise,中继,9.87
T17,4652.888,cruise,中继,9.909
T17,4653.887,cruise,中继,9.948
T17,4654.887,cruise,中继,9.988
T17,4655.886,cruise,中继,10.027
T17,4656.885,cruise,中继,10.066
T17,4657.885,cruise,中继,10.104
T17,4658.884,cruise,中继,10.143
T17,4659.883,cruise,中继,10.181
T17,4660.882,cruise,中继,10.22
T17,4661.882,cruise,中继,10.258
T17,4662.881,cruise,中继,10.295
T17,4663.88,cruise,中继,10.333
T17,4664.879,cruise,中继,10.371
T17,4665.879,cruise,中继,10.408
T17,4666.878,cruise,中继,10.445
T17,4667.877,cruise,中继,10.481
T17,4668.876,cruise,中继,10.518
T17,4669.876,cruise,中继,10.554
T17,4670.875,cruise,中继,10.59
T17,4671.874,cruise,中继,10.626
T17,4672.873,cruise,中继,10.661
T17,4673.873,cruise,中继,10.696
T17,4674.872,cruise,中继,10.731
T17,4675.871,cruise,中继,10.766
T17,4676.871,cruise,中继,10.8
T17,4677.87,cruise,中继,10.834
T17,4678.869,cruise,中继,10.867
T17,4679.868,cruise,中继,10.901
T17,4680.868,cruise,中继,10.933
T17,4681.867,cruise,中继,10.966
T17,4682.866,cruise,中继,10.998
T17,4683.865,cruise,中继,11.03
T17,4684.865,cruise,中继,11.061
T17,4685.864,cruise,中继,11.092
T17,4686.863,cruise,中继,11.122
T17,4687.862,cruise,中继,11.152
T17,4688.862,cruise,中继,11.182
T17,4689.861,cruise,中继,11.211
T17,4690.86,cruise,中继,11.24
T17,4691.859,cruise,中继,11.268
T17,4692.859,cruise,中继,11.296
T17,4693.858,cruise,中继,11.323
T17,4694.857,cruise,中继,11.349
T17,4695.857,cruise,中继,11.376
T17,4696.856,cruise,中继,11.381
T17,4697.855,cruise,中继,11.381
T17,4698.854,cruise,中继,11.381
T17,4699.854,cruise,中继,11.381
T17,4700.853,cruise,中继,11.381
T17,4701.852,cruise,中继,11.381
T17,4702.851,cruise,中继,11.381
T17,4703.851,cruise,中继,11.381
T17,4704.85,cruise,中继,11.381
T17,4705.849,cruise,中继,11.381
T17,4706.848,cruise,中继,11.381
T17,4707.848,cruise,中继,11.381
T17,4708.847,cruise,中继,11.381
T17,4709.846,cruise,中继,11.381
T17,4710.845,cruise,中继,11.381
T17,4711.845,cruise,中继,11.381
T17,4712.844,cruise,中继,11.381
T17,4713.843,cruise,中继,11.381
T17,4714.843,cruise,中继,11.381
T17,4715.842,cruise,中继,11.381
T17,4716.841,cruise,中继,11.381
T17,4717.84,cruise,中继,11.381
T17,4718.84,cruise,中继,11.381
T17,4719.839,cruise,中继,11.381
T17,4720.838,cruise,中继,11.381
T17,4721.837,cruise,中继,11.381
T17,4722.837,cruise,中继,11.381
T17,4723.836,cruise,中继,11.381
T17,4724.835,cruise,中继,11.381
T17,4725.834,cruise,中继,11.381
T17,4726.834,cruise,中继,11.381
T17,4727.833,cruise,中继,11.381
T17,4728.832,cruise,中继,11.381
T17,4729.831,cruise,中继,11.381
T17,4730.831,cruise,中继,11.381
T17,4731.83,cruise,中继,11.381
T17,4732.829,cruise,中继,11.381
T17,4733.829,cruise,中继,11.381
T17,4734.828,cruise,中继,11.381
T17,4735.827,cruise,中继,11.381
T17,4736.826,cruise,中继,11.381
T17,4737.826,cruise,中继,11.381
T17,4738.825,cruise,中继,11.381
T17,4739.824,cruise,中继,11.381
T17,4740.823,cruise,中继,11.381
T17,4741.823,cruise,中继,11.381
T17,4742.822,cruise,中继,11.381
T17,4743.821,cruise,中继,11.381
T17,4744.82,cruise,中继,11.381
T17,4745.82,cruise,中继,11.381
T17,4746.819,cruise,中继,11.381
T17,4747.818,cruise,中继,11.381
T17,4748.817,cruise,中继,11.381
T17,4749.817,cruise,中继,11.381
T17,4750.816,cruise,中继,11.381
T17,4751.815,cruise,中继,11.381
T17,4752.815,cruise,中继,11.381
T17,4753.814,cruise,中继,11.381
T17,4754.813,cruise,中继,11.381
T17,4755.812,cruise,中继,11.381
T17,4756.812,cruise,中继,11.381
T17,4757.811,cruise,中继,11.381
T17,4758.81,cruise,中继,11.381
T17,4759.809,cruise,中继,11.381
T17,4760.809,cruise,中继,11.381
T17,4761.808,cruise,中继,11.381
T17,4762.807,cruise,中继,11.381
T17,4763.806,cruise,中继,11.381
T17,4764.806,cruise,中继,11.381
T17,4765.805,cruise,中继,11.381
T17,4766.804,cruise,中继,11.381
T17,4767.803,cruise,中继,11.381
T17,4768.803,cruise,中继,11.381
T17,4769.802,cruise,中继,11.381
T17,4770.801,cruise,中继,11.381
T17,4771.801,cruise,直连,8.849
T17,4772.8,cruise,中继,11.352
T17,4773.799,cruise,中继,11.325
T17,4774.798,cruise,直连,8.936
T17,4775.798,cruise,直连,8.965
T17,4776.797,cruise,中继,11.242
T17,4777.796,cruise,直连,9.023
T17,4778.795,cruise,直连,9.053
T17,4779.795,cruise,直连,9.082
T17,4780.794,cruise,直连,9.112
T17,4781.793,cruise,直连,9.141
T17,4782.792,cruise,直连,9.171
T17,4783.792,cruise,直连,9.201
T17,4784.791,cruise,直连,9.231
T17,4785.79,cruise,直连,9.261
T17,4786.789,cruise,直连,9.292
T17,4787.789,cruise,直连,9.322
T17,4788.788,cruise,直连,9.352
T17,4789.787,cruise,直连,9.383
T17,4790.787,cruise,直连,9.414
T17,4791.786,cruise,直连,9.444
T17,4792.785,cruise,直连,9.475
T17,4793.784,cruise,直连,9.506
T17,4794.784,cruise,直连,9.537
T17,4795.783,cruise,直连,9.569
T17,4796.782,cruise,直连,9.6
T17,4797.781,cruise,直连,9.631
T17,4798.781,cruise,直连,9.663
T17,4799.78,cruise,直连,9.695
T17,4800.779,cruise,直连,9.726
T17,4801.778,cruise,直连,9.758
T17,4802.778,cruise,直连,9.79
T17,4803.777,cruise,直连,9.822
T17,4804.776,cruise,直连,9.855
T17,4805.775,cruise,直连,9.887
T17,4806.775,cruise,直连,9.92
T17,4807.774,cruise,直连,9.952
T17,4808.773,cruise,直连,9.985
T17,4809.773,cruise,直连,10.018
T17,4810.772,cruise,直连,10.051
T17,4811.771,cruise,直连,10.084
T17,4812.77,cruise,直连,10.117
T17,4813.77,cruise,直连,10.15
T17,4814.769,cruise,直连,10.184
T17,4815.768,cruise,直连,10.218
T17,4816.767,cruise,直连,10.251
T17,4817.767,cruise,直连,10.285
T17,4818.766,cruise,直连,10.319
T17,4819.765,cruise,直连,10.353
T17,4820.764,cruise,直连,10.388
T17,4821.764,cruise,直连,10.422
T17,4822.763,cruise,直连,10.457
T17,4823.762,cruise,直连,10.491
T17,4824.761,cruise,直连,10.526
T17,4825.761,cruise,直连,10.561
T17,4826.76,cruise,直连,10.596
T17,4827.759,cruise,直连,10.632
T17,4828.759,cruise,直连,10.667
T17,4829.758,cruise,直连,10.702
T17,4830.757,cruise,直连,10.738
T17,4831.756,cruise,直连,10.774
T17,4832.756,cruise,直连,10.81
T17,4833.755,cruise,直连,10.846
T17,4834.754,cruise,直连,10.882
T17,4835.753,cruise,直连,10.919
T17,4836.753,cruise,直连,10.955
T17,4837.752,cruise,直连,10.992
T17,4838.751,cruise,直连,11.029
T17,4839.75,cruise,直连,11.066
T17,4840.75,cruise,直连,11.103
T17,4841.749,cruise,直连,11.141
T17,4842.748,cruise,直连,11.178
T17,4843.747,cruise,直连,11.216
T17,4844.747,cruise,直连,11.254
T17,4845.746,cruise,直连,11.292
T17,4846.745,cruise,直连,11.33
T17,4847.744,cruise,直连,11.368
T17,4848.744,cruise,直连,11.407
T17,4849.743,cruise,直连,11.446
T17,4850.742,cruise,直连,11.484
T17,4851.742,cruise,直连,11.523
T17,4852.741,cruise,直连,11.563
T17,4853.74,cruise,直连,11.602
T17,4854.739,cruise,直连,11.642
T17,4855.739,cruise,直连,11.681
T17,4856.738,cruise,直连,11.721
T17,4857.737,cruise,直连,11.761
T17,4858.736,cruise,直连,11.802
T17,4859.736,cruise,直连,11.842
T17,4860.735,cruise,直连,11.883
T17,4861.734,cruise,直连,11.924
T17,4862.733,cruise,直连,11.965
T17,4863.733,cruise,直连,12.006
T17,4864.732,cruise,直连,12.048
T17,4865.731,cruise,直连,12.089
T17,4866.73,cruise,直连,12.131
T17,4867.73,cruise,直连,12.173
T17,4868.729,cruise,直连,12.215
T17,4869.728,cruise,直连,12.258
T17,4870.728,cruise,直连,12.301
T17,4871.727,cruise,直连,12.343
T17,4872.726,cruise,直连,12.386
T17,4873.725,cruise,直连,12.43
T17,4874.725,cruise,直连,12.473
T17,4875.724,cruise,直连,12.517
T17,4876.723,cruise,直连,12.561
T17,4877.722,cruise,直连,12.605
T17,4878.722,cruise,直连,12.65
T17,4879.721,cruise,直连,12.694
T17,4880.72,cruise,直连,12.739
T17,4881.719,cruise,直连,12.784
T17,4882.719,cruise,直连,12.83
T17,4883.718,cruise,直连,12.875
T17,4884.717,cruise,直连,12.921
T17,4885.716,cruise,直连,12.967
T17,4886.716,cruise,直连,13.013
T17,4887.715,cruise,直连,13.06
T17,4888.714,cruise,直连,13.107
T17,4889.714,cruise,直连,13.154
T17,4890.713,cruise,直连,13.201
T17,4891.712,cruise,直连,13.248
T17,4892.711,cruise,直连,13.296
T17,4893.711,cruise,直连,13.344
T17,4894.71,cruise,直连,13.393
T17,4895.709,cruise,直连,13.441
T17,4896.708,cruise,直连,13.49
T17,4897.708,cruise,直连,13.539
T17,4898.707,cruise,直连,13.589
T17,4899.706,cruise,直连,13.638
T17,4900.705,cruise,直连,13.688
T17,4901.705,cruise,直连,13.739
T17,4902.704,cruise,直连,13.789
T17,4903.703,cruise,直连,13.84
T17,4904.702,cruise,直连,13.891
T17,4905.702,cruise,直连,13.943
T17,4906.701,cruise,直连,13.994
T17,4907.7,cruise,直连,14.047
T17,4908.7,cruise,直连,14.099
T17,4909.699,cruise,直连,14.152
T17,4910.698,cruise,直连,14.205
T17,4911.697,cruise,直连,14.258
T17,4912.697,cruise,直连,14.312
T17,4913.696,cruise,直连,14.366
T17,4914.695,cruise,直连,14.42
T17,4915.694,cruise,直连,14.475
T17,4916.694,cruise,直连,14.53
T17,4917.693,cruise,直连,14.585
T17,4918.692,cruise,直连,14.641
T17,4919.691,cruise,直连,14.697
T17,4920.691,cruise,直连,14.753
T17,4921.69,cruise,直连,14.81
T17,4922.689,cruise,直连,14.867
T17,4923.688,cruise,直连,14.925
T17,4924.688,cruise,直连,14.983
T17,4925.687,cruise,直连,15.041
T17,4926.686,cruise,直连,15.1
T17,4927.686,cruise,直连,15.159
T17,4928.685,cruise,直连,15.218
T17,4929.684,cruise,直连,15.278
T17,4930.683,cruise,直连,15.339
T17,4931.683,cruise,直连,15.399
T17,4932.682,cruise,直连,15.46
T17,4933.681,cruise,直连,15.522
T17,4934.68,cruise,直连,15.584
T17,4935.68,cruise,直连,15.647
T17,4936.679,cruise,直连,15.709
T17,4937.678,cruise,直连,15.773
T17,4938.677,cruise,直连,15.837
T17,4939.677,cruise,直连,15.901
T17,4940.676,cruise,直连,15.966
T17,4941.675,cruise,直连,16.031
T17,4942.674,cruise,直连,16.097
T17,4943.674,cruise,直连,16.163
T17,4944.673,cruise,直连,16.23
T17,4945.672,cruise,直连,16.297
T17,4946.672,cruise,直连,16.365
T17,4947.671,cruise,直连,16.433
T17,4948.67,cruise,直连,16.502
T17,4949.669,cruise,直连,16.571
T17,4950.669,cruise,直连,16.641
T17,4951.668,cruise,直连,16.711
T17,4952.667,cruise,直连,16.782
T17,4953.666,cruise,直连,16.854
T17,4954.666,cruise,直连,16.926
T17,4955.665,cruise,直连,16.999
T17,4956.664,cruise,直连,17.072
T17,4957.663,cruise,直连,17.146
T17,4958.663,cruise,直连,17.221
T17,4959.662,cruise,直连,17.296
T17,4960.661,cruise,直连,17.372
T17,4961.66,cruise,直连,17.449
T17,4962.66,cruise,直连,17.526
T17,4963.659,cruise,直连,17.604
T17,4964.658,cruise,直连,17.683
T17,4965.658,cruise,直连,17.762
T17,4966.657,cruise,直连,17.842
T17,4967.656,cruise,直连,17.923
T17,4968.655,cruise,直连,18.004
T17,4969.655,cruise,直连,18.087
T17,4970.654,cruise,直连,18.17
T17,4971.653,cruise,直连,18.254
T17,4972.652,cruise,直连,18.338
T17,4973.652,cruise,直连,18.424
T17,4974.651,cruise,直连,18.51
T17,4975.65,cruise,直连,18.597
T17,4976.649,cruise,直连,18.685
T17,4977.649,cruise,直连,18.774
T17,4978.648,cruise,直连,18.864
T17,4979.647,cruise,直连,18.954
T17,4980.646,cruise,直连,19.046
T17,4981.646,cruise,直连,19.138
T17,4982.645,cruise,直连,19.232
T17,4983.644,cruise,直连,19.326
T17,4984.644,cruise,直连,19.422
T17,4985.643,cruise,直连,19.519
T17,4986.642,cruise,直连,19.616
T17,4987.641,cruise,直连,19.715
T17,4988.641,cruise,直连,19.815
T17,4989.64,cruise,直连,19.916
T17,4990.639,cruise,直连,20.018
T17,4991.638,cruise,直连,20.121
T17,4992.638,cruise,直连,20.225
T17,4993.637,cruise,直连,20.331
T17,4994.636,cruise,直连,20.438
T17,4995.635,cruise,直连,20.546
T17,4996.635,cruise,直连,20.656
T17,4997.634,cruise,直连,20.767
T17,4998.633,cruise,直连,20.879
T17,4999.632,cruise,直连,20.992
T17,5000.632,cruise,直连,21.108
T17,5001.631,cruise,直连,21.224
T17,5002.63,cruise,直连,21.342
T17,5003.63,cruise,直连,21.462
T17,5004.629,cruise,直连,21.583
T17,5005.628,cruise,直连,21.706
T17,5006.627,cruise,直连,21.831
T17,5007.627,cruise,直连,21.957
T17,5008.626,cruise,直连,22.085
T17,5009.625,cruise,直连,22.215
T17,5010.624,cruise,直连,22.347
T17,5011.624,cruise,直连,22.48
T17,5012.623,cruise,直连,22.616
T17,5013.622,cruise,直连,22.754
T17,5014.621,cruise,直连,22.893
T17,5015.621,cruise,直连,23.035
T17,5016.62,cruise,直连,23.179
T17,5017.619,cruise,直连,23.326
T17,5018.618,cruise,直连,23.474
T17,5019.618,cruise,直连,23.625
T17,5020.617,cruise,直连,23.779
T17,5021.616,cruise,直连,23.935
T17,5022.616,cruise,直连,24.093
T17,5023.615,cruise,直连,24.255
T17,5024.614,cruise,直连,24.419
T17,5025.613,cruise,直连,24.586
T17,5026.613,cruise,直连,24.756
T17,5027.612,cruise,直连,24.929
T17,5028.611,cruise,直连,25.105
T17,5029.61,cruise,直连,25.284
T17,5030.61,cruise,直连,25.467
T17,5031.609,cruise,直连,25.653
T17,5032.608,cruise,直连,25.843
T17,5033.607,cruise,直连,26.036
T17,5034.607,cruise,直连,26.233
T17,5035.606,cruise,直连,26.434
T17,5036.605,cruise,直连,26.639
T17,5037.604,cruise,直连,26.848
T17,5038.604,cruise,直连,27.062
T17,5039.603,cruise,直连,27.279
T17,5040.602,cruise,直连,27.501
T17,5041.602,cruise,直连,27.728
T17,5042.601,cruise,直连,27.96
T17,5043.6,cruise,直连,28.196
T17,5044.599,cruise,直连,28.437
T17,5045.599,cruise,直连,28.683
T17,5046.598,cruise,直连,28.934
T17,5047.597,cruise,直连,29.19
T17,5048.596,cruise,直连,29.452
T17,5049.596,cruise,直连,29.718
T17,5050.595,cruise,直连,29.989
T17,5051.594,cruise,直连,30.265
T17,5052.593,cruise,直连,30.545
T17,5053.593,cruise,直连,30.83
T17,5054.592,cruise,直连,31.119
T17,5055.591,cruise,直连,31.411
T17,5056.59,cruise,直连,31.705
T17,5057.59,cruise,直连,32.001
T17,5058.589,cruise,直连,32.298
T17,5059.588,cruise,直连,32.593
T17,5060.587,cruise,直连,32.886
T17,5061.587,cruise,直连,33.174
T17,5062.586,cruise,直连,33.455
T17,5063.585,cruise,直连,33.725
T17,5064.585,cruise,直连,33.983
T17,5065.584,cruise,直连,34.223
T17,5066.583,cruise,直连,34.443
T17,5067.582,cruise,直连,34.638
T17,5068.582,cruise,直连,34.804
T17,5069.581,cruise,直连,34.938
T17,5070.58,cruise,直连,35.037
T17,5071.579,cruise,直连,35.097
T17,5072.579,cruise,直连,35.117
T17,5072.579,descent,直连,35.117
T17,5073.577,descent,直连,35.196
T17,5074.575,descent,直连,35.276
T17,5075.572,descent,直连,35.357
T17,5076.57,descent,直连,35.439
T17,5077.568,descent,直连,35.521
T17,5078.566,descent,直连,35.604
T17,5079.564,descent,直连,35.688
T17,5080.562,descent,直连,35.773
T17,5081.56,descent,直连,35.859
T17,5082.558,descent,直连,35.945
T17,5083.556,descent,直连,36.032
T17,5084.554,descent,直连,36.121
T17,5085.552,descent,直连,36.21
T17,5086.55,descent,直连,36.3
T17,5087.548,descent,直连,36.391
T17,5088.545,descent,直连,36.483
T17,5089.543,descent,直连,36.575
T17,5090.541,descent,直连,36.669
T17,5091.539,descent,直连,36.764
T17,5092.537,descent,直连,36.86
T17,5093.535,descent,直连,36.957
T17,5094.533,descent,直连,37.056
T17,5095.531,descent,直连,37.155
T17,5096.529,descent,直连,37.255
T17,5097.527,descent,直连,37.357
T17,5098.525,descent,直连,37.46
T17,5099.523,descent,直连,37.564
T17,5100.521,descent,直连,37.669
T17,5101.519,descent,直连,37.776
T17,5102.516,descent,直连,37.884
T17,5103.514,descent,直连,37.993
T17,5104.512,descent,直连,38.104
T17,5105.51,descent,直连,38.216
T17,5106.508,descent,直连,38.329
T17,5107.506,descent,直连,38.444
T17,5108.504,descent,直连,38.561
T17,5109.502,descent,直连,38.679
T17,5110.5,descent,直连,38.799
T17,5111.498,descent,直连,38.921
T17,5112.496,descent,直连,39.044
T17,5113.494,descent,直连,39.169
T17,5114.492,descent,直连,39.296
T17,5115.49,descent,直连,39.424
T17,5116.487,descent,直连,39.555
T17,5117.485,descent,直连,39.688
T17,5118.483,descent,直连,39.822
T17,5119.481,descent,直连,39.959
T17,5120.479,descent,直连,40.098
T17,5121.477,descent,直连,40.24
T17,5122.475,descent,直连,40.383
T17,5123.473,descent,直连,40.529
T17,5124.471,descent,直连,40.678
T17,5125.469,descent,直连,40.829
T17,5126.467,descent,直连,40.983
T17,5127.465,descent,直连,41.139
T17,5128.463,descent,直连,41.299
T17,5129.46,descent,直连,41.461
T17,5130.458,descent,直连,41.627
T17,5131.456,descent,直连,41.795
T17,5132.454,descent,直连,41.967
T17,5133.452,descent,直连,42.143
T17,5134.45,descent,直连,42.322
T17,5135.448,descent,直连,42.505
T17,5136.446,descent,直连,42.692
T17,5137.444,descent,直连,42.883
T17,5138.442,descent,直连,43.078
T17,5139.44,descent,直连,43.278
T17,5140.438,descent,直连,43.483
T17,5141.436,descent,直连,43.692
T17,5142.434,descent,直连,43.907
T17,5143.431,descent,直连,44.127
T17,5144.429,descent,直连,44.352
T17,5145.427,descent,直连,44.584
T17,5146.425,descent,直连,44.822
T17,5147.423,descent,直连,45.067
T17,5148.421,descent,直连,45.319
T17,5149.419,descent,直连,45.578
T17,5150.417,descent,直连,45.846
T17,5151.415,descent,直连,46.122
T17,5152.413,descent,直连,46.407
T17,5153.411,descent,直连,46.701
T17,5154.409,descent,直连,47.006
T17,5155.407,descent,直连,47.323
T17,5156.405,descent,直连,47.651
T17,5157.402,descent,直连,47.992
T17,5158.4,descent,直连,48.346
T17,5159.398,descent,直连,48.716
T17,5160.396,descent,直连,49.103
T17,5161.394,descent,直连,49.507
T17,5162.392,descent,直连,49.932
T17,5163.39,descent,直连,50.378
T17,5164.388,descent,直连,50.848
T17,5165.386,descent,直连,51.345
T17,5166.384,descent,直连,51.872
T17,5167.382,descent,直连,52.433
T17,5168.38,descent,直连,53.034
T17,5169.378,descent,直连,53.678
T17,5170.376,descent,直连,54.375
T17,5171.373,descent,直连,55.132
T17,5172.371,descent,直连,55.961
T17,5173.369,descent,直连,56.878
T17,5174.367,descent,直连,57.904
T17,5175.365,descent,直连,59.067
T17,5176.363,descent,直连,60.41
T17,5177.361,descent,直连,62.0
T17,5178.359,descent,直连,63.947
T17,5179.357,descent,直连,66.461
T17,5180.355,descent,直连,70.013
T17,5181.353,descent,直连,76.126
T17,5182.351,descent,直连,109.594
T17,5183.349,descent,直连,75.765
T17,5184.346,descent,直连,69.833
T17,5185.344,descent,直连,66.341
T17,5186.342,descent,直连,63.857
T17,5187.34,descent,直连,61.928
T17,5188.338,descent,直连,60.35
T17,5189.336,descent,直连,59.016
T17,5190.334,descent,直连,57.859
T17,5191.332,descent,直连,56.838
T17,5192.33,descent,直连,45.925
T18,6391.5,climb,直连,45.925
T18,6392.488,climb,直连,57.07
T18,6393.477,climb,直连,58.39
T18,6394.465,climb,直连,59.947
T18,6395.453,climb,直连,61.845
T18,6396.441,climb,直连,64.277
T18,6397.43,climb,直连,67.666
T18,6398.418,climb,直连,73.302
T18,6399.406,climb,直连,94.548
T18,6400.395,climb,直连,74.955
T18,6401.383,climb,直连,68.491
T18,6402.371,climb,直连,64.826
T18,6403.359,climb,直连,62.257
T18,6404.348,climb,直连,60.276
T18,6405.336,climb,直连,58.665
T18,6406.324,climb,直连,57.306
T18,6407.313,climb,直连,56.131
T18,6408.301,climb,直连,55.097
T18,6409.289,climb,直连,54.172
T18,6410.277,climb,直连,53.337
T18,6411.266,climb,直连,52.575
T18,6412.254,climb,直连,51.874
T18,6413.242,climb,直连,51.226
T18,6414.23,climb,直连,50.623
T18,6415.219,climb,直连,50.059
T18,6416.207,climb,直连,49.529
T18,6417.195,climb,直连,49.03
T18,6418.184,climb,直连,48.558
T18,6419.172,climb,直连,48.11
T18,6420.16,climb,直连,47.684
T18,6421.148,climb,直连,47.278
T18,6422.137,climb,直连,46.891
T18,6423.125,climb,直连,46.52
T18,6424.113,climb,直连,46.164
T18,6425.102,climb,直连,45.822
T18,6426.09,climb,直连,45.493
T18,6427.078,climb,直连,45.176
T18,6428.066,climb,直连,44.87
T18,6429.055,climb,直连,44.574
T18,6430.043,climb,直连,44.289
T18,6431.031,climb,直连,44.012
T18,6432.02,climb,直连,43.744
T18,6433.008,climb,直连,43.484
T18,6433.996,climb,直连,43.232
T18,6434.984,climb,直连,42.986
T18,6435.973,climb,直连,42.748
T18,6436.961,climb,直连,42.515
T18,6437.949,climb,直连,42.289
T18,6438.938,climb,直连,42.069
T18,6439.926,climb,直连,41.854
T18,6440.914,climb,直连,41.644
T18,6441.902,climb,直连,41.439
T18,6442.891,climb,直连,41.239
T18,6443.879,climb,直连,41.043
T18,6444.867,climb,直连,40.852
T18,6445.856,climb,直连,40.665
T18,6446.844,climb,直连,40.482
T18,6447.832,climb,直连,40.302
T18,6448.82,climb,直连,40.126
T18,6449.809,climb,直连,39.954
T18,6450.797,climb,直连,39.785
T18,6451.785,climb,直连,39.619
T18,6452.774,climb,直连,39.457
T18,6453.762,climb,直连,39.297
T18,6454.75,climb,直连,39.14
T18,6455.738,climb,直连,38.986
T18,6456.727,climb,直连,38.835
T18,6457.715,climb,直连,38.686
T18,6458.703,climb,直连,38.54
T18,6459.691,climb,直连,38.396
T18,6460.68,climb,直连,38.255
T18,6461.668,climb,直连,38.116
T18,6462.656,climb,直连,37.979
T18,6463.645,climb,直连,37.844
T18,6464.633,climb,直连,37.711
T18,6465.621,climb,直连,37.58
T18,6466.609,climb,直连,37.451
T18,6467.598,climb,直连,37.324
T18,6468.586,climb,直连,37.199
T18,6469.574,climb,直连,37.076
T18,6470.563,climb,直连,36.954
T18,6470.563,cruise,直连,36.954
T18,6471.56,cruise,直连,36.923
T18,6472.557,cruise,直连,36.833
T18,6473.554,cruise,直连,36.686
T18,6474.552,cruise,直连,36.487
T18,6475.549,cruise,直连,36.245
T18,6476.546,cruise,直连,35.967
T18,6477.544,cruise,直连,35.659
T18,6478.541,cruise,直连,35.329
T18,6479.538,cruise,直连,34.983
T18,6480.535,cruise,直连,34.627
T18,6481.533,cruise,直连,34.264
T18,6482.53,cruise,直连,33.899
T18,6483.527,cruise,直连,33.533
T18,6484.525,cruise,直连,33.171
T18,6485.522,cruise,直连,32.812
T18,6486.519,cruise,直连,32.459
T18,6487.516,cruise,直连,32.113
T18,6488.514,cruise,直连,31.773
T18,6489.511,cruise,直连,31.44
T18,6490.508,cruise,直连,31.115
T18,6491.506,cruise,直连,30.798
T18,6492.503,cruise,直连,30.489
T18,6493.5,cruise,直连,30.187
T18,6494.497,cruise,直连,29.892
T18,6495.495,cruise,直连,29.605
T18,6496.492,cruise,直连,29.325
T18,6497.489,cruise,直连,29.052
T18,6498.487,cruise,直连,28.786
T18,6499.484,cruise,直连,28.526
T18,6500.481,cruise,直连,28.273
T18,6501.478,cruise,直连,28.026
T18,6502.476,cruise,直连,27.784
T18,6503.473,cruise,直连,27.548
T18,6504.47,cruise,直连,27.318
T18,6505.467,cruise,直连,27.093
T18,6506.465,cruise,直连,26.873
T18,6507.462,cruise,直连,26.658
T18,6508.459,cruise,直连,26.447
T18,6509.457,cruise,直连,26.241
T18,6510.454,cruise,直连,26.04
T18,6511.451,cruise,直连,25.842
T18,6512.448,cruise,直连,25.649
T18,6513.446,cruise,直连,25.459
T18,6514.443,cruise,直连,25.273
T18,6515.44,cruise,直连,25.091
T18,6516.438,cruise,直连,24.912
T18,6517.435,cruise,直连,24.737
T18,6518.432,cruise,直连,24.565
T18,6519.429,cruise,直连,24.396
T18,6520.427,cruise,直连,24.23
T18,6521.424,cruise,直连,24.067
T18,6522.421,cruise,直连,23.907
T18,6523.419,cruise,直连,23.749
T18,6524.416,cruise,直连,23.595
T18,6525.413,cruise,直连,23.442
T18,6526.41,cruise,直连,23.293
T18,6527.408,cruise,直连,23.146
T18,6528.405,cruise,直连,23.001
T18,6529.402,cruise,直连,22.858
T18,6530.4,cruise,直连,22.718
T18,6531.397,cruise,直连,22.579
T18,6532.394,cruise,直连,22.443
T18,6533.391,cruise,直连,22.309
T18,6534.389,cruise,直连,22.177
T18,6535.386,cruise,直连,22.047
T18,6536.383,cruise,直连,21.918
T18,6537.381,cruise,直连,21.792
T18,6538.378,cruise,直连,21.667
T18,6539.375,cruise,直连,21.544
T18,6540.372,cruise,直连,21.422
T18,6541.37,cruise,直连,21.303
T18,6542.367,cruise,直连,21.184
T18,6543.364,cruise,直连,21.068
T18,6544.362,cruise,直连,20.953
T18,6545.359,cruise,直连,20.839
T18,6546.356,cruise,直连,20.727
T18,6547.353,cruise,直连,20.616
T18,6548.351,cruise,直连,20.506
T18,6549.348,cruise,直连,20.398
T18,6550.345,cruise,直连,20.291
T18,6551.342,cruise,直连,20.186
T18,6552.34,cruise,直连,20.081
T18,6553.337,cruise,直连,19.978
T18,6554.334,cruise,直连,19.876
T18,6555.332,cruise,直连,19.775
T18,6556.329,cruise,直连,19.676
T18,6557.326,cruise,直连,19.577
T18,6558.323,cruise,直连,19.48
T18,6559.321,cruise,直连,19.383
T18,6560.318,cruise,直连,19.288
T18,6561.315,cruise,直连,19.193
T18,6562.313,cruise,直连,19.1
T18,6563.31,cruise,直连,19.008
T18,6564.307,cruise,直连,18.916
T18,6565.304,cruise,直连,18.826
T18,6566.302,cruise,直连,18.736
T18,6567.299,cruise,直连,18.648
T18,6568.296,cruise,直连,18.56
T18,6569.294,cruise,直连,18.473
T18,6570.291,cruise,直连,18.387
T18,6571.288,cruise,直连,18.302
T18,6572.285,cruise,直连,18.217
T18,6573.283,cruise,直连,18.134
T18,6574.28,cruise,直连,18.051
T18,6575.277,cruise,直连,17.969
T18,6576.275,cruise,直连,17.887
T18,6577.272,cruise,直连,17.807
T18,6578.269,cruise,直连,17.727
T18,6579.266,cruise,直连,17.648
T18,6580.264,cruise,直连,17.569
T18,6581.261,cruise,直连,17.492
T18,6582.258,cruise,直连,17.415
T18,6583.256,cruise,直连,17.338
T18,6584.253,cruise,直连,17.263
T18,6585.25,cruise,直连,17.188
T18,6586.247,cruise,直连,17.113
T18,6587.245,cruise,直连,17.039
T18,6588.242,cruise,直连,16.966
T18,6589.239,cruise,直连,16.894
T18,6590.237,cruise,直连,16.822
T18,6591.234,cruise,直连,16.75
T18,6592.231,cruise,直连,16.679
T18,6593.228,cruise,直连,16.609
T18,6594.226,cruise,直连,16.54
T18,6595.223,cruise,直连,16.47
T18,6596.22,cruise,直连,16.402
T18,6597.217,cruise,直连,16.334
T18,6598.215,cruise,直连,16.266
T18,6599.212,cruise,直连,16.199
T18,6600.209,cruise,直连,16.133
T18,6601.207,cruise,直连,16.067
T18,6602.204,cruise,直连,16.001
T18,6603.201,cruise,直连,15.936
T18,6604.198,cruise,直连,15.872
T18,6605.196,cruise,直连,15.807
T18,6606.193,cruise,直连,15.744
T18,6607.19,cruise,直连,15.681
T18,6608.188,cruise,直连,15.618
T18,6609.185,cruise,直连,15.556
T18,6610.182,cruise,直连,15.494
T18,6611.179,cruise,直连,15.433
T18,6612.177,cruise,直连,15.372
T18,6613.174,cruise,直连,15.311
T18,6614.171,cruise,直连,15.251
T18,6615.169,cruise,直连,15.191
T18,6616.166,cruise,直连,15.132
T18,6617.163,cruise,直连,15.073
T18,6618.16,cruise,直连,15.014
T18,6619.158,cruise,直连,14.956
T18,6620.155,cruise,直连,14.899
T18,6621.152,cruise,直连,14.841
T18,6622.15,cruise,直连,14.784
T18,6623.147,cruise,直连,14.728
T18,6624.144,cruise,直连,14.671
T18,6625.141,cruise,直连,14.616
T18,6626.139,cruise,直连,14.56
T18,6627.136,cruise,直连,14.505
T18,6628.133,cruise,直连,14.45
T18,6629.131,cruise,直连,14.396
T18,6630.128,cruise,直连,14.341
T18,6631.125,cruise,直连,14.288
T18,6632.122,cruise,直连,14.234
T18,6633.12,cruise,直连,14.181
T18,6634.117,cruise,直连,14.128
T18,6635.114,cruise,直连,14.075
T18,6636.112,cruise,直连,14.023
T18,6637.109,cruise,直连,13.971
T18,6638.106,cruise,直连,13.92
T18,6639.103,cruise,直连,13.868
T18,6640.101,cruise,直连,13.817
T18,6641.098,cruise,直连,13.767
T18,6642.095,cruise,直连,13.716
T18,6643.092,cruise,直连,13.666
T18,6644.09,cruise,直连,13.616
T18,6645.087,cruise,直连,13.567
T18,6646.084,cruise,直连,13.518
T18,6647.082,cruise,直连,13.469
T18,6648.079,cruise,直连,13.42
T18,6649.076,cruise,直连,13.371
T18,6650.073,cruise,直连,13.323
T18,6651.071,cruise,直连,13.275
T18,6652.068,cruise,直连,13.228
T18,6653.065,cruise,直连,13.18
T18,6654.063,cruise,直连,13.133
T18,6655.06,cruise,直连,13.086
T18,6656.057,cruise,直连,13.04
T18,6657.054,cruise,直连,12.993
T18,6658.052,cruise,直连,12.947
T18,6659.049,cruise,直连,12.901
T18,6660.046,cruise,直连,12.856
T18,6661.044,cruise,直连,12.81
T18,6662.041,cruise,直连,12.765
T18,6663.038,cruise,直连,12.72
T18,6664.035,cruise,直连,12.675
T18,6665.033,cruise,直连,12.631
T18,6666.03,cruise,直连,12.587
T18,6667.027,cruise,直连,12.543
T18,6668.025,cruise,直连,12.499
T18,6669.022,cruise,直连,12.455
T18,6670.019,cruise,直连,12.412
T18,6671.016,cruise,直连,12.369
T18,6672.014,cruise,直连,12.326
T18,6673.011,cruise,直连,12.283
T18,6674.008,cruise,直连,12.24
T18,6675.006,cruise,直连,12.198
T18,6676.003,cruise,直连,12.156
T18,6677.0,cruise,直连,12.114
T18,6677.997,cruise,直连,12.072
T18,6678.995,cruise,直连,12.031
T18,6679.992,cruise,直连,11.989
T18,6680.989,cruise,直连,11.948
T18,6681.987,cruise,直连,11.907
T18,6682.984,cruise,直连,11.867
T18,6683.981,cruise,直连,11.826
T18,6684.978,cruise,直连,11.786
T18,6685.976,cruise,直连,11.745
T18,6686.973,cruise,直连,11.705
T18,6687.97,cruise,直连,11.666
T18,6688.968,cruise,直连,11.626
T18,6689.965,cruise,直连,11.587
T18,6690.962,cruise,直连,11.547
T18,6691.959,cruise,直连,11.508
T18,6692.957,cruise,直连,11.469
T18,6693.954,cruise,直连,11.43
T18,6694.951,cruise,直连,11.392
T18,6695.948,cruise,直连,11.353
T18,6696.946,cruise,直连,11.315
T18,6697.943,cruise,直连,11.277
T18,6698.94,cruise,直连,11.239
T18,6699.938,cruise,直连,11.201
T18,6700.935,cruise,直连,11.164
T18,6701.932,cruise,直连,11.126
T18,6702.929,cruise,直连,11.089
T18,6703.927,cruise,直连,11.052
T18,6704.924,cruise,直连,11.015
T18,6705.921,cruise,直连,10.978
T18,6706.919,cruise,直连,10.942
T18,6707.916,cruise,直连,10.905
T18,6708.913,cruise,直连,10.869
T18,6709.91,cruise,直连,10.833
T18,6710.908,cruise,直连,10.797
T18,6711.905,cruise,直连,10.761
T18,6712.902,cruise,直连,10.725
T18,6713.9,cruise,直连,10.69
T18,6714.897,cruise,直连,10.654
T18,6715.894,cruise,直连,10.619
T18,6716.891,cruise,直连,10.584
T18,6717.889,cruise,直连,10.549
T18,6718.886,cruise,直连,10.514
T18,6719.883,cruise,直连,10.479
T18,6720.881,cruise,直连,10.444
T18,6721.878,cruise,直连,10.41
T18,6722.875,cruise,直连,10.376
T18,6723.872,cruise,直连,10.341
T18,6724.87,cruise,直连,10.307
T18,6725.867,cruise,直连,10.273
T18,6726.864,cruise,直连,10.24
T18,6727.862,cruise,直连,10.206
T18,6728.859,cruise,直连,10.172
T18,6729.856,cruise,直连,10.139
T18,6730.853,cruise,直连,10.106
T18,6731.851,cruise,直连,10.073
T18,6732.848,cruise,直连,10.04
T18,6733.845,cruise,直连,10.007
T18,6734.843,cruise,直连,9.974
T18,6735.84,cruise,直连,9.941
T18,6736.837,cruise,直连,9.909
T18,6737.834,cruise,直连,9.876
T18,6738.832,cruise,直连,9.844
T18,6739.829,cruise,直连,9.812
T18,6740.826,cruise,直连,9.78
T18,6741.823,cruise,直连,9.748
T18,6742.821,cruise,直连,9.716
T18,6743.818,cruise,直连,9.684
T18,6744.815,cruise,直连,9.653
T18,6745.813,cruise,直连,9.621
T18,6746.81,cruise,直连,9.59
T18,6747.807,cruise,直连,9.559
T18,6748.804,cruise,直连,9.528
T18,6749.802,cruise,直连,9.497
T18,6750.799,cruise,直连,9.466
T18,6751.796,cruise,直连,9.435
T18,6752.794,cruise,直连,9.404
T18,6753.791,cruise,直连,9.374
T18,6754.788,cruise,直连,9.343
T18,6755.785,cruise,直连,9.313
T18,6756.783,cruise,直连,9.283
T18,6757.78,cruise,直连,9.252
T18,6758.777,cruise,直连,9.222
T18,6759.775,cruise,直连,9.192
T18,6760.772,cruise,直连,9.163
T18,6761.769,cruise,直连,9.133
T18,6762.766,cruise,直连,9.103
T18,6763.764,cruise,直连,9.074
T18,6764.761,cruise,直连,9.044
T18,6765.758,cruise,直连,9.015
T18,6766.756,cruise,直连,8.986
T18,6767.753,cruise,直连,8.956
T18,6768.75,cruise,直连,8.927
T18,6769.747,cruise,直连,8.898
T18,6770.745,cruise,直连,8.87
T18,6771.742,cruise,直连,8.841
T18,6772.739,cruise,中继,9.981
T18,6773.737,cruise,中继,9.981
T18,6774.734,cruise,中继,9.981
T18,6775.731,cruise,中继,9.981
T18,6776.728,cruise,中继,9.981
T18,6777.726,cruise,中继,9.981
T18,6778.723,cruise,中继,9.981
T18,6779.72,cruise,中继,9.981
T18,6780.718,cruise,中继,9.981
T18,6781.715,cruise,中继,9.981
T18,6782.712,cruise,中继,9.981
T18,6783.709,cruise,中继,9.981
T18,6784.707,cruise,中继,9.981
T18,6785.704,cruise,中继,9.981
T18,6786.701,cruise,中继,9.981
T18,6787.698,cruise,中继,9.981
T18,6788.696,cruise,中继,9.981
T18,6789.693,cruise,中继,9.981
T18,6790.69,cruise,中继,9.981
T18,6791.688,cruise,中继,9.981
T18,6792.685,cruise,中继,9.981
T18,6793.682,cruise,中继,9.981
T18,6794.679,cruise,中继,9.981
T18,6795.677,cruise,中继,9.981
T18,6796.674,cruise,中继,9.981
T18,6797.671,cruise,中继,9.981
T18,6798.669,cruise,中继,9.981
T18,6799.666,cruise,中继,9.981
T18,6800.663,cruise,中继,9.981
T18,6801.66,cruise,中继,9.981
T18,6802.658,cruise,中继,9.981
T18,6803.655,cruise,中继,9.981
T18,6804.652,cruise,中继,9.981
T18,6805.65,cruise,中继,9.981
T18,6806.647,cruise,中继,9.981
T18,6807.644,cruise,中继,9.981
T18,6808.641,cruise,中继,9.981
T18,6809.639,cruise,中继,9.981
T18,6810.636,cruise,中继,9.981
T18,6811.633,cruise,中继,9.981
T18,6812.631,cruise,中继,9.981
T18,6813.628,cruise,中继,9.981
T18,6814.625,cruise,中继,9.981
T18,6815.622,cruise,中继,9.981
T18,6816.62,cruise,中继,9.981
T18,6817.617,cruise,中继,9.981
T18,6818.614,cruise,中继,9.981
T18,6819.612,cruise,中继,9.981
T18,6820.609,cruise,中继,9.981
T18,6821.606,cruise,中继,9.981
T18,6822.603,cruise,中继,9.981
T18,6822.603,descent,中继,9.981
T18,6823.591,descent,中继,9.981
T18,6824.578,descent,中继,9.981
T18,6825.566,descent,中继,9.981
T18,6826.554,descent,中继,9.981
T18,6827.541,descent,中继,9.981
T18,6828.529,descent,中继,9.981
T18,6829.516,descent,中继,9.981
T18,6830.504,descent,中继,9.981
T18,6831.491,descent,中继,9.981
T18,6832.479,descent,中继,9.981
T18,6833.466,descent,中继,9.981
T18,6834.454,descent,中继,9.981
T18,6835.442,descent,中继,9.981
T18,6836.429,descent,中继,9.981
T18,6837.417,descent,中继,9.981
T18,6838.404,descent,中继,9.981
T18,6839.392,descent,中继,9.981
T18,6840.379,descent,中继,9.981
T18,6841.367,descent,中继,9.981
T18,6842.354,descent,中继,9.981
T18,6843.342,descent,中继,9.981
T18,6844.329,descent,中继,9.981
T18,6845.317,descent,中继,9.981
T18,6846.305,descent,中继,9.981
T18,6847.292,descent,中继,9.981
T18,6848.28,descent,中继,9.981
T18,6849.267,descent,中继,9.981
T18,6850.255,descent,中继,9.981
T18,6851.242,descent,中继,9.981
T18,6852.23,descent,中继,9.981
T18,6853.217,descent,中继,9.981
T18,6854.205,descent,中继,9.981
T18,6855.192,descent,中继,9.981
T18,6856.18,descent,中继,9.981
T18,6857.168,descent,中继,9.981
T18,6858.155,descent,中继,9.981
T18,6859.143,descent,中继,9.981
T18,6860.13,descent,中继,9.981
T18,6861.118,descent,中继,9.981
T18,6862.105,descent,中继,9.981
T18,6863.093,descent,中继,9.981
T18,6864.08,descent,中继,9.981
T18,6865.068,descent,中继,9.981
T18,6866.056,descent,中继,9.981
T18,6867.043,descent,中继,9.981
T18,6868.031,descent,中继,9.981
T18,6869.018,descent,中继,9.981
T18,6870.006,descent,中继,9.981
T18,6870.993,descent,中继,9.981
T18,6871.981,descent,中继,9.981
T18,6872.968,descent,中继,9.981
T18,6873.956,descent,中继,9.981
T18,6874.943,descent,中继,9.981
T18,6875.931,descent,中继,9.981
T18,6876.919,descent,中继,9.981
T18,6877.906,descent,中继,9.981
T18,6878.894,descent,中继,9.981
T18,6879.881,descent,中继,9.981
T18,6880.869,descent,中继,9.981
T18,6881.856,descent,中继,9.981
T18,6882.844,descent,中继,9.981
T18,6883.831,descent,中继,9.981
T18,6884.819,descent,中继,9.981
T18,6885.807,descent,中继,9.981
T18,6886.794,descent,中继,9.981
T18,6887.782,descent,中继,9.981
T18,6887.782,handover,中继,9.981
T18,7283.782,handover,中继,9.981
T18,7283.782,climb,中继,9.981
T18,7284.765,climb,中继,9.981
T18,7285.749,climb,中继,9.981
T18,7286.733,climb,中继,9.981
T18,7287.717,climb,中继,9.981
T18,7288.701,climb,中继,9.981
T18,7289.685,climb,中继,9.981
T18,7290.668,climb,中继,9.981
T18,7291.652,climb,中继,9.981
T18,7292.636,climb,中继,9.981
T18,7293.62,climb,中继,9.981
T18,7294.604,climb,中继,9.981
T18,7295.587,climb,中继,9.981
T18,7296.571,climb,中继,9.981
T18,7297.555,climb,中继,9.981
T18,7298.539,climb,中继,9.981
T18,7299.523,climb,中继,9.981
T18,7300.507,climb,中继,9.981
T18,7301.49,climb,中继,9.981
T18,7302.474,climb,中继,9.981
T18,7303.458,climb,中继,9.981
T18,7304.442,climb,中继,9.981
T18,7305.426,climb,中继,9.981
T18,7306.41,climb,中继,9.981
T18,7307.393,climb,中继,9.981
T18,7308.377,climb,中继,9.981
T18,7309.361,climb,中继,9.981
T18,7310.345,climb,中继,9.981
T18,7311.329,climb,中继,9.981
T18,7312.312,climb,中继,9.981
T18,7313.296,climb,中继,9.981
T18,7314.28,climb,中继,9.981
T18,7315.264,climb,中继,9.981
T18,7316.248,climb,中继,9.981
T18,7317.232,climb,中继,9.981
T18,7318.215,climb,中继,9.981
T18,7319.199,climb,中继,9.981
T18,7320.183,climb,中继,9.981
T18,7321.167,climb,中继,9.981
T18,7322.151,climb,中继,9.981
T18,7323.135,climb,中继,9.981
T18,7324.118,climb,中继,9.981
T18,7325.102,climb,中继,9.981
T18,7326.086,climb,中继,9.981
T18,7327.07,climb,中继,9.981
T18,7328.054,climb,中继,9.981
T18,7329.037,climb,中继,9.981
T18,7330.021,climb,中继,9.981
T18,7331.005,climb,中继,9.981
T18,7331.989,climb,中继,9.981
T18,7332.973,climb,中继,9.981
T18,7333.957,climb,中继,9.981
T18,7334.94,climb,中继,9.981
T18,7335.924,climb,中继,9.981
T18,7335.924,cruise,中继,9.981
T18,7336.922,cruise,中继,9.981
T18,7337.919,cruise,中继,9.981
T18,7338.916,cruise,中继,9.981
T18,7339.913,cruise,中继,9.981
T18,7340.911,cruise,中继,9.981
T18,7341.908,cruise,中继,9.981
T18,7342.905,cruise,中继,9.981
T18,7343.902,cruise,中继,9.981
T18,7344.9,cruise,中继,9.981
T18,7345.897,cruise,中继,9.981
T18,7346.894,cruise,中继,9.981
T18,7347.892,cruise,中继,9.981
T18,7348.889,cruise,中继,9.981
T18,7349.886,cruise,中继,9.981
T18,7350.883,cruise,中继,9.981
T18,7351.881,cruise,中继,9.981
T18,7352.878,cruise,中继,9.981
T18,7353.875,cruise,中继,9.981
T18,7354.873,cruise,中继,9.981
T18,7355.87,cruise,中继,9.981
T18,7356.867,cruise,中继,9.981
T18,7357.864,cruise,中继,9.981
T18,7358.862,cruise,中继,9.981
T18,7359.859,cruise,中继,9.981
T18,7360.856,cruise,中继,9.981
T18,7361.854,cruise,中继,9.981
T18,7362.851,cruise,中继,9.981
T18,7363.848,cruise,中继,9.981
T18,7364.845,cruise,中继,9.981
T18,7365.843,cruise,中继,9.981
T18,7366.84,cruise,中继,9.981
T18,7367.837,cruise,中继,9.981
T18,7368.835,cruise,中继,9.981
T18,7369.832,cruise,中继,9.981
T18,7370.829,cruise,中继,9.981
T18,7371.826,cruise,中继,9.981
T18,7372.824,cruise,中继,9.981
T18,7373.821,cruise,中继,9.981
T18,7374.818,cruise,中继,9.981
T18,7375.816,cruise,中继,9.981
T18,7376.813,cruise,中继,9.981
T18,7377.81,cruise,中继,9.981
T18,7378.807,cruise,中继,9.981
T18,7379.805,cruise,中继,9.981
T18,7380.802,cruise,中继,9.981
T18,7381.799,cruise,中继,9.981
T18,7382.797,cruise,中继,9.981
T18,7383.794,cruise,中继,9.981
T18,7384.791,cruise,中继,9.981
T18,7385.788,cruise,中继,9.981
T18,7386.786,cruise,直连,8.841
T18,7387.783,cruise,直连,8.87
T18,7388.78,cruise,直连,8.898
T18,7389.777,cruise,直连,8.927
T18,7390.775,cruise,直连,8.956
T18,7391.772,cruise,直连,8.986
T18,7392.769,cruise,直连,9.015
T18,7393.767,cruise,直连,9.044
T18,7394.764,cruise,直连,9.074
T18,7395.761,cruise,直连,9.103
T18,7396.758,cruise,直连,9.133
T18,7397.756,cruise,直连,9.163
T18,7398.753,cruise,直连,9.192
T18,7399.75,cruise,直连,9.222
T18,7400.748,cruise,直连,9.252
T18,7401.745,cruise,直连,9.283
T18,7402.742,cruise,直连,9.313
T18,7403.739,cruise,直连,9.343
T18,7404.737,cruise,直连,9.374
T18,7405.734,cruise,直连,9.404
T18,7406.731,cruise,直连,9.435
T18,7407.729,cruise,直连,9.466
T18,7408.726,cruise,直连,9.497
T18,7409.723,cruise,直连,9.528
T18,7410.72,cruise,直连,9.559
T18,7411.718,cruise,直连,9.59
T18,7412.715,cruise,直连,9.621
T18,7413.712,cruise,直连,9.653
T18,7414.71,cruise,直连,9.684
T18,7415.707,cruise,直连,9.716
T18,7416.704,cruise,直连,9.748
T18,7417.701,cruise,直连,9.78
T18,7418.699,cruise,直连,9.812
T18,7419.696,cruise,直连,9.844
T18,7420.693,cruise,直连,9.876
T18,7421.691,cruise,直连,9.909
T18,7422.688,cruise,直连,9.941
T18,7423.685,cruise,直连,9.974
T18,7424.682,cruise,直连,10.007
T18,7425.68,cruise,直连,10.04
T18,7426.677,cruise,直连,10.073
T18,7427.674,cruise,直连,10.106
T18,7428.672,cruise,直连,10.139
T18,7429.669,cruise,直连,10.172
T18,7430.666,cruise,直连,10.206
T18,7431.663,cruise,直连,10.24
T18,7432.661,cruise,直连,10.273
T18,7433.658,cruise,直连,10.307
T18,7434.655,cruise,直连,10.341
T18,7435.652,cruise,直连,10.376
T18,7436.65,cruise,直连,10.41
T18,7437.647,cruise,直连,10.444
T18,7438.644,cruise,直连,10.479
T18,7439.642,cruise,直连,10.514
T18,7440.639,cruise,直连,10.549
T18,7441.636,cruise,直连,10.584
T18,7442.633,cruise,直连,10.619
T18,7443.631,cruise,直连,10.654
T18,7444.628,cruise,直连,10.69
T18,7445.625,cruise,直连,10.725
T18,7446.623,cruise,直连,10.761
T18,7447.62,cruise,直连,10.797
T18,7448.617,cruise,直连,10.833
T18,7449.614,cruise,直连,10.869
T18,7450.612,cruise,直连,10.905
T18,7451.609,cruise,直连,10.942
T18,7452.606,cruise,直连,10.978
T18,7453.604,cruise,直连,11.015
T18,7454.601,cruise,直连,11.052
T18,7455.598,cruise,直连,11.089
T18,7456.595,cruise,直连,11.126
T18,7457.593,cruise,直连,11.164
T18,7458.59,cruise,直连,11.201
T18,7459.587,cruise,直连,11.239
T18,7460.585,cruise,直连,11.277
T18,7461.582,cruise,直连,11.315
T18,7462.579,cruise,直连,11.353
T18,7463.576,cruise,直连,11.392
T18,7464.574,cruise,直连,11.43
T18,7465.571,cruise,直连,11.469
T18,7466.568,cruise,直连,11.508
T18,7467.566,cruise,直连,11.547
T18,7468.563,cruise,直连,11.587
T18,7469.56,cruise,直连,11.626
T18,7470.557,cruise,直连,11.666
T18,7471.555,cruise,直连,11.705
T18,7472.552,cruise,直连,11.745
T18,7473.549,cruise,直连,11.786
T18,7474.547,cruise,直连,11.826
T18,7475.544,cruise,直连,11.867
T18,7476.541,cruise,直连,11.907
T18,7477.538,cruise,直连,11.948
T18,7478.536,cruise,直连,11.989
T18,7479.533,cruise,直连,12.031
T18,7480.53,cruise,直连,12.072
T18,7481.527,cruise,直连,12.114
T18,7482.525,cruise,直连,12.156
T18,7483.522,cruise,直连,12.198
T18,7484.519,cruise,直连,12.24
T18,7485.517,cruise,直连,12.283
T18,7486.514,cruise,直连,12.326
T18,7487.511,cruise,直连,12.369
T18,7488.508,cruise,直连,12.412
T18,7489.506,cruise,直连,12.455
T18,7490.503,cruise,直连,12.499
T18,7491.5,cruise,直连,12.543
T18,7492.498,cruise,直连,12.587
T18,7493.495,cruise,直连,12.631
T18,7494.492,cruise,直连,12.675
T18,7495.489,cruise,直连,12.72
T18,7496.487,cruise,直连,12.765
T18,7497.484,cruise,直连,12.81
T18,7498.481,cruise,直连,12.856
T18,7499.479,cruise,直连,12.901
T18,7500.476,cruise,直连,12.947
T18,7501.473,cruise,直连,12.993
T18,7502.47,cruise,直连,13.04
T18,7503.468,cruise,直连,13.086
T18,7504.465,cruise,直连,13.133
T18,7505.462,cruise,直连,13.18
T18,7506.46,cruise,直连,13.228
T18,7507.457,cruise,直连,13.275
T18,7508.454,cruise,直连,13.323
T18,7509.451,cruise,直连,13.371
T18,7510.449,cruise,直连,13.42
T18,7511.446,cruise,直连,13.469
T18,7512.443,cruise,直连,13.518
T18,7513.441,cruise,直连,13.567
T18,7514.438,cruise,直连,13.616
T18,7515.435,cruise,直连,13.666
T18,7516.432,cruise,直连,13.716
T18,7517.43,cruise,直连,13.767
T18,7518.427,cruise,直连,13.817
T18,7519.424,cruise,直连,13.868
T18,7520.422,cruise,直连,13.92
T18,7521.419,cruise,直连,13.971
T18,7522.416,cruise,直连,14.023
T18,7523.413,cruise,直连,14.075
T18,7524.411,cruise,直连,14.128
T18,7525.408,cruise,直连,14.181
T18,7526.405,cruise,直连,14.234
T18,7527.402,cruise,直连,14.288
T18,7528.4,cruise,直连,14.341
T18,7529.397,cruise,直连,14.396
T18,7530.394,cruise,直连,14.45
T18,7531.392,cruise,直连,14.505
T18,7532.389,cruise,直连,14.56
T18,7533.386,cruise,直连,14.616
T18,7534.383,cruise,直连,14.671
T18,7535.381,cruise,直连,14.728
T18,7536.378,cruise,直连,14.784
T18,7537.375,cruise,直连,14.841
T18,7538.373,cruise,直连,14.899
T18,7539.37,cruise,直连,14.956
T18,7540.367,cruise,直连,15.014
T18,7541.364,cruise,直连,15.073
T18,7542.362,cruise,直连,15.132
T18,7543.359,cruise,直连,15.191
T18,7544.356,cruise,直连,15.251
T18,7545.354,cruise,直连,15.311
T18,7546.351,cruise,直连,15.372
T18,7547.348,cruise,直连,15.433
T18,7548.345,cruise,直连,15.494
T18,7549.343,cruise,直连,15.556
T18,7550.34,cruise,直连,15.618
T18,7551.337,cruise,直连,15.681
T18,7552.335,cruise,直连,15.744
T18,7553.332,cruise,直连,15.807
T18,7554.329,cruise,直连,15.872
T18,7555.326,cruise,直连,15.936
T18,7556.324,cruise,直连,16.001
T18,7557.321,cruise,直连,16.067
T18,7558.318,cruise,直连,16.133
T18,7559.316,cruise,直连,16.199
T18,7560.313,cruise,直连,16.266
T18,7561.31,cruise,直连,16.334
T18,7562.307,cruise,直连,16.402
T18,7563.305,cruise,直连,16.47
T18,7564.302,cruise,直连,16.54
T18,7565.299,cruise,直连,16.609
T18,7566.297,cruise,直连,16.679
T18,7567.294,cruise,直连,16.75
T18,7568.291,cruise,直连,16.822
T18,7569.288,cruise,直连,16.894
T18,7570.286,cruise,直连,16.966
T18,7571.283,cruise,直连,17.039
T18,7572.28,cruise,直连,17.113
T18,7573.277,cruise,直连,17.188
T18,7574.275,cruise,直连,17.263
T18,7575.272,cruise,直连,17.338
T18,7576.269,cruise,直连,17.415
T18,7577.267,cruise,直连,17.492
T18,7578.264,cruise,直连,17.569
T18,7579.261,cruise,直连,17.648
T18,7580.258,cruise,直连,17.727
T18,7581.256,cruise,直连,17.807
T18,7582.253,cruise,直连,17.887
T18,7583.25,cruise,直连,17.969
T18,7584.248,cruise,直连,18.051
T18,7585.245,cruise,直连,18.134
T18,7586.242,cruise,直连,18.217
T18,7587.239,cruise,直连,18.302
T18,7588.237,cruise,直连,18.387
T18,7589.234,cruise,直连,18.473
T18,7590.231,cruise,直连,18.56
T18,7591.229,cruise,直连,18.648
T18,7592.226,cruise,直连,18.736
T18,7593.223,cruise,直连,18.826
T18,7594.22,cruise,直连,18.916
T18,7595.218,cruise,直连,19.008
T18,7596.215,cruise,直连,19.1
T18,7597.212,cruise,直连,19.193
T18,7598.21,cruise,直连,19.288
T18,7599.207,cruise,直连,19.383
T18,7600.204,cruise,直连,19.48
T18,7601.201,cruise,直连,19.577
T18,7602.199,cruise,直连,19.676
T18,7603.196,cruise,直连,19.775
T18,7604.193,cruise,直连,19.876
T18,7605.191,cruise,直连,19.978
T18,7606.188,cruise,直连,20.081
T18,7607.185,cruise,直连,20.186
T18,7608.182,cruise,直连,20.291
T18,7609.18,cruise,直连,20.398
T18,7610.177,cruise,直连,20.506
T18,7611.174,cruise,直连,20.616
T18,7612.172,cruise,直连,20.727
T18,7613.169,cruise,直连,20.839
T18,7614.166,cruise,直连,20.953
T18,7615.163,cruise,直连,21.068
T18,7616.161,cruise,直连,21.184
T18,7617.158,cruise,直连,21.303
T18,7618.155,cruise,直连,21.422
T18,7619.152,cruise,直连,21.544
T18,7620.15,cruise,直连,21.667
T18,7621.147,cruise,直连,21.792
T18,7622.144,cruise,直连,21.918
T18,7623.142,cruise,直连,22.047
T18,7624.139,cruise,直连,22.177
T18,7625.136,cruise,直连,22.309
T18,7626.133,cruise,直连,22.443
T18,7627.131,cruise,直连,22.579
T18,7628.128,cruise,直连,22.718
T18,7629.125,cruise,直连,22.858
T18,7630.123,cruise,直连,23.001
T18,7631.12,cruise,直连,23.146
T18,7632.117,cruise,直连,23.293
T18,7633.114,cruise,直连,23.442
T18,7634.112,cruise,直连,23.595
T18,7635.109,cruise,直连,23.749
T18,7636.106,cruise,直连,23.907
T18,7637.104,cruise,直连,24.067
T18,7638.101,cruise,直连,24.23
T18,7639.098,cruise,直连,24.396
T18,7640.095,cruise,直连,24.565
T18,7641.093,cruise,直连,24.737
T18,7642.09,cruise,直连,24.912
T18,7643.087,cruise,直连,25.091
T18,7644.085,cruise,直连,25.273
T18,7645.082,cruise,直连,25.459
T18,7646.079,cruise,直连,25.649
T18,7647.076,cruise,直连,25.842
T18,7648.074,cruise,直连,26.04
T18,7649.071,cruise,直连,26.241
T18,7650.068,cruise,直连,26.447
T18,7651.066,cruise,直连,26.658
T18,7652.063,cruise,直连,26.873
T18,7653.06,cruise,直连,27.093
T18,7654.057,cruise,直连,27.318
T18,7655.055,cruise,直连,27.548
T18,7656.052,cruise,直连,27.784
T18,7657.049,cruise,直连,28.026
T18,7658.047,cruise,直连,28.273
T18,7659.044,cruise,直连,28.526
T18,7660.041,cruise,直连,28.786
T18,7661.038,cruise,直连,29.052
T18,7662.036,cruise,直连,29.325
T18,7663.033,cruise,直连,29.605
T18,7664.03,cruise,直连,29.892
T18,7665.027,cruise,直连,30.187
T18,7666.025,cruise,直连,30.489
T18,7667.022,cruise,直连,30.798
T18,7668.019,cruise,直连,31.115
T18,7669.017,cruise,直连,31.44
T18,7670.014,cruise,直连,31.773
T18,7671.011,cruise,直连,32.113
T18,7672.008,cruise,直连,32.459
T18,7673.006,cruise,直连,32.812
T18,7674.003,cruise,直连,33.171
T18,7675.0,cruise,直连,33.533
T18,7675.998,cruise,直连,33.899
T18,7676.995,cruise,直连,34.264
T18,7677.992,cruise,直连,34.627
T18,7678.989,cruise,直连,34.983
T18,7679.987,cruise,直连,35.329
T18,7680.984,cruise,直连,35.659
T18,7681.981,cruise,直连,35.967
T18,7682.979,cruise,直连,36.245
T18,7683.976,cruise,直连,36.487
T18,7684.973,cruise,直连,36.686
T18,7685.97,cruise,直连,36.833
T18,7686.968,cruise,直连,36.923
T18,7687.965,cruise,直连,36.954
T18,7687.965,descent,直连,36.954
T18,7688.963,descent,直连,37.052
T18,7689.962,descent,直连,37.152
T18,7690.96,descent,直连,37.252
T18,7691.958,descent,直连,37.354
T18,7692.956,descent,直连,37.456
T18,7693.955,descent,直连,37.561
T18,7694.953,descent,直连,37.666
T18,7695.951,descent,直连,37.772
T18,7696.949,descent,直连,37.88
T18,7697.948,descent,直连,37.99
T18,7698.946,descent,直连,38.1
T18,7699.944,descent,直连,38.212
T18,7700.942,descent,直连,38.326
T18,7701.941,descent,直连,38.441
T18,7702.939,descent,直连,38.558
T18,7703.937,descent,直连,38.676
T18,7704.936,descent,直连,38.796
T18,7705.934,descent,直连,38.917
T18,7706.932,descent,直连,39.04
T18,7707.93,descent,直连,39.165
T18,7708.929,descent,直连,39.292
T18,7709.927,descent,直连,39.421
T18,7710.925,descent,直连,39.552
T18,7711.923,descent,直连,39.684
T18,7712.922,descent,直连,39.819
T18,7713.92,descent,直连,39.956
T18,7714.918,descent,直连,40.095
T18,7715.916,descent,直连,40.236
T18,7716.915,descent,直连,40.38
T18,7717.913,descent,直连,40.526
T18,7718.911,descent,直连,40.674
T18,7719.909,descent,直连,40.825
T18,7720.908,descent,直连,40.979
T18,7721.906,descent,直连,41.136
T18,7722.904,descent,直连,41.295
T18,7723.903,descent,直连,41.458
T18,7724.901,descent,直连,41.623
T18,7725.899,descent,直连,41.792
T18,7726.897,descent,直连,41.964
T18,7727.896,descent,直连,42.139
T18,7728.894,descent,直连,42.319
T18,7729.892,descent,直连,42.502
T18,7730.89,descent,直连,42.688
T18,7731.889,descent,直连,42.879
T18,7732.887,descent,直连,43.075
T18,7733.885,descent,直连,43.274
T18,7734.883,descent,直连,43.479
T18,7735.882,descent,直连,43.688
T18,7736.88,descent,直连,43.903
T18,7737.878,descent,直连,44.123
T18,7738.877,descent,直连,44.349
T18,7739.875,descent,直连,44.58
T18,7740.873,descent,直连,44.818
T18,7741.871,descent,直连,45.063
T18,7742.87,descent,直连,45.315
T18,7743.868,descent,直连,45.575
T18,7744.866,descent,直连,45.842
T18,7745.864,descent,直连,46.118
T18,7746.863,descent,直连,46.403
T18,7747.861,descent,直连,46.698
T18,7748.859,descent,直连,47.002
T18,7749.857,descent,直连,47.319
T18,7750.856,descent,直连,47.647
T18,7751.854,descent,直连,47.987
T18,7752.852,descent,直连,48.342
T18,7753.85,descent,直连,48.712
T18,7754.849,descent,直连,49.099
T18,7755.847,descent,直连,49.503
T18,7756.845,descent,直连,49.927
T18,7757.844,descent,直连,50.373
T18,7758.842,descent,直连,50.843
T18,7759.84,descent,直连,51.34
T18,7760.838,descent,直连,51.867
T18,7761.837,descent,直连,52.429
T18,7762.835,descent,直连,53.028
T18,7763.833,descent,直连,53.673
T18,7764.831,descent,直连,54.369
T18,7765.83,descent,直连,55.126
T18,7766.828,descent,直连,55.955
T18,7767.826,descent,直连,56.872
T18,7768.824,descent,直连,57.897
T18,7769.823,descent,直连,59.06
T18,7770.821,descent,直连,60.402
T18,7771.819,descent,直连,61.991
T18,7772.818,descent,直连,63.937
T18,7773.816,descent,直连,66.448
T18,7774.814,descent,直连,69.995
T18,7775.812,descent,直连,76.093
T18,7776.811,descent,直连,111.14
T18,7777.809,descent,直连,75.791
T18,7778.807,descent,直连,69.845
T18,7779.805,descent,直连,66.348
T18,7780.804,descent,直连,63.861
T18,7781.802,descent,直连,61.931
T18,7782.8,descent,直连,60.352
T18,7783.798,descent,直连,59.017
T18,7784.797,descent,直连,57.86
T18,7785.795,descent,直连,56.839
T18,7786.793,descent,直连,45.925
T19,5224.6,climb,直连,45.925
T19,5225.6,climb,直连,57.336
T19,5226.599,climb,直连,59.022
T19,5227.599,climb,直连,61.115
T19,5228.599,climb,直连,63.879
T19,5229.598,climb,直连,67.957
T19,5230.598,climb,直连,75.898
T19,5231.598,climb,直连,82.01
T19,5232.597,climb,直连,69.923
T19,5233.597,climb,直连,65.056
T19,5234.596,climb,直连,61.955
T19,5235.596,climb,直连,59.675
T19,5236.596,climb,直连,57.87
T19,5237.595,climb,直连,56.377
T19,5238.595,climb,直连,55.103
T19,5239.595,climb,直连,53.992
T19,5240.594,climb,直连,53.008
T19,5241.594,climb,直连,52.124
T19,5242.594,climb,直连,51.321
T19,5243.593,climb,直连,50.586
T19,5244.593,climb,直连,49.909
T19,5245.593,climb,直连,49.281
T19,5246.592,climb,直连,48.695
T19,5247.592,climb,直连,48.146
T19,5248.592,climb,直连,47.63
T19,5249.591,climb,直连,47.143
T19,5250.591,climb,直连,46.681
T19,5251.59,climb,直连,46.243
T19,5252.59,climb,直连,45.826
T19,5253.59,climb,直连,45.428
T19,5254.589,climb,直连,45.048
T19,5255.589,climb,直连,44.683
T19,5256.589,climb,直连,44.333
T19,5257.588,climb,直连,43.997
T19,5258.588,climb,直连,43.673
T19,5259.588,climb,直连,43.361
T19,5260.587,climb,直连,43.06
T19,5261.587,climb,直连,42.769
T19,5262.587,climb,直连,42.487
T19,5263.586,climb,直连,42.214
T19,5264.586,climb,直连,41.949
T19,5265.586,climb,直连,41.693
T19,5266.585,climb,直连,41.443
T19,5267.585,climb,直连,41.201
T19,5268.584,climb,直连,40.965
T19,5269.584,climb,直连,40.735
T19,5270.584,climb,直连,40.512
T19,5271.583,climb,直连,40.294
T19,5272.583,climb,直连,40.081
T19,5273.583,climb,直连,39.873
T19,5274.582,climb,直连,39.67
T19,5275.582,climb,直连,39.472
T19,5276.582,climb,直连,39.279
T19,5277.581,climb,直连,39.089
T19,5278.581,climb,直连,38.904
T19,5279.581,climb,直连,38.722
T19,5280.58,climb,直连,38.544
T19,5281.58,climb,直连,38.37
T19,5282.58,climb,直连,38.199
T19,5283.579,climb,直连,38.031
T19,5284.579,climb,直连,37.867
T19,5285.579,climb,直连,37.705
T19,5286.578,climb,直连,37.547
T19,5287.578,climb,直连,37.391
T19,5288.577,climb,直连,37.239
T19,5289.577,climb,直连,37.088
T19,5290.577,climb,直连,36.941
T19,5291.576,climb,直连,36.796
T19,5292.576,climb,直连,36.653
T19,5293.576,climb,直连,36.512
T19,5294.575,climb,直连,36.374
T19,5295.575,climb,直连,36.238
T19,5296.575,climb,直连,36.104
T19,5297.574,climb,直连,35.972
T19,5298.574,climb,直连,35.842
T19,5299.574,climb,直连,35.714
T19,5300.573,climb,直连,35.588
T19,5301.573,climb,直连,35.463
T19,5302.573,climb,直连,35.341
T19,5303.572,climb,直连,35.22
T19,5304.572,climb,直连,35.101
T19,5305.571,climb,直连,34.983
T19,5306.571,climb,直连,34.867
T19,5307.571,climb,直连,34.752
T19,5308.57,climb,直连,34.639
T19,5309.57,climb,直连,34.528
T19,5310.57,climb,直连,34.418
T19,5311.569,climb,直连,34.309
T19,5312.569,climb,直连,34.201
T19,5313.569,climb,直连,34.095
T19,5314.568,climb,直连,33.99
T19,5315.568,climb,直连,33.887
T19,5316.568,climb,直连,33.784
T19,5317.567,climb,直连,33.683
T19,5318.567,climb,直连,33.583
T19,5319.567,climb,直连,33.484
T19,5320.566,climb,直连,33.386
T19,5321.566,climb,直连,33.29
T19,5322.565,climb,直连,33.194
T19,5323.565,climb,直连,33.099
T19,5324.565,climb,直连,33.006
T19,5325.564,climb,直连,32.913
T19,5326.564,climb,直连,32.822
T19,5327.564,climb,直连,32.731
T19,5328.563,climb,直连,32.641
T19,5329.563,climb,直连,32.553
T19,5330.563,climb,直连,32.465
T19,5331.562,climb,直连,32.378
T19,5332.562,climb,直连,32.292
T19,5333.562,climb,直连,32.206
T19,5334.561,climb,直连,32.122
T19,5335.561,climb,直连,32.038
T19,5336.561,climb,直连,31.955
T19,5337.56,climb,直连,31.873
T19,5338.56,climb,直连,31.792
T19,5339.559,climb,直连,31.711
T19,5340.559,climb,直连,31.632
T19,5341.559,climb,直连,31.552
T19,5342.558,climb,直连,31.474
T19,5343.558,climb,直连,31.396
T19,5344.558,climb,直连,31.319
T19,5345.557,climb,直连,31.243
T19,5346.557,climb,直连,31.167
T19,5347.557,climb,直连,31.093
T19,5348.556,climb,直连,31.018
T19,5349.556,climb,直连,30.944
T19,5350.556,climb,直连,30.871
T19,5351.555,climb,直连,30.799
T19,5352.555,climb,直连,30.727
T19,5353.555,climb,直连,30.656
T19,5354.554,climb,直连,30.585
T19,5355.554,climb,直连,30.515
T19,5356.553,climb,直连,30.445
T19,5357.553,climb,直连,30.376
T19,5358.553,climb,直连,30.308
T19,5359.552,climb,直连,30.24
T19,5360.552,climb,直连,30.172
T19,5361.552,climb,直连,30.105
T19,5362.551,climb,直连,30.039
T19,5363.551,climb,直连,29.973
T19,5364.551,climb,直连,29.908
T19,5365.55,climb,直连,29.843
T19,5366.55,climb,直连,29.778
T19,5367.55,climb,直连,29.715
T19,5368.549,climb,直连,29.651
T19,5369.549,climb,直连,29.588
T19,5370.549,climb,直连,29.525
T19,5371.548,climb,直连,29.463
T19,5371.548,cruise,直连,29.463
T19,5372.547,cruise,直连,29.458
T19,5373.546,cruise,直连,29.441
T19,5374.545,cruise,直连,29.414
T19,5375.544,cruise,直连,29.376
T19,5376.543,cruise,直连,29.328
T19,5377.542,cruise,直连,29.269
T19,5378.541,cruise,直连,29.202
T19,5379.54,cruise,直连,29.124
T19,5380.539,cruise,直连,29.039
T19,5381.539,cruise,直连,28.945
T19,5382.538,cruise,直连,28.843
T19,5383.537,cruise,直连,28.735
T19,5384.536,cruise,直连,28.62
T19,5385.535,cruise,直连,28.499
T19,5386.534,cruise,直连,28.373
T19,5387.533,cruise,直连,28.242
T19,5388.532,cruise,直连,28.107
T19,5389.531,cruise,直连,27.968
T19,5390.53,cruise,直连,27.826
T19,5391.529,cruise,直连,27.681
T19,5392.528,cruise,直连,27.534
T19,5393.527,cruise,直连,27.385
T19,5394.526,cruise,直连,27.234
T19,5395.525,cruise,直连,27.082
T19,5396.524,cruise,直连,26.928
T19,5397.523,cruise,直连,26.775
T19,5398.522,cruise,直连,26.62
T19,5399.521,cruise,直连,26.466
T19,5400.52,cruise,直连,26.311
T19,5401.519,cruise,直连,26.156
T19,5402.518,cruise,直连,26.002
T19,5403.517,cruise,直连,25.849
T19,5404.516,cruise,直连,25.696
T19,5405.515,cruise,直连,25.543
T19,5406.514,cruise,直连,25.392
T19,5407.513,cruise,直连,25.241
T19,5408.512,cruise,直连,25.092
T19,5409.511,cruise,直连,24.944
T19,5410.51,cruise,直连,24.796
T19,5411.509,cruise,直连,24.65
T19,5412.508,cruise,直连,24.505
T19,5413.507,cruise,直连,24.362
T19,5414.506,cruise,直连,24.22
T19,5415.506,cruise,直连,24.079
T19,5416.505,cruise,直连,23.939
T19,5417.504,cruise,直连,23.801
T19,5418.503,cruise,直连,23.664
T19,5419.502,cruise,直连,23.528
T19,5420.501,cruise,直连,23.394
T19,5421.5,cruise,直连,23.262
T19,5422.499,cruise,直连,23.13
T19,5423.498,cruise,直连,23.0
T19,5424.497,cruise,直连,22.872
T19,5425.496,cruise,直连,22.744
T19,5426.495,cruise,直连,22.618
T19,5427.494,cruise,直连,22.494
T19,5428.493,cruise,直连,22.37
T19,5429.492,cruise,直连,22.248
T19,5430.491,cruise,直连,22.128
T19,5431.49,cruise,直连,22.008
T19,5432.489,cruise,直连,21.89
T19,5433.488,cruise,直连,21.773
T19,5434.487,cruise,直连,21.658
T19,5435.486,cruise,直连,21.543
T19,5436.485,cruise,直连,21.43
T19,5437.484,cruise,直连,21.318
T19,5438.483,cruise,直连,21.207
T19,5439.482,cruise,直连,21.098
T19,5440.481,cruise,直连,20.989
T19,5441.48,cruise,直连,20.882
T19,5442.479,cruise,直连,20.775
T19,5443.478,cruise,直连,20.67
T19,5444.477,cruise,直连,20.566
T19,5445.476,cruise,直连,20.463
T19,5446.475,cruise,直连,20.361
T19,5447.474,cruise,直连,20.26
T19,5448.474,cruise,直连,20.16
T19,5449.473,cruise,直连,20.06
T19,5450.472,cruise,直连,19.962
T19,5451.471,cruise,直连,19.865
T19,5452.47,cruise,直连,19.769
T19,5453.469,cruise,直连,19.674
T19,5454.468,cruise,直连,19.579
T19,5455.467,cruise,直连,19.486
T19,5456.466,cruise,直连,19.393
T19,5457.465,cruise,直连,19.302
T19,5458.464,cruise,直连,19.211
T19,5459.463,cruise,直连,19.121
T19,5460.462,cruise,直连,19.032
T19,5461.461,cruise,直连,18.943
T19,5462.46,cruise,直连,18.856
T19,5463.459,cruise,直连,18.769
T19,5464.458,cruise,直连,18.683
T19,5465.457,cruise,直连,18.598
T19,5466.456,cruise,直连,18.513
T19,5467.455,cruise,直连,18.43
T19,5468.454,cruise,直连,18.347
T19,5469.453,cruise,直连,18.264
T19,5470.452,cruise,直连,18.183
T19,5471.451,cruise,直连,18.102
T19,5472.45,cruise,直连,18.022
T19,5473.449,cruise,直连,17.942
T19,5474.448,cruise,直连,17.864
T19,5475.447,cruise,直连,17.785
T19,5476.446,cruise,直连,17.708
T19,5477.445,cruise,直连,17.631
T19,5478.444,cruise,直连,17.555
T19,5479.443,cruise,直连,17.479
T19,5480.442,cruise,直连,17.404
T19,5481.442,cruise,直连,17.33
T19,5482.441,cruise,直连,17.256
T19,5483.44,cruise,直连,17.183
T19,5484.439,cruise,直连,17.11
T19,5485.438,cruise,直连,17.038
T19,5486.437,cruise,直连,16.966
T19,5487.436,cruise,直连,16.895
T19,5488.435,cruise,直连,16.825
T19,5489.434,cruise,直连,16.755
T19,5490.433,cruise,直连,16.685
T19,5491.432,cruise,直连,16.617
T19,5492.431,cruise,直连,16.548
T19,5493.43,cruise,直连,16.48
T19,5494.429,cruise,直连,16.413
T19,5495.428,cruise,直连,16.346
T19,5496.427,cruise,直连,16.28
T19,5497.426,cruise,直连,16.214
T19,5498.425,cruise,直连,16.148
T19,5499.424,cruise,直连,16.083
T19,5500.423,cruise,直连,16.019
T19,5501.422,cruise,直连,15.955
T19,5502.421,cruise,直连,15.891
T19,5503.42,cruise,直连,15.828
T19,5504.419,cruise,直连,15.765
T19,5505.418,cruise,直连,15.703
T19,5506.417,cruise,直连,15.641
T19,5507.416,cruise,直连,15.58
T19,5508.415,cruise,直连,15.519
T19,5509.414,cruise,直连,15.458
T19,5510.413,cruise,直连,15.398
T19,5511.412,cruise,直连,15.338
T19,5512.411,cruise,直连,15.278
T19,5513.41,cruise,直连,15.219
T19,5514.409,cruise,直连,15.161
T19,5515.409,cruise,直连,15.102
T19,5516.408,cruise,直连,15.044
T19,5517.407,cruise,直连,14.987
T19,5518.406,cruise,直连,14.93
T19,5519.405,cruise,直连,14.873
T19,5520.404,cruise,直连,14.816
T19,5521.403,cruise,直连,14.76
T19,5522.402,cruise,直连,14.705
T19,5523.401,cruise,直连,14.649
T19,5524.4,cruise,直连,14.594
T19,5525.399,cruise,直连,14.539
T19,5526.398,cruise,直连,14.485
T19,5527.397,cruise,直连,14.431
T19,5528.396,cruise,直连,14.377
T19,5529.395,cruise,直连,14.324
T19,5530.394,cruise,直连,14.27
T19,5531.393,cruise,直连,14.218
T19,5532.392,cruise,直连,14.165
T19,5533.391,cruise,直连,14.113
T19,5534.39,cruise,直连,14.061
T19,5535.389,cruise,直连,14.009
T19,5536.388,cruise,直连,13.958
T19,5537.387,cruise,直连,13.907
T19,5538.386,cruise,直连,13.856
T19,5539.385,cruise,直连,13.806
T19,5540.384,cruise,直连,13.756
T19,5541.383,cruise,直连,13.706
T19,5542.382,cruise,直连,13.656
T19,5543.381,cruise,直连,13.607
T19,5544.38,cruise,直连,13.558
T19,5545.379,cruise,直连,13.509
T19,5546.378,cruise,直连,13.461
T19,5547.377,cruise,直连,13.412
T19,5548.377,cruise,直连,13.364
T19,5549.376,cruise,直连,13.317
T19,5550.375,cruise,直连,13.269
T19,5551.374,cruise,直连,13.222
T19,5552.373,cruise,直连,13.175
T19,5553.372,cruise,直连,13.128
T19,5554.371,cruise,直连,13.082
T19,5555.37,cruise,直连,13.035
T19,5556.369,cruise,直连,12.989
T19,5557.368,cruise,直连,12.944
T19,5558.367,cruise,直连,12.898
T19,5559.366,cruise,直连,12.853
T19,5560.365,cruise,直连,12.808
T19,5561.364,cruise,直连,12.763
T19,5562.363,cruise,直连,12.718
T19,5563.362,cruise,直连,12.674
T19,5564.361,cruise,直连,12.63
T19,5565.36,cruise,直连,12.586
T19,5566.359,cruise,直连,12.542
T19,5567.358,cruise,直连,12.498
T19,5568.357,cruise,直连,12.455
T19,5569.356,cruise,直连,12.412
T19,5570.355,cruise,直连,12.369
T19,5571.354,cruise,直连,12.326
T19,5572.353,cruise,直连,12.284
T19,5573.352,cruise,直连,12.242
T19,5574.351,cruise,直连,12.2
T19,5575.35,cruise,直连,12.158
T19,5576.349,cruise,直连,12.116
T19,5577.348,cruise,直连,12.074
T19,5578.347,cruise,直连,12.033
T19,5579.346,cruise,直连,11.992
T19,5580.345,cruise,直连,11.951
T19,5581.345,cruise,直连,11.91
T19,5582.344,cruise,直连,11.87
T19,5583.343,cruise,直连,11.83
T19,5584.342,cruise,直连,11.789
T19,5585.341,cruise,直连,11.749
T19,5586.34,cruise,直连,11.71
T19,5587.339,cruise,直连,11.67
T19,5588.338,cruise,直连,11.63
T19,5589.337,cruise,直连,11.591
T19,5590.336,cruise,直连,11.552
T19,5591.335,cruise,直连,11.513
T19,5592.334,cruise,直连,11.474
T19,5593.333,cruise,直连,11.436
T19,5594.332,cruise,直连,11.397
T19,5595.331,cruise,直连,11.359
T19,5596.33,cruise,直连,11.321
T19,5597.329,cruise,直连,11.283
T19,5598.328,cruise,直连,11.245
T19,5599.327,cruise,直连,1.208
T19,5600.326,cruise,直连,1.17
T19,5601.325,cruise,直连,1.133
T19,5602.324,cruise,直连,1.096
T19,5603.323,cruise,直连,1.059
T19,5604.322,cruise,直连,1.022
T19,5605.321,cruise,直连,0.985
T19,5606.32,cruise,直连,0.949
T19,5607.319,cruise,直连,0.913
T19,5608.318,cruise,直连,0.876
T19,5609.317,cruise,直连,0.84
T19,5610.316,cruise,直连,0.804
T19,5611.315,cruise,直连,0.769
T19,5612.314,cruise,直连,0.733
T19,5613.313,cruise,直连,0.697
T19,5614.313,cruise,直连,0.662
T19,5615.312,cruise,直连,0.627
T19,5616.311,cruise,直连,0.592
T19,5617.31,cruise,直连,0.557
T19,5618.309,cruise,直连,0.522
T19,5619.308,cruise,直连,0.487
T19,5620.307,cruise,直连,0.453
T19,5621.306,cruise,直连,0.419
T19,5622.305,cruise,直连,0.384
T19,5623.304,cruise,直连,0.35
T19,5624.303,cruise,直连,0.316
T19,5625.302,cruise,直连,0.282
T19,5626.301,cruise,直连,0.249
T19,5627.3,cruise,直连,0.215
T19,5628.299,cruise,直连,0.182
T19,5629.298,cruise,直连,0.148
T19,5630.297,cruise,直连,0.115
T19,5631.296,cruise,直连,0.082
T19,5632.295,cruise,直连,0.049
T19,5633.294,cruise,直连,0.016
T19,5634.293,cruise,中继,2.971
T19,5635.292,cruise,中继,2.974
T19,5636.291,cruise,中继,2.977
T19,5637.29,cruise,中继,2.98
T19,5638.289,cruise,中继,2.983
T19,5639.288,cruise,中继,2.986
T19,5640.287,cruise,中继,2.989
T19,5641.286,cruise,中继,2.991
T19,5642.285,cruise,中继,2.994
T19,5643.284,cruise,中继,2.996
T19,5644.283,cruise,中继,2.999
T19,5645.282,cruise,中继,3.001
T19,5646.281,cruise,中继,3.003
T19,5647.28,cruise,中继,3.005
T19,5648.28,cruise,中继,3.007
T19,5649.279,cruise,中继,3.009
T19,5650.278,cruise,中继,3.011
T19,5651.277,cruise,中继,3.013
T19,5652.276,cruise,中继,3.014
T19,5653.275,cruise,中继,3.016
T19,5654.274,cruise,中继,3.017
T19,5655.273,cruise,中继,3.018
T19,5656.272,cruise,中继,3.019
T19,5657.271,cruise,中继,3.021
T19,5658.27,cruise,中继,3.022
T19,5659.269,cruise,中继,3.022
T19,5660.268,cruise,中继,3.023
T19,5661.267,cruise,中继,3.024
T19,5662.266,cruise,中继,3.024
T19,5663.265,cruise,中继,3.025
T19,5664.264,cruise,中继,3.025
T19,5665.263,cruise,中继,3.026
T19,5666.262,cruise,中继,3.026
T19,5667.261,cruise,中继,3.026
T19,5668.26,cruise,中继,3.026
T19,5669.259,cruise,中继,3.026
T19,5670.258,cruise,中继,3.026
T19,5671.257,cruise,中继,3.025
T19,5672.256,cruise,中继,3.025
T19,5673.255,cruise,中继,3.024
T19,5674.254,cruise,中继,3.024
T19,5675.253,cruise,中继,3.023
T19,5676.252,cruise,中继,3.022
T19,5677.251,cruise,中继,3.021
T19,5678.25,cruise,中继,3.02
T19,5679.249,cruise,中继,3.019
T19,5680.248,cruise,中继,3.018
T19,5681.248,cruise,中继,3.017
T19,5682.247,cruise,中继,3.015
T19,5683.246,cruise,中继,3.014
T19,5684.245,cruise,中继,3.012
T19,5685.244,cruise,中继,3.011
T19,5686.243,cruise,中继,3.009
T19,5687.242,cruise,中继,3.007
T19,5688.241,cruise,中继,3.005
T19,5689.24,cruise,中继,3.003
T19,5690.239,cruise,中继,3.001
T19,5691.238,cruise,中继,2.998
T19,5692.237,cruise,中继,2.996
T19,5693.236,cruise,中继,2.994
T19,5694.235,cruise,中继,2.991
T19,5695.234,cruise,中继,2.988
T19,5696.233,cruise,中继,2.986
T19,5697.232,cruise,中继,2.983
T19,5698.231,cruise,中继,2.98
T19,5699.23,cruise,中继,2.977
T19,5700.229,cruise,中继,2.974
T19,5701.228,cruise,中继,2.97
T19,5702.227,cruise,中继,2.967
T19,5703.226,cruise,中继,2.964
T19,5704.225,cruise,中断,-2.048
T19,5705.224,cruise,中断,-2.074
T19,5706.223,cruise,中断,-2.099
T19,5707.222,cruise,中断,-2.125
T19,5708.221,cruise,中断,-2.151
T19,5709.22,cruise,中断,-2.176
T19,5710.219,cruise,中断,-2.202
T19,5711.218,cruise,中断,-2.227
T19,5712.217,cruise,中断,-2.252
T19,5713.216,cruise,中继,2.924
T19,5714.216,cruise,中继,2.919
T19,5715.215,cruise,中继,2.915
T19,5716.214,cruise,中继,2.91
T19,5717.213,cruise,中继,2.905
T19,5718.212,cruise,中继,2.901
T19,5719.211,cruise,中继,2.896
T19,5720.21,cruise,中继,2.891
T19,5721.209,cruise,中继,2.886
T19,5722.208,cruise,中继,2.88
T19,5723.207,cruise,中继,2.875
T19,5724.206,cruise,中继,2.87
T19,5725.205,cruise,中继,2.864
T19,5726.204,cruise,中继,2.859
T19,5727.203,cruise,中继,2.853
T19,5728.202,cruise,中继,2.847
T19,5729.201,cruise,中继,2.841
T19,5730.2,cruise,中继,2.835
T19,5731.199,cruise,中继,2.829
T19,5732.198,cruise,中继,2.823
T19,5733.197,cruise,中继,2.817
T19,5734.196,cruise,中继,2.811
T19,5735.195,cruise,中继,2.805
T19,5736.194,cruise,中继,2.798
T19,5737.193,cruise,中继,2.792
T19,5738.192,cruise,中继,2.785
T19,5739.191,cruise,中继,2.778
T19,5740.19,cruise,中继,2.772
T19,5741.189,cruise,中继,2.765
T19,5742.188,cruise,中继,2.758
T19,5743.187,cruise,中继,2.751
T19,5744.186,cruise,中继,2.744
T19,5745.185,cruise,中继,2.736
T19,5746.184,cruise,中继,2.729
T19,5747.183,cruise,中继,2.722
T19,5748.183,cruise,中继,2.714
T19,5749.182,cruise,中继,2.707
T19,5750.181,cruise,中继,2.699
T19,5751.18,cruise,中继,2.692
T19,5752.179,cruise,中继,2.684
T19,5753.178,cruise,中继,2.676
T19,5754.177,cruise,中继,2.668
T19,5755.176,cruise,中继,2.66
T19,5756.175,cruise,中断,-3.3
T19,5757.174,cruise,中继,2.644
T19,5758.173,cruise,中继,2.636
T19,5759.172,cruise,中继,2.628
T19,5760.171,cruise,中继,2.619
T19,5761.17,cruise,中继,2.611
T19,5762.169,cruise,中继,2.602
T19,5763.168,cruise,中继,2.594
T19,5764.167,cruise,中断,-3.478
T19,5765.166,cruise,中断,-3.5
T19,5766.165,cruise,中断,-3.522
T19,5767.164,cruise,中断,-3.544
T19,5768.163,cruise,中断,-3.565
T19,5769.162,cruise,中断,-3.587
T19,5770.161,cruise,中断,-3.609
T19,5771.16,cruise,中断,-3.63
T19,5772.159,cruise,中断,-3.652
T19,5772.159,descent,中断,-3.652
T19,5773.149,descent,中断,-3.652
T19,5774.139,descent,中断,-3.652
T19,5775.129,descent,中断,-3.651
T19,5776.119,descent,中断,-3.651
T19,5777.109,descent,中断,-3.651
T19,5778.099,descent,中断,-3.651
T19,5779.089,descent,中断,-3.65
T19,5780.079,descent,中断,-3.65
T19,5781.069,descent,中断,-3.65
T19,5782.059,descent,中断,-3.65
T19,5783.049,descent,中断,-3.649
T19,5784.039,descent,中断,-3.649
T19,5785.029,descent,中断,-3.649
T19,5786.018,descent,中断,-3.649
T19,5787.008,descent,中断,-3.648
T19,5787.998,descent,中断,-3.648
T19,5788.988,descent,中断,-3.648
T19,5789.978,descent,中断,-3.648
T19,5790.968,descent,中断,-3.648
T19,5791.958,descent,中断,-3.647
T19,5792.948,descent,中断,-3.647
T19,5793.938,descent,中断,-3.647
T19,5794.928,descent,中断,-3.647
T19,5795.918,descent,中断,-3.647
T19,5796.908,descent,中断,-3.646
T19,5797.898,descent,中断,-3.646
T19,5798.888,descent,中断,-3.646
T19,5799.878,descent,中断,-3.646
T19,5800.868,descent,中断,-3.645
T19,5801.858,descent,中断,-3.645
T19,5802.847,descent,中断,-3.645
T19,5803.837,descent,中断,-3.645
T19,5804.827,descent,中断,-3.645
T19,5805.817,descent,中断,-3.644
T19,5806.807,descent,中断,-3.644
T19,5807.797,descent,中断,-3.644
T19,5808.787,descent,中断,-3.644
T19,5809.777,descent,中断,-3.644
T19,5809.777,handover,中断,-3.644
T19,6049.777,handover,中断,-3.644
T19,6049.777,climb,中断,-3.644
T19,6050.757,climb,中断,-3.644
T19,6051.736,climb,中断,-3.644
T19,6052.716,climb,中断,-3.644
T19,6053.696,climb,中断,-3.645
T19,6054.675,climb,中断,-3.645
T19,6055.655,climb,中断,-3.645
T19,6056.635,climb,中断,-3.645
T19,6057.614,climb,中断,-3.646
T19,6058.594,climb,中断,-3.646
T19,6059.573,climb,中断,-3.646
T19,6060.553,climb,中断,-3.646
T19,6061.533,climb,中断,-3.647
T19,6062.512,climb,中断,-3.647
T19,6063.492,climb,中断,-3.647
T19,6064.472,climb,中断,-3.647
T19,6065.451,climb,中断,-3.648
T19,6066.431,climb,中断,-3.648
T19,6067.41,climb,中断,-3.648
T19,6068.39,climb,中断,-3.648
T19,6069.37,climb,中断,-3.649
T19,6070.349,climb,中断,-3.649
T19,6071.329,climb,中断,-3.649
T19,6072.309,climb,中断,-3.649
T19,6073.288,climb,中断,-3.65
T19,6074.268,climb,中断,-3.65
T19,6075.248,climb,中断,-3.65
T19,6076.227,climb,中断,-3.651
T19,6077.207,climb,中断,-3.651
T19,6078.186,climb,中断,-3.651
T19,6079.166,climb,中断,-3.651
T19,6080.146,climb,中断,-3.652
T19,6081.125,climb,中断,-3.652
T19,6081.125,cruise,中断,-3.652
T19,6082.124,cruise,中断,-3.63
T19,6083.123,cruise,中断,-3.609
T19,6084.122,cruise,中断,-3.587
T19,6085.121,cruise,中断,-3.565
T19,6086.12,cruise,中断,-3.544
T19,6087.119,cruise,中断,-3.522
T19,6088.119,cruise,中断,-3.5
T19,6089.118,cruise,中断,-3.478
T19,6090.117,cruise,中继,2.594
T19,6091.116,cruise,中继,2.602
T19,6092.115,cruise,中继,2.611
T19,6093.114,cruise,中继,2.619
T19,6094.113,cruise,中继,2.628
T19,6095.112,cruise,中继,2.636
T19,6096.111,cruise,中继,2.644
T19,6097.11,cruise,中断,-3.3
T19,6098.109,cruise,中继,2.66
T19,6099.108,cruise,中继,2.668
T19,6100.107,cruise,中继,2.676
T19,6101.106,cruise,中继,2.684
T19,6102.105,cruise,中继,2.692
T19,6103.104,cruise,中继,2.699
T19,6104.103,cruise,中继,2.707
T19,6105.102,cruise,中继,2.714
T19,6106.101,cruise,中继,2.722
T19,6107.1,cruise,中继,2.729
T19,6108.099,cruise,中继,2.736
T19,6109.098,cruise,中继,2.744
T19,6110.097,cruise,中继,2.751
T19,6111.096,cruise,中继,2.758
T19,6112.095,cruise,中继,2.765
T19,6113.094,cruise,中继,2.772
T19,6114.093,cruise,中继,2.778
T19,6115.092,cruise,中继,2.785
T19,6116.091,cruise,中继,2.792
T19,6117.09,cruise,中继,2.798
T19,6118.089,cruise,中继,2.805
T19,6119.088,cruise,中继,2.811
T19,6120.087,cruise,中继,2.817
T19,6121.087,cruise,中继,2.823
T19,6122.086,cruise,中继,2.829
T19,6123.085,cruise,中继,2.835
T19,6124.084,cruise,中继,2.841
T19,6125.083,cruise,中继,2.847
T19,6126.082,cruise,中继,2.853
T19,6127.081,cruise,中继,2.859
T19,6128.08,cruise,中继,2.864
T19,6129.079,cruise,中继,2.87
T19,6130.078,cruise,中继,2.875
T19,6131.077,cruise,中继,2.88
T19,6132.076,cruise,中继,2.886
T19,6133.075,cruise,中继,2.891
T19,6134.074,cruise,中继,2.896
T19,6135.073,cruise,中继,2.901
T19,6136.072,cruise,中继,2.905
T19,6137.071,cruise,中继,2.91
T19,6138.07,cruise,中继,2.915
T19,6139.069,cruise,中继,2.919
T19,6140.068,cruise,中继,2.924
T19,6141.067,cruise,中断,-2.252
T19,6142.066,cruise,中断,-2.227
T19,6143.065,cruise,中断,-2.202
T19,6144.064,cruise,中断,-2.176
T19,6145.063,cruise,中断,-2.151
T19,6146.062,cruise,中断,-2.125
T19,6147.061,cruise,中断,-2.099
T19,6148.06,cruise,中断,-2.074
T19,6149.059,cruise,中断,-2.048
T19,6150.058,cruise,中继,2.964
T19,6151.057,cruise,中继,2.967
T19,6152.056,cruise,中继,2.97
T19,6153.055,cruise,中继,2.974
T19,6154.054,cruise,中继,2.977
T19,6155.054,cruise,中继,2.98
T19,6156.053,cruise,中继,2.983
T19,6157.052,cruise,中继,2.986
T19,6158.051,cruise,中继,2.988
T19,6159.05,cruise,中继,2.991
T19,6160.049,cruise,中继,2.994
T19,6161.048,cruise,中继,2.996
T19,6162.047,cruise,中继,2.998
T19,6163.046,cruise,中继,3.001
T19,6164.045,cruise,中继,3.003
T19,6165.044,cruise,中继,3.005
T19,6166.043,cruise,中继,3.007
T19,6167.042,cruise,中继,3.009
T19,6168.041,cruise,中继,3.011
T19,6169.04,cruise,中继,3.012
T19,6170.039,cruise,中继,3.014
T19,6171.038,cruise,中继,3.015
T19,6172.037,cruise,中继,3.017
T19,6173.036,cruise,中继,3.018
T19,6174.035,cruise,中继,3.019
T19,6175.034,cruise,中继,3.02
T19,6176.033,cruise,中继,3.021
T19,6177.032,cruise,中继,3.022
T19,6178.031,cruise,中继,3.023
T19,6179.03,cruise,中继,3.024
T19,6180.029,cruise,中继,3.024
T19,6181.028,cruise,中继,3.025
T19,6182.027,cruise,中继,3.025
T19,6183.026,cruise,中继,3.026
T19,6184.025,cruise,中继,3.026
T19,6185.024,cruise,中继,3.026
T19,6186.023,cruise,中继,3.026
T19,6187.022,cruise,中继,3.026
T19,6188.022,cruise,中继,3.026
T19,6189.021,cruise,中继,3.025
T19,6190.02,cruise,中继,3.025
T19,6191.019,cruise,中继,3.024
T19,6192.018,cruise,中继,3.024
T19,6193.017,cruise,中继,3.023
T19,6194.016,cruise,中继,3.022
T19,6195.015,cruise,中继,3.022
T19,6196.014,cruise,中继,3.021
T19,6197.013,cruise,中继,3.019
T19,6198.012,cruise,中继,3.018
T19,6199.011,cruise,中继,3.017
T19,6200.01,cruise,中继,3.016
T19,6201.009,cruise,中继,3.014
T19,6202.008,cruise,中继,3.013
T19,6203.007,cruise,中继,3.011
T19,6204.006,cruise,中继,3.009
T19,6205.005,cruise,中继,3.007
T19,6206.004,cruise,中继,3.005
T19,6207.003,cruise,中继,3.003
T19,6208.002,cruise,中继,3.001
T19,6209.001,cruise,中继,2.999
T19,6210.0,cruise,中继,2.996
T19,6210.999,cruise,中继,2.994
T19,6211.998,cruise,中继,2.991
T19,6212.997,cruise,中继,2.989
T19,6213.996,cruise,中继,2.986
T19,6214.995,cruise,中继,2.983
T19,6215.994,cruise,中继,2.98
T19,6216.993,cruise,中继,2.977
T19,6217.992,cruise,中继,2.974
T19,6218.991,cruise,中继,2.971
T19,6219.99,cruise,直连,0.016
T19,6220.99,cruise,直连,0.049
T19,6221.989,cruise,直连,0.082
T19,6222.988,cruise,直连,0.115
T19,6223.987,cruise,直连,0.148
T19,6224.986,cruise,直连,0.182
T19,6225.985,cruise,直连,0.215
T19,6226.984,cruise,直连,0.249
T19,6227.983,cruise,直连,0.282
T19,6228.982,cruise,直连,0.316
T19,6229.981,cruise,直连,0.35
T19,6230.98,cruise,直连,0.384
T19,6231.979,cruise,直连,0.419
T19,6232.978,cruise,直连,0.453
T19,6233.977,cruise,直连,0.487
T19,6234.976,cruise,直连,0.522
T19,6235.975,cruise,直连,0.557
T19,6236.974,cruise,直连,0.592
T19,6237.973,cruise,直连,0.627
T19,6238.972,cruise,直连,0.662
T19,6239.971,cruise,直连,0.697
T19,6240.97,cruise,直连,0.733
T19,6241.969,cruise,直连,0.769
T19,6242.968,cruise,直连,0.804
T19,6243.967,cruise,直连,0.84
T19,6244.966,cruise,直连,0.876
T19,6245.965,cruise,直连,0.913
T19,6246.964,cruise,直连,0.949
T19,6247.963,cruise,直连,0.985
T19,6248.962,cruise,直连,1.022
T19,6249.961,cruise,直连,1.059
T19,6250.96,cruise,直连,1.096
T19,6251.959,cruise,直连,1.133
T19,6252.958,cruise,直连,1.17
T19,6253.957,cruise,直连,1.208
T19,6254.957,cruise,直连,11.245
T19,6255.956,cruise,直连,11.283
T19,6256.955,cruise,直连,11.321
T19,6257.954,cruise,直连,11.359
T19,6258.953,cruise,直连,11.397
T19,6259.952,cruise,直连,11.436
T19,6260.951,cruise,直连,11.474
T19,6261.95,cruise,直连,11.513
T19,6262.949,cruise,直连,11.552
T19,6263.948,cruise,直连,11.591
T19,6264.947,cruise,直连,11.63
T19,6265.946,cruise,直连,11.67
T19,6266.945,cruise,直连,11.71
T19,6267.944,cruise,直连,11.749
T19,6268.943,cruise,直连,11.789
T19,6269.942,cruise,直连,11.83
T19,6270.941,cruise,直连,11.87
T19,6271.94,cruise,直连,11.91
T19,6272.939,cruise,直连,11.951
T19,6273.938,cruise,直连,11.992
T19,6274.937,cruise,直连,12.033
T19,6275.936,cruise,直连,12.074
T19,6276.935,cruise,直连,12.116
T19,6277.934,cruise,直连,12.158
T19,6278.933,cruise,直连,12.2
T19,6279.932,cruise,直连,12.242
T19,6280.931,cruise,直连,12.284
T19,6281.93,cruise,直连,12.326
T19,6282.929,cruise,直连,12.369
T19,6283.928,cruise,直连,12.412
T19,6284.927,cruise,直连,12.455
T19,6285.926,cruise,直连,12.498
T19,6286.925,cruise,直连,12.542
T19,6287.925,cruise,直连,12.586
T19,6288.924,cruise,直连,12.63
T19,6289.923,cruise,直连,12.674
T19,6290.922,cruise,直连,12.718
T19,6291.921,cruise,直连,12.763
T19,6292.92,cruise,直连,12.808
T19,6293.919,cruise,直连,12.853
T19,6294.918,cruise,直连,12.898
T19,6295.917,cruise,直连,12.944
T19,6296.916,cruise,直连,12.989
T19,6297.915,cruise,直连,13.035
T19,6298.914,cruise,直连,13.082
T19,6299.913,cruise,直连,13.128
T19,6300.912,cruise,直连,13.175
T19,6301.911,cruise,直连,13.222
T19,6302.91,cruise,直连,13.269
T19,6303.909,cruise,直连,13.317
T19,6304.908,cruise,直连,13.364
T19,6305.907,cruise,直连,13.412
T19,6306.906,cruise,直连,13.461
T19,6307.905,cruise,直连,13.509
T19,6308.904,cruise,直连,13.558
T19,6309.903,cruise,直连,13.607
T19,6310.902,cruise,直连,13.656
T19,6311.901,cruise,直连,13.706
T19,6312.9,cruise,直连,13.756
T19,6313.899,cruise,直连,13.806
T19,6314.898,cruise,直连,13.856
T19,6315.897,cruise,直连,13.907
T19,6316.896,cruise,直连,13.958
T19,6317.895,cruise,直连,14.009
T19,6318.894,cruise,直连,14.061
T19,6319.893,cruise,直连,14.113
T19,6320.893,cruise,直连,14.165
T19,6321.892,cruise,直连,14.218
T19,6322.891,cruise,直连,14.27
T19,6323.89,cruise,直连,14.324
T19,6324.889,cruise,直连,14.377
T19,6325.888,cruise,直连,14.431
T19,6326.887,cruise,直连,14.485
T19,6327.886,cruise,直连,14.539
T19,6328.885,cruise,直连,14.594
T19,6329.884,cruise,直连,14.649
T19,6330.883,cruise,直连,14.705
T19,6331.882,cruise,直连,14.76
T19,6332.881,cruise,直连,14.816
T19,6333.88,cruise,直连,14.873
T19,6334.879,cruise,直连,14.93
T19,6335.878,cruise,直连,14.987
T19,6336.877,cruise,直连,15.044
T19,6337.876,cruise,直连,15.102
T19,6338.875,cruise,直连,15.161
T19,6339.874,cruise,直连,15.219
T19,6340.873,cruise,直连,15.278
T19,6341.872,cruise,直连,15.338
T19,6342.871,cruise,直连,15.398
T19,6343.87,cruise,直连,15.458
T19,6344.869,cruise,直连,15.519
T19,6345.868,cruise,直连,15.58
T19,6346.867,cruise,直连,15.641
T19,6347.866,cruise,直连,15.703
T19,6348.865,cruise,直连,15.765
T19,6349.864,cruise,直连,15.828
T19,6350.863,cruise,直连,15.891
T19,6351.862,cruise,直连,15.955
T19,6352.861,cruise,直连,16.019
T19,6353.86,cruise,直连,16.083
T19,6354.86,cruise,直连,16.148
T19,6355.859,cruise,直连,16.214
T19,6356.858,cruise,直连,16.28
T19,6357.857,cruise,直连,16.346
T19,6358.856,cruise,直连,16.413
T19,6359.855,cruise,直连,16.48
T19,6360.854,cruise,直连,16.548
T19,6361.853,cruise,直连,16.617
T19,6362.852,cruise,直连,16.685
T19,6363.851,cruise,直连,16.755
T19,6364.85,cruise,直连,16.825
T19,6365.849,cruise,直连,16.895
T19,6366.848,cruise,直连,16.966
T19,6367.847,cruise,直连,17.038
T19,6368.846,cruise,直连,17.11
T19,6369.845,cruise,直连,17.183
T19,6370.844,cruise,直连,17.256
T19,6371.843,cruise,直连,17.33
T19,6372.842,cruise,直连,17.404
T19,6373.841,cruise,直连,17.479
T19,6374.84,cruise,直连,17.555
T19,6375.839,cruise,直连,17.631
T19,6376.838,cruise,直连,17.708
T19,6377.837,cruise,直连,17.785
T19,6378.836,cruise,直连,17.864
T19,6379.835,cruise,直连,17.942
T19,6380.834,cruise,直连,18.022
T19,6381.833,cruise,直连,18.102
T19,6382.832,cruise,直连,18.183
T19,6383.831,cruise,直连,18.264
T19,6384.83,cruise,直连,18.347
T19,6385.829,cruise,直连,18.43
T19,6386.828,cruise,直连,18.513
T19,6387.828,cruise,直连,18.598
T19,6388.827,cruise,直连,18.683
T19,6389.826,cruise,直连,18.769
T19,6390.825,cruise,直连,18.856
T19,6391.824,cruise,直连,18.943
T19,6392.823,cruise,直连,19.032
T19,6393.822,cruise,直连,19.121
T19,6394.821,cruise,直连,19.211
T19,6395.82,cruise,直连,19.302
T19,6396.819,cruise,直连,19.393
T19,6397.818,cruise,直连,19.486
T19,6398.817,cruise,直连,19.579
T19,6399.816,cruise,直连,19.674
T19,6400.815,cruise,直连,19.769
T19,6401.814,cruise,直连,19.865
T19,6402.813,cruise,直连,19.962
T19,6403.812,cruise,直连,20.06
T19,6404.811,cruise,直连,20.16
T19,6405.81,cruise,直连,20.26
T19,6406.809,cruise,直连,20.361
T19,6407.808,cruise,直连,20.463
T19,6408.807,cruise,直连,20.566
T19,6409.806,cruise,直连,20.67
T19,6410.805,cruise,直连,20.775
T19,6411.804,cruise,直连,20.882
T19,6412.803,cruise,直连,20.989
T19,6413.802,cruise,直连,21.098
T19,6414.801,cruise,直连,21.207
T19,6415.8,cruise,直连,21.318
T19,6416.799,cruise,直连,21.43
T19,6417.798,cruise,直连,21.543
T19,6418.797,cruise,直连,21.658
T19,6419.796,cruise,直连,21.773
T19,6420.796,cruise,直连,21.89
T19,6421.795,cruise,直连,22.008
T19,6422.794,cruise,直连,22.128
T19,6423.793,cruise,直连,22.248
T19,6424.792,cruise,直连,22.37
T19,6425.791,cruise,直连,22.494
T19,6426.79,cruise,直连,22.618
T19,6427.789,cruise,直连,22.744
T19,6428.788,cruise,直连,22.872
T19,6429.787,cruise,直连,23.0
T19,6430.786,cruise,直连,23.13
T19,6431.785,cruise,直连,23.262
T19,6432.784,cruise,直连,23.394
T19,6433.783,cruise,直连,23.528
T19,6434.782,cruise,直连,23.664
T19,6435.781,cruise,直连,23.801
T19,6436.78,cruise,直连,23.939
T19,6437.779,cruise,直连,24.079
T19,6438.778,cruise,直连,24.22
T19,6439.777,cruise,直连,24.362
T19,6440.776,cruise,直连,24.505
T19,6441.775,cruise,直连,24.65
T19,6442.774,cruise,直连,24.796
T19,6443.773,cruise,直连,24.944
T19,6444.772,cruise,直连,25.092
T19,6445.771,cruise,直连,25.241
T19,6446.77,cruise,直连,25.392
T19,6447.769,cruise,直连,25.543
T19,6448.768,cruise,直连,25.696
T19,6449.767,cruise,直连,25.849
T19,6450.766,cruise,直连,26.002
T19,6451.765,cruise,直连,26.156
T19,6452.764,cruise,直连,26.311
T19,6453.763,cruise,直连,26.466
T19,6454.763,cruise,直连,26.62
T19,6455.762,cruise,直连,26.775
T19,6456.761,cruise,直连,26.928
T19,6457.76,cruise,直连,27.082
T19,6458.759,cruise,直连,27.234
T19,6459.758,cruise,直连,27.385
T19,6460.757,cruise,直连,27.534
T19,6461.756,cruise,直连,27.681
T19,6462.755,cruise,直连,27.826
T19,6463.754,cruise,直连,27.968
T19,6464.753,cruise,直连,28.107
T19,6465.752,cruise,直连,28.242
T19,6466.751,cruise,直连,28.373
T19,6467.75,cruise,直连,28.499
T19,6468.749,cruise,直连,28.62
T19,6469.748,cruise,直连,28.735
T19,6470.747,cruise,直连,28.843
T19,6471.746,cruise,直连,28.945
T19,6472.745,cruise,直连,29.039
T19,6473.744,cruise,直连,29.124
T19,6474.743,cruise,直连,29.202
T19,6475.742,cruise,直连,29.269
T19,6476.741,cruise,直连,29.328
T19,6477.74,cruise,直连,29.376
T19,6478.739,cruise,直连,29.414
T19,6479.738,cruise,直连,29.441
T19,6480.737,cruise,直连,29.458
T19,6481.736,cruise,直连,29.463
T19,6481.736,descent,直连,29.463
T19,6482.733,descent,直连,29.515
T19,6483.729,descent,直连,29.567
T19,6484.725,descent,直连,29.619
T19,6485.721,descent,直连,29.671
T19,6486.718,descent,直连,29.724
T19,6487.714,descent,直连,29.777
T19,6488.71,descent,直连,29.831
T19,6489.706,descent,直连,29.885
T19,6490.703,descent,直连,29.939
T19,6491.699,descent,直连,29.993
T19,6492.695,descent,直连,30.048
T19,6493.691,descent,直连,30.103
T19,6494.688,descent,直连,30.159
T19,6495.684,descent,直连,30.215
T19,6496.68,descent,直连,30.271
T19,6497.676,descent,直连,30.327
T19,6498.673,descent,直连,30.384
T19,6499.669,descent,直连,30.442
T19,6500.665,descent,直连,30.499
T19,6501.662,descent,直连,30.558
T19,6502.658,descent,直连,30.616
T19,6503.654,descent,直连,30.675
T19,6504.65,descent,直连,30.734
T19,6505.647,descent,直连,30.794
T19,6506.643,descent,直连,30.854
T19,6507.639,descent,直连,30.915
T19,6508.635,descent,直连,30.976
T19,6509.632,descent,直连,31.037
T19,6510.628,descent,直连,31.099
T19,6511.624,descent,直连,31.161
T19,6512.62,descent,直连,31.224
T19,6513.617,descent,直连,31.287
T19,6514.613,descent,直连,31.351
T19,6515.609,descent,直连,31.415
T19,6516.605,descent,直连,31.479
T19,6517.602,descent,直连,31.544
T19,6518.598,descent,直连,31.61
T19,6519.594,descent,直连,31.676
T19,6520.59,descent,直连,31.743
T19,6521.587,descent,直连,31.81
T19,6522.583,descent,直连,31.877
T19,6523.579,descent,直连,31.946
T19,6524.575,descent,直连,32.014
T19,6525.572,descent,直连,32.083
T19,6526.568,descent,直连,32.153
T19,6527.564,descent,直连,32.224
T19,6528.561,descent,直连,32.294
T19,6529.557,descent,直连,32.366
T19,6530.553,descent,直连,32.438
T19,6531.549,descent,直连,32.511
T19,6532.546,descent,直连,32.584
T19,6533.542,descent,直连,32.658
T19,6534.538,descent,直连,32.733
T19,6535.534,descent,直连,32.808
T19,6536.531,descent,直连,32.884
T19,6537.527,descent,直连,32.96
T19,6538.523,descent,直连,33.037
T19,6539.519,descent,直连,33.115
T19,6540.516,descent,直连,33.194
T19,6541.512,descent,直连,33.273
T19,6542.508,descent,直连,33.353
T19,6543.504,descent,直连,33.434
T19,6544.501,descent,直连,33.516
T19,6545.497,descent,直连,33.598
T19,6546.493,descent,直连,33.681
T19,6547.489,descent,直连,33.765
T19,6548.486,descent,直连,33.85
T19,6549.482,descent,直连,33.936
T19,6550.478,descent,直连,34.022
T19,6551.474,descent,直连,34.109
T19,6552.471,descent,直连,34.198
T19,6553.467,descent,直连,34.287
T19,6554.463,descent,直连,34.377
T19,6555.46,descent,直连,34.468
T19,6556.456,descent,直连,34.56
T19,6557.452,descent,直连,34.653
T19,6558.448,descent,直连,34.747
T19,6559.445,descent,直连,34.842
T19,6560.441,descent,直连,34.938
T19,6561.437,descent,直连,35.035
T19,6562.433,descent,直连,35.133
T19,6563.43,descent,直连,35.232
T19,6564.426,descent,直连,35.333
T19,6565.422,descent,直连,35.434
T19,6566.418,descent,直连,35.537
T19,6567.415,descent,直连,35.641
T19,6568.411,descent,直连,35.746
T19,6569.407,descent,直连,35.853
T19,6570.403,descent,直连,35.961
T19,6571.4,descent,直连,36.07
T19,6572.396,descent,直连,36.181
T19,6573.392,descent,直连,36.293
T19,6574.388,descent,直连,36.407
T19,6575.385,descent,直连,36.522
T19,6576.381,descent,直连,36.638
T19,6577.377,descent,直连,36.757
T19,6578.373,descent,直连,36.877
T19,6579.37,descent,直连,36.998
T19,6580.366,descent,直连,37.121
T19,6581.362,descent,直连,37.246
T19,6582.359,descent,直连,37.373
T19,6583.355,descent,直连,37.502
T19,6584.351,descent,直连,37.633
T19,6585.347,descent,直连,37.765
T19,6586.344,descent,直连,37.9
T19,6587.34,descent,直连,38.037
T19,6588.336,descent,直连,38.176
T19,6589.332,descent,直连,38.317
T19,6590.329,descent,直连,38.461
T19,6591.325,descent,直连,38.607
T19,6592.321,descent,直连,38.755
T19,6593.317,descent,直连,38.907
T19,6594.314,descent,直连,39.06
T19,6595.31,descent,直连,39.217
T19,6596.306,descent,直连,39.376
T19,6597.302,descent,直连,39.539
T19,6598.299,descent,直连,39.704
T19,6599.295,descent,直连,39.873
T19,6600.291,descent,直连,40.045
T19,6601.287,descent,直连,40.221
T19,6602.284,descent,直连,40.4
T19,6603.28,descent,直连,40.583
T19,6604.276,descent,直连,40.77
T19,6605.272,descent,直连,40.961
T19,6606.269,descent,直连,41.156
T19,6607.265,descent,直连,41.356
T19,6608.261,descent,直连,41.561
T19,6609.257,descent,直连,41.77
T19,6610.254,descent,直连,41.985
T19,6611.25,descent,直连,42.205
T19,6612.246,descent,直连,42.431
T19,6613.243,descent,直连,42.663
T19,6614.239,descent,直连,42.901
T19,6615.235,descent,直连,43.146
T19,6616.231,descent,直连,43.398
T19,6617.228,descent,直连,43.657
T19,6618.224,descent,直连,43.925
T19,6619.22,descent,直连,44.201
T19,6620.216,descent,直连,44.486
T19,6621.213,descent,直连,44.781
T19,6622.209,descent,直连,45.086
T19,6623.205,descent,直连,45.402
T19,6624.201,descent,直连,45.73
T19,6625.198,descent,直连,46.071
T19,6626.194,descent,直连,46.426
T19,6627.19,descent,直连,46.796
T19,6628.186,descent,直连,47.183
T19,6629.183,descent,直连,47.588
T19,6630.179,descent,直连,48.012
T19,6631.175,descent,直连,48.458
T19,6632.171,descent,直连,48.929
T19,6633.168,descent,直连,49.426
T19,6634.164,descent,直连,49.953
T19,6635.16,descent,直连,50.515
T19,6636.156,descent,直连,51.116
T19,6637.153,descent,直连,51.761
T19,6638.149,descent,直连,52.458
T19,6639.145,descent,直连,53.215
T19,6640.142,descent,直连,54.046
T19,6641.138,descent,直连,54.964
T19,6642.134,descent,直连,55.99
T19,6643.13,descent,直连,57.155
T19,6644.127,descent,直连,58.5
T19,6645.123,descent,直连,60.092
T19,6646.119,descent,直连,62.044
T19,6647.115,descent,直连,64.565
T19,6648.112,descent,直连,68.13
T19,6649.108,descent,直连,74.284
T19,6650.104,descent,直连,104.465
T19,6651.1,descent,直连,73.762
T19,6652.097,descent,直连,67.869
T19,6653.093,descent,直连,64.391
T19,6654.089,descent,直连,61.913
T19,6655.085,descent,直连,59.988
T19,6656.082,descent,直连,58.413
T19,6657.078,descent,直连,57.08
T19,6658.074,descent,直连,45.925
T20,6546.6,climb,直连,45.925
T20,6547.599,climb,直连,57.335
T20,6548.597,climb,直连,59.019
T20,6549.596,climb,直连,61.109
T20,6550.595,climb,直连,63.868
T20,6551.594,climb,直连,67.934
T20,6552.592,climb,直连,75.828
T20,6553.591,climb,直连,82.177
T20,6554.59,climb,直连,69.97
T20,6555.589,climb,直连,65.086
T20,6556.587,climb,直连,61.978
T20,6557.586,climb,直连,59.695
T20,6558.585,climb,直连,57.888
T20,6559.584,climb,直连,56.393
T20,6560.582,climb,直连,55.118
T20,6561.581,climb,直连,54.007
T20,6562.58,climb,直连,53.021
T20,6563.579,climb,直连,52.136
T20,6564.577,climb,直连,51.333
T20,6565.576,climb,直连,50.599
T20,6566.575,climb,直连,49.921
T20,6567.574,climb,直连,49.292
T20,6568.572,climb,直连,48.706
T20,6569.571,climb,直连,48.157
T20,6570.57,climb,直连,47.641
T20,6571.569,climb,直连,47.153
T20,6572.567,climb,直连,46.692
T20,6573.566,climb,直连,46.254
T20,6574.565,climb,直连,45.836
T20,6575.564,climb,直连,45.438
T20,6576.562,climb,直连,45.058
T20,6577.561,climb,直连,44.693
T20,6578.56,climb,直连,44.343
T20,6579.559,climb,直连,44.007
T20,6580.557,climb,直连,43.683
T20,6581.556,climb,直连,43.371
T20,6582.555,climb,直连,43.069
T20,6583.554,climb,直连,42.778
T20,6584.552,climb,直连,42.496
T20,6585.551,climb,直连,42.223
T20,6586.55,climb,直连,41.959
T20,6587.549,climb,直连,41.702
T20,6588.547,climb,直连,41.453
T20,6589.546,climb,直连,41.21
T20,6590.545,climb,直连,40.974
T20,6591.544,climb,直连,40.745
T20,6592.542,climb,直连,40.521
T20,6593.541,climb,直连,40.303
T20,6594.54,climb,直连,40.09
T20,6595.539,climb,直连,39.882
T20,6596.537,climb,直连,39.679
T20,6597.536,climb,直连,39.481
T20,6598.535,climb,直连,39.287
T20,6599.534,climb,直连,39.098
T20,6600.532,climb,直连,38.912
T20,6601.531,climb,直连,38.731
T20,6601.531,cruise,直连,38.731
T20,6602.529,cruise,直连,38.685
T20,6603.528,cruise,直连,38.549
T20,6604.526,cruise,直连,38.332
T20,6605.524,cruise,直连,38.045
T20,6606.522,cruise,直连,37.702
T20,6607.521,cruise,直连,37.316
T20,6608.519,cruise,直连,36.901
T20,6609.517,cruise,直连,36.466
T20,6610.516,cruise,直连,36.021
T20,6611.514,cruise,直连,35.572
T20,6612.512,cruise,直连,35.125
T20,6613.51,cruise,直连,34.682
T20,6614.509,cruise,直连,34.247
T20,6615.507,cruise,直连,33.822
T20,6616.505,cruise,直连,33.408
T20,6617.503,cruise,直连,33.004
T20,6618.502,cruise,直连,32.612
T20,6619.5,cruise,直连,32.232
T20,6620.498,cruise,直连,31.863
T20,6621.496,cruise,直连,31.506
T20,6622.495,cruise,直连,31.159
T20,6623.493,cruise,直连,30.823
T20,6624.491,cruise,直连,30.497
T20,6625.49,cruise,直连,30.181
T20,6626.488,cruise,直连,29.874
T20,6627.486,cruise,直连,29.577
T20,6628.484,cruise,直连,29.287
T20,6629.483,cruise,直连,29.006
T20,6630.481,cruise,直连,28.733
T20,6631.479,cruise,直连,28.467
T20,6632.477,cruise,直连,28.208
T20,6633.476,cruise,直连,27.956
T20,6634.474,cruise,直连,27.711
T20,6635.472,cruise,直连,27.471
T20,6636.47,cruise,直连,27.238
T20,6637.469,cruise,直连,27.01
T20,6638.467,cruise,直连,26.788
T20,6639.465,cruise,直连,26.571
T20,6640.464,cruise,直连,26.358
T20,6641.462,cruise,直连,26.151
T20,6642.46,cruise,直连,25.948
T20,6643.458,cruise,直连,25.749
T20,6644.457,cruise,直连,25.555
T20,6645.455,cruise,直连,25.365
T20,6646.453,cruise,直连,25.178
T20,6647.451,cruise,直连,24.996
T20,6648.45,cruise,直连,24.817
T20,6649.448,cruise,直连,24.641
T20,6650.446,cruise,直连,24.469
T20,6651.444,cruise,直连,24.3
T20,6652.443,cruise,直连,24.134
T20,6653.441,cruise,直连,23.971
T20,6654.439,cruise,直连,23.811
T20,6655.437,cruise,直连,23.654
T20,6656.436,cruise,直连,23.499
T20,6657.434,cruise,直连,23.347
T20,6658.432,cruise,直连,23.198
T20,6659.431,cruise,直连,23.051
T20,6660.429,cruise,直连,22.907
T20,6661.427,cruise,直连,22.764
T20,6662.425,cruise,直连,22.624
T20,6663.424,cruise,直连,22.487
T20,6664.422,cruise,直连,22.351
T20,6665.42,cruise,直连,22.217
T20,6666.418,cruise,直连,22.085
T20,6667.417,cruise,直连,21.956
T20,6668.415,cruise,直连,21.828
T20,6669.413,cruise,直连,21.702
T20,6670.411,cruise,直连,21.577
T20,6671.41,cruise,直连,21.455
T20,6672.408,cruise,直连,21.334
T20,6673.406,cruise,直连,21.214
T20,6674.405,cruise,直连,21.097
T20,6675.403,cruise,直连,20.981
T20,6676.401,cruise,直连,20.866
T20,6677.399,cruise,直连,20.753
T20,6678.398,cruise,直连,20.641
T20,6679.396,cruise,直连,20.531
T20,6680.394,cruise,直连,20.422
T20,6681.392,cruise,直连,20.314
T20,6682.391,cruise,直连,20.208
T20,6683.389,cruise,直连,20.103
T20,6684.387,cruise,直连,19.999
T20,6685.385,cruise,直连,19.896
T20,6686.384,cruise,直连,19.795
T20,6687.382,cruise,直连,19.694
T20,6688.38,cruise,直连,19.595
T20,6689.378,cruise,直连,19.497
T20,6690.377,cruise,直连,19.4
T20,6691.375,cruise,直连,19.304
T20,6692.373,cruise,直连,19.209
T20,6693.372,cruise,直连,19.115
T20,6694.37,cruise,直连,19.022
T20,6695.368,cruise,直连,18.93
T20,6696.366,cruise,直连,18.84
T20,6697.365,cruise,直连,18.749
T20,6698.363,cruise,直连,18.66
T20,6699.361,cruise,直连,18.572
T20,6700.359,cruise,直连,18.485
T20,6701.358,cruise,直连,18.398
T20,6702.356,cruise,直连,18.313
T20,6703.354,cruise,直连,18.228
T20,6704.352,cruise,直连,18.144
T20,6705.351,cruise,直连,18.061
T20,6706.349,cruise,直连,17.978
T20,6707.347,cruise,直连,17.897
T20,6708.346,cruise,直连,17.816
T20,6709.344,cruise,直连,17.736
T20,6710.342,cruise,直连,17.656
T20,6711.34,cruise,直连,17.577
T20,6712.339,cruise,直连,17.499
T20,6713.337,cruise,直连,17.422
T20,6714.335,cruise,直连,17.346
T20,6715.333,cruise,直连,17.27
T20,6716.332,cruise,直连,17.194
T20,6717.33,cruise,直连,17.12
T20,6718.328,cruise,直连,17.045
T20,6719.326,cruise,直连,16.972
T20,6720.325,cruise,直连,16.899
T20,6721.323,cruise,直连,16.827
T20,6722.321,cruise,直连,16.755
T20,6723.32,cruise,直连,16.684
T20,6724.318,cruise,直连,16.614
T20,6725.316,cruise,直连,16.544
T20,6726.314,cruise,直连,16.475
T20,6727.313,cruise,直连,16.406
T20,6728.311,cruise,直连,16.338
T20,6729.309,cruise,直连,16.27
T20,6730.307,cruise,直连,16.203
T20,6731.306,cruise,直连,16.136
T20,6732.304,cruise,直连,16.07
T20,6733.302,cruise,直连,16.004
T20,6734.3,cruise,直连,5.939
T20,6735.299,cruise,直连,5.874
T20,6736.297,cruise,直连,5.81
T20,6737.295,cruise,直连,5.746
T20,6738.293,cruise,直连,5.683
T20,6739.292,cruise,直连,5.62
T20,6740.29,cruise,直连,5.558
T20,6741.288,cruise,直连,5.496
T20,6742.287,cruise,直连,5.434
T20,6743.285,cruise,直连,5.373
T20,6744.283,cruise,直连,5.312
T20,6745.281,cruise,直连,5.252
T20,6746.28,cruise,直连,5.192
T20,6747.278,cruise,直连,5.133
T20,6748.276,cruise,直连,5.074
T20,6749.274,cruise,直连,5.015
T20,6750.273,cruise,直连,4.957
T20,6751.271,cruise,直连,4.899
T20,6752.269,cruise,直连,4.841
T20,6753.267,cruise,直连,4.784
T20,6754.266,cruise,直连,4.728
T20,6755.264,cruise,直连,4.671
T20,6756.262,cruise,直连,4.615
T20,6757.261,cruise,直连,4.56
T20,6758.259,cruise,直连,4.504
T20,6759.257,cruise,直连,4.449
T20,6760.255,cruise,直连,4.395
T20,6761.254,cruise,直连,4.341
T20,6762.252,cruise,直连,4.287
T20,6763.25,cruise,直连,4.233
T20,6764.248,cruise,直连,4.18
T20,6765.247,cruise,直连,4.127
T20,6766.245,cruise,直连,4.074
T20,6767.243,cruise,直连,4.022
T20,6768.241,cruise,直连,3.97
T20,6769.24,cruise,直连,3.918
T20,6770.238,cruise,直连,3.867
T20,6771.236,cruise,直连,3.816
T20,6772.235,cruise,直连,3.765
T20,6773.233,cruise,直连,3.715
T20,6774.231,cruise,直连,3.664
T20,6775.229,cruise,直连,3.614
T20,6776.228,cruise,直连,3.565
T20,6777.226,cruise,直连,3.515
T20,6778.224,cruise,直连,3.466
T20,6779.222,cruise,直连,3.418
T20,6780.221,cruise,直连,3.369
T20,6781.219,cruise,直连,3.321
T20,6782.217,cruise,直连,3.273
T20,6783.215,cruise,直连,3.225
T20,6784.214,cruise,直连,3.178
T20,6785.212,cruise,直连,3.13
T20,6786.21,cruise,直连,3.084
T20,6787.208,cruise,直连,3.037
T20,6788.207,cruise,直连,2.99
T20,6789.205,cruise,直连,2.944
T20,6790.203,cruise,直连,2.898
T20,6791.202,cruise,直连,2.853
T20,6792.2,cruise,直连,2.807
T20,6793.198,cruise,直连,2.762
T20,6794.196,cruise,直连,2.717
T20,6795.195,cruise,直连,2.672
T20,6796.193,cruise,直连,2.627
T20,6797.191,cruise,直连,2.583
T20,6798.189,cruise,直连,2.539
T20,6799.188,cruise,直连,2.495
T20,6800.186,cruise,直连,2.452
T20,6801.184,cruise,直连,2.408
T20,6802.182,cruise,直连,2.365
T20,6803.181,cruise,直连,2.322
T20,6804.179,cruise,直连,2.279
T20,6805.177,cruise,直连,2.236
T20,6806.176,cruise,直连,2.194
T20,6807.174,cruise,直连,2.152
T20,6808.172,cruise,直连,2.11
T20,6809.17,cruise,直连,2.068
T20,6810.169,cruise,直连,2.027
T20,6811.167,cruise,直连,1.985
T20,6812.165,cruise,直连,1.944
T20,6813.163,cruise,直连,1.903
T20,6814.162,cruise,直连,1.862
T20,6815.16,cruise,直连,1.822
T20,6816.158,cruise,直连,1.781
T20,6817.156,cruise,直连,1.741
T20,6818.155,cruise,直连,1.701
T20,6819.153,cruise,直连,1.661
T20,6820.151,cruise,直连,1.621
T20,6821.15,cruise,直连,1.582
T20,6822.148,cruise,直连,1.543
T20,6823.146,cruise,直连,1.504
T20,6824.144,cruise,直连,1.465
T20,6825.143,cruise,直连,1.426
T20,6826.141,cruise,直连,1.387
T20,6827.139,cruise,直连,1.349
T20,6828.137,cruise,直连,1.31
T20,6829.136,cruise,直连,1.272
T20,6830.134,cruise,直连,1.234
T20,6831.132,cruise,直连,1.197
T20,6832.13,cruise,直连,1.159
T20,6833.129,cruise,直连,1.122
T20,6834.127,cruise,直连,1.084
T20,6835.125,cruise,直连,1.047
T20,6836.123,cruise,直连,1.01
T20,6837.122,cruise,直连,0.973
T20,6838.12,cruise,直连,0.937
T20,6839.118,cruise,直连,0.9
T20,6840.117,cruise,直连,0.864
T20,6841.115,cruise,直连,0.828
T20,6842.113,cruise,直连,0.792
T20,6843.111,cruise,直连,0.756
T20,6844.11,cruise,直连,0.72
T20,6845.108,cruise,直连,0.684
T20,6846.106,cruise,直连,0.649
T20,6847.104,cruise,直连,0.613
T20,6848.103,cruise,直连,0.578
T20,6849.101,cruise,直连,0.543
T20,6850.099,cruise,直连,0.508
T20,6851.097,cruise,直连,0.474
T20,6852.096,cruise,直连,0.439
T20,6853.094,cruise,直连,0.404
T20,6854.092,cruise,直连,0.37
T20,6855.091,cruise,直连,0.336
T20,6856.089,cruise,直连,0.302
T20,6857.087,cruise,直连,0.268
T20,6858.085,cruise,直连,0.234
T20,6859.084,cruise,直连,0.2
T20,6860.082,cruise,直连,0.167
T20,6861.08,cruise,直连,0.133
T20,6862.078,cruise,直连,0.1
T20,6863.077,cruise,直连,0.067
T20,6864.075,cruise,直连,0.034
T20,6865.073,cruise,直连,0.001
T20,6866.071,cruise,中继,6.585
T20,6867.07,cruise,中继,6.613
T20,6868.068,cruise,中继,6.642
T20,6869.066,cruise,中继,6.67
T20,6870.065,cruise,中继,6.699
T20,6871.063,cruise,中继,6.727
T20,6872.061,cruise,中继,6.755
T20,6873.059,cruise,中继,6.783
T20,6874.058,cruise,中继,6.812
T20,6875.056,cruise,中继,6.84
T20,6876.054,cruise,中继,6.868
T20,6877.052,cruise,中继,6.896
T20,6878.051,cruise,中继,6.924
T20,6879.049,cruise,中继,6.952
T20,6880.047,cruise,中继,6.979
T20,6881.045,cruise,中继,7.007
T20,6882.044,cruise,中继,7.035
T20,6883.042,cruise,中继,7.062
T20,6884.04,cruise,中继,7.09
T20,6885.038,cruise,中继,7.117
T20,6886.037,cruise,中继,7.145
T20,6887.035,cruise,中继,7.172
T20,6888.033,cruise,中继,7.199
T20,6889.032,cruise,中继,7.226
T20,6890.03,cruise,中继,7.253
T20,6891.028,cruise,中继,7.28
T20,6892.026,cruise,中继,7.307
T20,6893.025,cruise,中继,7.333
T20,6894.023,cruise,中继,7.36
T20,6895.021,cruise,中继,7.386
T20,6896.019,cruise,中继,7.413
T20,6897.018,cruise,中继,7.439
T20,6898.016,cruise,中继,7.465
T20,6899.014,cruise,中继,7.491
T20,6900.012,cruise,中继,7.517
T20,6901.011,cruise,中继,7.543
T20,6902.009,cruise,中继,7.568
T20,6903.007,cruise,中继,7.594
T20,6904.006,cruise,中继,7.619
T20,6905.004,cruise,中继,7.645
T20,6906.002,cruise,中继,7.67
T20,6907.0,cruise,中继,7.695
T20,6907.999,cruise,中继,7.719
T20,6908.997,cruise,中继,7.744
T20,6909.995,cruise,中继,7.769
T20,6910.993,cruise,中继,7.793
T20,6911.992,cruise,中继,7.817
T20,6912.99,cruise,中继,7.841
T20,6913.988,cruise,中继,7.865
T20,6914.986,cruise,中继,7.888
T20,6915.985,cruise,中继,7.912
T20,6916.983,cruise,中继,7.935
T20,6917.981,cruise,中继,7.958
T20,6918.98,cruise,中继,7.981
T20,6919.978,cruise,中继,8.004
T20,6920.976,cruise,中继,8.027
T20,6921.974,cruise,中继,8.049
T20,6922.973,cruise,中继,8.071
T20,6923.971,cruise,中继,8.093
T20,6924.969,cruise,中继,8.115
T20,6925.967,cruise,中继,8.136
T20,6926.966,cruise,中继,8.158
T20,6927.964,cruise,中继,8.179
T20,6928.962,cruise,中继,8.199
T20,6929.96,cruise,中继,8.22
T20,6930.959,cruise,中继,8.24
T20,6931.957,cruise,中继,8.261
T20,6932.955,cruise,中继,8.28
T20,6933.953,cruise,中继,8.3
T20,6934.952,cruise,中继,8.32
T20,6935.95,cruise,中继,8.339
T20,6936.948,cruise,中继,8.358
T20,6937.947,cruise,中继,8.376
T20,6938.945,cruise,中继,8.395
T20,6939.943,cruise,中继,8.413
T20,6940.941,cruise,中继,8.431
T20,6941.94,cruise,中继,8.448
T20,6942.938,cruise,中继,8.466
T20,6943.936,cruise,中继,8.483
T20,6944.934,cruise,中继,8.499
T20,6945.933,cruise,中继,8.516
T20,6946.931,cruise,中继,8.532
T20,6947.929,cruise,中继,8.548
T20,6948.927,cruise,中继,8.563
T20,6949.926,cruise,中继,8.579
T20,6950.924,cruise,中继,8.594
T20,6951.922,cruise,中继,8.608
T20,6952.921,cruise,中继,8.623
T20,6953.919,cruise,中继,8.637
T20,6954.917,cruise,中继,8.651
T20,6955.915,cruise,中继,8.664
T20,6956.914,cruise,中继,8.677
T20,6957.912,cruise,中继,8.69
T20,6958.91,cruise,中继,8.702
T20,6959.908,cruise,中继,8.714
T20,6960.907,cruise,中继,8.726
T20,6961.905,cruise,中继,8.737
T20,6962.903,cruise,中继,8.749
T20,6963.901,cruise,中继,8.759
T20,6964.9,cruise,中继,8.77
T20,6965.898,cruise,中继,8.78
T20,6966.896,cruise,中继,8.789
T20,6967.894,cruise,中继,8.799
T20,6968.893,cruise,中继,8.808
T20,6969.891,cruise,中继,8.816
T20,6970.889,cruise,中继,8.825
T20,6971.888,cruise,中继,8.832
T20,6972.886,cruise,中继,8.84
T20,6973.884,cruise,中继,8.847
T20,6974.882,cruise,中继,8.854
T20,6975.881,cruise,中继,8.86
T20,6976.879,cruise,中继,8.866
T20,6977.877,cruise,中继,8.872
T20,6978.875,cruise,中继,8.877
T20,6979.874,cruise,中继,8.882
T20,6980.872,cruise,中继,8.887
T20,6981.87,cruise,中继,8.891
T20,6981.87,descent,中继,8.891
T20,6982.87,descent,中继,8.89
T20,6983.87,descent,中继,8.889
T20,6984.87,descent,中继,8.887
T20,6985.87,descent,中继,8.886
T20,6986.87,descent,中继,8.885
T20,6987.87,descent,中继,8.884
T20,6988.869,descent,中继,8.883
T20,6989.869,descent,中继,8.881
T20,6990.869,descent,中继,8.88
T20,6991.869,descent,中继,8.879
T20,6992.869,descent,中继,8.878
T20,6993.869,descent,中继,8.876
T20,6994.869,descent,中继,8.875
T20,6995.869,descent,中继,8.874
T20,6996.869,descent,中继,8.872
T20,6997.869,descent,中继,8.871
T20,6998.868,descent,中继,8.87
T20,6999.868,descent,中继,8.868
T20,7000.868,descent,中继,8.867
T20,7001.868,descent,中继,8.866
T20,7002.868,descent,中继,8.864
T20,7003.868,descent,中继,8.863
T20,7004.868,descent,中继,8.862
T20,7005.868,descent,中继,8.86
T20,7006.868,descent,中继,8.859
T20,7006.868,handover,中继,8.859
T20,7246.868,handover,中继,8.859
T20,7246.868,climb,中继,8.859
T20,7247.86,climb,中继,8.861
T20,7248.852,climb,中继,8.862
T20,7249.843,climb,中继,8.864
T20,7250.835,climb,中继,8.865
T20,7251.827,climb,中继,8.867
T20,7252.819,climb,中继,8.869
T20,7253.811,climb,中继,8.87
T20,7254.803,climb,中继,8.872
T20,7255.795,climb,中继,8.873
T20,7256.787,climb,中继,8.875
T20,7257.779,climb,中继,8.876
T20,7258.771,climb,中继,8.878
T20,7259.763,climb,中继,8.879
T20,7260.755,climb,中继,8.881
T20,7261.747,climb,中继,8.882
T20,7262.739,climb,中继,8.884
T20,7263.731,climb,中继,8.885
T20,7264.723,climb,中继,8.887
T20,7265.715,climb,中继,8.888
T20,7266.707,climb,中继,8.89
T20,7267.699,climb,中继,8.891
T20,7267.699,cruise,中继,8.891
T20,7268.697,cruise,中继,8.887
T20,7269.695,cruise,中继,8.882
T20,7270.694,cruise,中继,8.877
T20,7271.692,cruise,中继,8.872
T20,7272.69,cruise,中继,8.866
T20,7273.688,cruise,中继,8.86
T20,7274.687,cruise,中继,8.854
T20,7275.685,cruise,中继,8.847
T20,7276.683,cruise,中继,8.84
T20,7277.681,cruise,中继,8.832
T20,7278.68,cruise,中继,8.825
T20,7279.678,cruise,中继,8.816
T20,7280.676,cruise,中继,8.808
T20,7281.674,cruise,中继,8.799
T20,7282.673,cruise,中继,8.789
T20,7283.671,cruise,中继,8.78
T20,7284.669,cruise,中继,8.77
T20,7285.668,cruise,中继,8.759
T20,7286.666,cruise,中继,8.749
T20,7287.664,cruise,中继,8.737
T20,7288.662,cruise,中继,8.726
T20,7289.661,cruise,中继,8.714
T20,7290.659,cruise,中继,8.702
T20,7291.657,cruise,中继,8.69
T20,7292.655,cruise,中继,8.677
T20,7293.654,cruise,中继,8.664
T20,7294.652,cruise,中继,8.651
T20,7295.65,cruise,中继,8.637
T20,7296.648,cruise,中继,8.623
T20,7297.647,cruise,中继,8.608
T20,7298.645,cruise,中继,8.594
T20,7299.643,cruise,中继,8.579
T20,7300.642,cruise,中继,8.563
T20,7301.64,cruise,中继,8.548
T20,7302.638,cruise,中继,8.532
T20,7303.636,cruise,中继,8.516
T20,7304.635,cruise,中继,8.499
T20,7305.633,cruise,中继,8.483
T20,7306.631,cruise,中继,8.466
T20,7307.629,cruise,中继,8.448
T20,7308.628,cruise,中继,8.431
T20,7309.626,cruise,中继,8.413
T20,7310.624,cruise,中继,8.395
T20,7311.622,cruise,中继,8.376
T20,7312.621,cruise,中继,8.358
T20,7313.619,cruise,中继,8.339
T20,7314.617,cruise,中继,8.32
T20,7315.615,cruise,中继,8.3
T20,7316.614,cruise,中继,8.28
T20,7317.612,cruise,中继,8.261
T20,7318.61,cruise,中继,8.24
T20,7319.609,cruise,中继,8.22
T20,7320.607,cruise,中继,8.199
T20,7321.605,cruise,中继,8.179
T20,7322.603,cruise,中继,8.158
T20,7323.602,cruise,中继,8.136
T20,7324.6,cruise,中继,8.115
T20,7325.598,cruise,中继,8.093
T20,7326.596,cruise,中继,8.071
T20,7327.595,cruise,中继,8.049
T20,7328.593,cruise,中继,8.027
T20,7329.591,cruise,中继,8.004
T20,7330.589,cruise,中继,7.981
T20,7331.588,cruise,中继,7.958
T20,7332.586,cruise,中继,7.935
T20,7333.584,cruise,中继,7.912
T20,7334.583,cruise,中继,7.888
T20,7335.581,cruise,中继,7.865
T20,7336.579,cruise,中继,7.841
T20,7337.577,cruise,中继,7.817
T20,7338.576,cruise,中继,7.793
T20,7339.574,cruise,中继,7.769
T20,7340.572,cruise,中继,7.744
T20,7341.57,cruise,中继,7.719
T20,7342.569,cruise,中继,7.695
T20,7343.567,cruise,中继,7.67
T20,7344.565,cruise,中继,7.645
T20,7345.563,cruise,中继,7.619
T20,7346.562,cruise,中继,7.594
T20,7347.56,cruise,中继,7.568
T20,7348.558,cruise,中继,7.543
T20,7349.557,cruise,中继,7.517
T20,7350.555,cruise,中继,7.491
T20,7351.553,cruise,中继,7.465
T20,7352.551,cruise,中继,7.439
T20,7353.55,cruise,中继,7.413
T20,7354.548,cruise,中继,7.386
T20,7355.546,cruise,中继,7.36
T20,7356.544,cruise,中继,7.333
T20,7357.543,cruise,中继,7.307
T20,7358.541,cruise,中继,7.28
T20,7359.539,cruise,中继,7.253
T20,7360.537,cruise,中继,7.226
T20,7361.536,cruise,中继,7.199
T20,7362.534,cruise,中继,7.172
T20,7363.532,cruise,中继,7.145
T20,7364.53,cruise,中继,7.117
T20,7365.529,cruise,中继,7.09
T20,7366.527,cruise,中继,7.062
T20,7367.525,cruise,中继,7.035
T20,7368.524,cruise,中继,7.007
T20,7369.522,cruise,中继,6.979
T20,7370.52,cruise,中继,6.952
T20,7371.518,cruise,中继,6.924
T20,7372.517,cruise,中继,6.896
T20,7373.515,cruise,中继,6.868
T20,7374.513,cruise,中继,6.84
T20,7375.511,cruise,中继,6.812
T20,7376.51,cruise,中继,6.783
T20,7377.508,cruise,中继,6.755
T20,7378.506,cruise,中继,6.727
T20,7379.504,cruise,中继,6.699
T20,7380.503,cruise,中继,6.67
T20,7381.501,cruise,中继,6.642
T20,7382.499,cruise,中继,6.613
T20,7383.498,cruise,中继,6.585
T20,7384.496,cruise,直连,0.001
T20,7385.494,cruise,直连,0.034
T20,7386.492,cruise,直连,0.067
T20,7387.491,cruise,直连,0.1
T20,7388.489,cruise,直连,0.133
T20,7389.487,cruise,直连,0.167
T20,7390.485,cruise,直连,0.2
T20,7391.484,cruise,直连,0.234
T20,7392.482,cruise,直连,0.268
T20,7393.48,cruise,直连,0.302
T20,7394.478,cruise,直连,0.336
T20,7395.477,cruise,直连,0.37
T20,7396.475,cruise,直连,0.404
T20,7397.473,cruise,直连,0.439
T20,7398.472,cruise,直连,0.474
T20,7399.47,cruise,直连,0.508
T20,7400.468,cruise,直连,0.543
T20,7401.466,cruise,直连,0.578
T20,7402.465,cruise,直连,0.613
T20,7403.463,cruise,直连,0.649
T20,7404.461,cruise,直连,0.684
T20,7405.459,cruise,直连,0.72
T20,7406.458,cruise,直连,0.756
T20,7407.456,cruise,直连,0.792
T20,7408.454,cruise,直连,0.828
T20,7409.452,cruise,直连,0.864
T20,7410.451,cruise,直连,0.9
T20,7411.449,cruise,直连,0.937
T20,7412.447,cruise,直连,0.973
T20,7413.445,cruise,直连,1.01
T20,7414.444,cruise,直连,1.047
T20,7415.442,cruise,直连,1.084
T20,7416.44,cruise,直连,1.122
T20,7417.439,cruise,直连,1.159
T20,7418.437,cruise,直连,1.197
T20,7419.435,cruise,直连,1.234
T20,7420.433,cruise,直连,1.272
T20,7421.432,cruise,直连,1.31
T20,7422.43,cruise,直连,1.349
T20,7423.428,cruise,直连,1.387
T20,7424.426,cruise,直连,1.426
T20,7425.425,cruise,直连,1.465
T20,7426.423,cruise,直连,1.504
T20,7427.421,cruise,直连,1.543
T20,7428.419,cruise,直连,1.582
T20,7429.418,cruise,直连,1.621
T20,7430.416,cruise,直连,1.661
T20,7431.414,cruise,直连,1.701
T20,7432.413,cruise,直连,1.741
T20,7433.411,cruise,直连,1.781
T20,7434.409,cruise,直连,1.822
T20,7435.407,cruise,直连,1.862
T20,7436.406,cruise,直连,1.903
T20,7437.404,cruise,直连,1.944
T20,7438.402,cruise,直连,1.985
T20,7439.4,cruise,直连,2.027
T20,7440.399,cruise,直连,2.068
T20,7441.397,cruise,直连,2.11
T20,7442.395,cruise,直连,2.152
T20,7443.393,cruise,直连,2.194
T20,7444.392,cruise,直连,2.236
T20,7445.39,cruise,直连,2.279
T20,7446.388,cruise,直连,2.322
T20,7447.386,cruise,直连,2.365
T20,7448.385,cruise,直连,2.408
T20,7449.383,cruise,直连,2.452
T20,7450.381,cruise,直连,2.495
T20,7451.38,cruise,直连,2.539
T20,7452.378,cruise,直连,2.583
T20,7453.376,cruise,直连,2.627
T20,7454.374,cruise,直连,2.672
T20,7455.373,cruise,直连,2.717
T20,7456.371,cruise,直连,2.762
T20,7457.369,cruise,直连,2.807
T20,7458.367,cruise,直连,2.853
T20,7459.366,cruise,直连,2.898
T20,7460.364,cruise,直连,2.944
T20,7461.362,cruise,直连,2.99
T20,7462.36,cruise,直连,3.037
T20,7463.359,cruise,直连,3.084
T20,7464.357,cruise,直连,3.13
T20,7465.355,cruise,直连,3.178
T20,7466.354,cruise,直连,3.225
T20,7467.352,cruise,直连,3.273
T20,7468.35,cruise,直连,3.321
T20,7469.348,cruise,直连,3.369
T20,7470.347,cruise,直连,3.418
T20,7471.345,cruise,直连,3.466
T20,7472.343,cruise,直连,3.515
T20,7473.341,cruise,直连,3.565
T20,7474.34,cruise,直连,3.614
T20,7475.338,cruise,直连,3.664
T20,7476.336,cruise,直连,3.715
T20,7477.334,cruise,直连,3.765
T20,7478.333,cruise,直连,3.816
T20,7479.331,cruise,直连,3.867
T20,7480.329,cruise,直连,3.918
T20,7481.328,cruise,直连,3.97
T20,7482.326,cruise,直连,4.022
T20,7483.324,cruise,直连,4.074
T20,7484.322,cruise,直连,4.127
T20,7485.321,cruise,直连,4.18
T20,7486.319,cruise,直连,4.233
T20,7487.317,cruise,直连,4.287
T20,7488.315,cruise,直连,4.341
T20,7489.314,cruise,直连,4.395
T20,7490.312,cruise,直连,4.449
T20,7491.31,cruise,直连,4.504
T20,7492.308,cruise,直连,4.56
T20,7493.307,cruise,直连,4.615
T20,7494.305,cruise,直连,4.671
T20,7495.303,cruise,直连,4.728
T20,7496.301,cruise,直连,4.784
T20,7497.3,cruise,直连,4.841
T20,7498.298,cruise,直连,4.899
T20,7499.296,cruise,直连,4.957
T20,7500.295,cruise,直连,5.015
T20,7501.293,cruise,直连,5.074
T20,7502.291,cruise,直连,5.133
T20,7503.289,cruise,直连,5.192
T20,7504.288,cruise,直连,5.252
T20,7505.286,cruise,直连,5.312
T20,7506.284,cruise,直连,5.373
T20,7507.282,cruise,直连,5.434
T20,7508.281,cruise,直连,5.496
T20,7509.279,cruise,直连,5.558
T20,7510.277,cruise,直连,5.62
T20,7511.275,cruise,直连,5.683
T20,7512.274,cruise,直连,5.746
T20,7513.272,cruise,直连,5.81
T20,7514.27,cruise,直连,5.874
T20,7515.269,cruise,直连,5.939
T20,7516.267,cruise,直连,16.004
T20,7517.265,cruise,直连,16.07
T20,7518.263,cruise,直连,16.136
T20,7519.262,cruise,直连,16.203
T20,7520.26,cruise,直连,16.27
T20,7521.258,cruise,直连,16.338
T20,7522.256,cruise,直连,16.406
T20,7523.255,cruise,直连,16.475
T20,7524.253,cruise,直连,16.544
T20,7525.251,cruise,直连,16.614
T20,7526.249,cruise,直连,16.684
T20,7527.248,cruise,直连,16.755
T20,7528.246,cruise,直连,16.827
T20,7529.244,cruise,直连,16.899
T20,7530.243,cruise,直连,16.972
T20,7531.241,cruise,直连,17.045
T20,7532.239,cruise,直连,17.12
T20,7533.237,cruise,直连,17.194
T20,7534.236,cruise,直连,17.27
T20,7535.234,cruise,直连,17.346
T20,7536.232,cruise,直连,17.422
T20,7537.23,cruise,直连,17.499
T20,7538.229,cruise,直连,17.577
T20,7539.227,cruise,直连,17.656
T20,7540.225,cruise,直连,17.736
T20,7541.223,cruise,直连,17.816
T20,7542.222,cruise,直连,17.897
T20,7543.22,cruise,直连,17.978
T20,7544.218,cruise,直连,18.061
T20,7545.216,cruise,直连,18.144
T20,7546.215,cruise,直连,18.228
T20,7547.213,cruise,直连,18.313
T20,7548.211,cruise,直连,18.398
T20,7549.21,cruise,直连,18.485
T20,7550.208,cruise,直连,18.572
T20,7551.206,cruise,直连,18.66
T20,7552.204,cruise,直连,18.749
T20,7553.203,cruise,直连,18.84
T20,7554.201,cruise,直连,18.93
T20,7555.199,cruise,直连,19.022
T20,7556.197,cruise,直连,19.115
T20,7557.196,cruise,直连,19.209
T20,7558.194,cruise,直连,19.304
T20,7559.192,cruise,直连,19.4
T20,7560.19,cruise,直连,19.497
T20,7561.189,cruise,直连,19.595
T20,7562.187,cruise,直连,19.694
T20,7563.185,cruise,直连,19.795
T20,7564.184,cruise,直连,19.896
T20,7565.182,cruise,直连,19.999
T20,7566.18,cruise,直连,20.103
T20,7567.178,cruise,直连,20.208
T20,7568.177,cruise,直连,20.314
T20,7569.175,cruise,直连,20.422
T20,7570.173,cruise,直连,20.531
T20,7571.171,cruise,直连,20.641
T20,7572.17,cruise,直连,20.753
T20,7573.168,cruise,直连,20.866
T20,7574.166,cruise,直连,20.981
T20,7575.164,cruise,直连,21.097
T20,7576.163,cruise,直连,21.214
T20,7577.161,cruise,直连,21.334
T20,7578.159,cruise,直连,21.455
T20,7579.158,cruise,直连,21.577
T20,7580.156,cruise,直连,21.702
T20,7581.154,cruise,直连,21.828
T20,7582.152,cruise,直连,21.956
T20,7583.151,cruise,直连,22.085
T20,7584.149,cruise,直连,22.217
T20,7585.147,cruise,直连,22.351
T20,7586.145,cruise,直连,22.487
T20,7587.144,cruise,直连,22.624
T20,7588.142,cruise,直连,22.764
T20,7589.14,cruise,直连,22.907
T20,7590.138,cruise,直连,23.051
T20,7591.137,cruise,直连,23.198
T20,7592.135,cruise,直连,23.347
T20,7593.133,cruise,直连,23.499
T20,7594.131,cruise,直连,23.654
T20,7595.13,cruise,直连,23.811
T20,7596.128,cruise,直连,23.971
T20,7597.126,cruise,直连,24.134
T20,7598.125,cruise,直连,24.3
T20,7599.123,cruise,直连,24.469
T20,7600.121,cruise,直连,24.641
T20,7601.119,cruise,直连,24.817
T20,7602.118,cruise,直连,24.996
T20,7603.116,cruise,直连,25.178
T20,7604.114,cruise,直连,25.365
T20,7605.112,cruise,直连,25.555
T20,7606.111,cruise,直连,25.749
T20,7607.109,cruise,直连,25.948
T20,7608.107,cruise,直连,26.151
T20,7609.105,cruise,直连,26.358
T20,7610.104,cruise,直连,26.571
T20,7611.102,cruise,直连,26.788
T20,7612.1,cruise,直连,27.01
T20,7613.099,cruise,直连,27.238
T20,7614.097,cruise,直连,27.471
T20,7615.095,cruise,直连,27.711
T20,7616.093,cruise,直连,27.956
T20,7617.092,cruise,直连,28.208
T20,7618.09,cruise,直连,28.467
T20,7619.088,cruise,直连,28.733
T20,7620.086,cruise,直连,29.006
T20,7621.085,cruise,直连,29.287
T20,7622.083,cruise,直连,29.577
T20,7623.081,cruise,直连,29.874
T20,7624.079,cruise,直连,30.181
T20,7625.078,cruise,直连,30.497
T20,7626.076,cruise,直连,30.823
T20,7627.074,cruise,直连,31.159
T20,7628.073,cruise,直连,31.506
T20,7629.071,cruise,直连,31.863
T20,7630.069,cruise,直连,32.232
T20,7631.067,cruise,直连,32.612
T20,7632.066,cruise,直连,33.004
T20,7633.064,cruise,直连,33.408
T20,7634.062,cruise,直连,33.822
T20,7635.06,cruise,直连,34.247
T20,7636.059,cruise,直连,34.682
T20,7637.057,cruise,直连,35.125
T20,7638.055,cruise,直连,35.572
T20,7639.053,cruise,直连,36.021
T20,7640.052,cruise,直连,36.466
T20,7641.05,cruise,直连,36.901
T20,7642.048,cruise,直连,37.316
T20,7643.046,cruise,直连,37.702
T20,7644.045,cruise,直连,38.045
T20,7645.043,cruise,直连,38.332
T20,7646.041,cruise,直连,38.549
T20,7647.04,cruise,直连,38.685
T20,7648.038,cruise,直连,38.731
T20,7648.038,descent,直连,38.731
T20,7649.037,descent,直连,38.882
T20,7650.035,descent,直连,39.036
T20,7651.034,descent,直连,39.192
T20,7652.033,descent,直连,39.352
T20,7653.032,descent,直连,39.514
T20,7654.03,descent,直连,39.679
T20,7655.029,descent,直连,39.848
T20,7656.028,descent,直连,40.02
T20,7657.027,descent,直连,40.196
T20,7658.025,descent,直连,40.375
T20,7659.024,descent,直连,40.558
T20,7660.023,descent,直连,40.745
T20,7661.022,descent,直连,40.936
T20,7662.02,descent,直连,41.131
T20,7663.019,descent,直连,41.331
T20,7664.018,descent,直连,41.535
T20,7665.017,descent,直连,41.744
T20,7666.015,descent,直连,41.959
T20,7667.014,descent,直连,42.179
T20,7668.013,descent,直连,42.404
T20,7669.012,descent,直连,42.636
T20,7670.01,descent,直连,42.874
T20,7671.009,descent,直连,43.119
T20,7672.008,descent,直连,43.371
T20,7673.007,descent,直连,43.63
T20,7674.005,descent,直连,43.898
T20,7675.004,descent,直连,44.173
T20,7676.003,descent,直连,44.458
T20,7677.002,descent,直连,44.753
T20,7678.0,descent,直连,45.058
T20,7678.999,descent,直连,45.374
T20,7679.998,descent,直连,45.702
T20,7680.997,descent,直连,46.043
T20,7681.995,descent,直连,46.397
T20,7682.994,descent,直连,46.767
T20,7683.993,descent,直连,47.153
T20,7684.991,descent,直连,47.558
T20,7685.99,descent,直连,47.982
T20,7686.989,descent,直连,48.427
T20,7687.988,descent,直连,48.897
T20,7688.986,descent,直连,49.394
T20,7689.985,descent,直连,49.921
T20,7690.984,descent,直连,50.482
T20,7691.983,descent,直连,51.082
T20,7692.981,descent,直连,51.726
T20,7693.98,descent,直连,52.421
T20,7694.979,descent,直连,53.178
T20,7695.978,descent,直连,54.007
T20,7696.976,descent,直连,54.923
T20,7697.975,descent,直连,55.947
T20,7698.974,descent,直连,57.108
T20,7699.973,descent,直连,58.449
T20,7700.971,descent,直连,60.036
T20,7701.97,descent,直连,61.978
T20,7702.969,descent,直连,64.485
T20,7703.968,descent,直连,68.021
T20,7704.966,descent,直连,74.085
T20,7705.965,descent,直连,113.975
T20,7706.964,descent,直连,73.911
T20,7707.963,descent,直连,67.934
T20,7708.961,descent,直连,64.426
T20,7709.96,descent,直连,61.935
T20,7710.959,descent,直连,60.001
T20,7711.958,descent,直连,58.42
T20,7712.956,descent,直连,57.083
T20,7713.955,descent,直连,45.925
T21,330.0,climb,直连,45.925
T21,331.0,climb,直连,57.336
T21,331.999,climb,直连,59.022
T21,332.999,climb,直连,61.115
T21,333.998,climb,直连,63.879
T21,334.998,climb,直连,67.956
T21,335.998,climb,直连,75.894
T21,336.997,climb,直连,82.019
T21,337.997,climb,直连,69.925
T21,338.996,climb,直连,65.057
T21,339.996,climb,直连,61.956
T21,340.996,climb,直连,59.676
T21,341.995,climb,直连,57.871
T21,342.995,climb,直连,56.378
T21,343.994,climb,直连,55.104
T21,344.994,climb,直连,53.993
T21,345.994,climb,直连,53.009
T21,346.993,climb,直连,52.124
T21,347.993,climb,直连,51.322
T21,348.992,climb,直连,50.587
T21,349.992,climb,直连,49.91
T21,350.992,climb,直连,49.281
T21,351.991,climb,直连,48.696
T21,352.991,climb,直连,48.147
T21,353.99,climb,直连,47.63
T21,354.99,climb,直连,47.143
T21,355.99,climb,直连,46.682
T21,356.989,climb,直连,46.244
T21,357.989,climb,直连,45.827
T21,358.988,climb,直连,45.429
T21,359.988,climb,直连,45.048
T21,360.988,climb,直连,44.684
T21,361.987,climb,直连,44.334
T21,362.987,climb,直连,43.998
T21,363.986,climb,直连,43.674
T21,364.986,climb,直连,43.362
T21,365.986,climb,直连,43.06
T21,366.985,climb,直连,42.769
T21,367.985,climb,直连,42.487
T21,368.985,climb,直连,42.215
T21,369.984,climb,直连,41.95
T21,370.984,climb,直连,41.693
T21,371.983,climb,直连,41.444
T21,372.983,climb,直连,41.201
T21,373.983,climb,直连,40.965
T21,374.982,climb,直连,40.736
T21,375.982,climb,直连,40.512
T21,376.981,climb,直连,40.294
T21,377.981,climb,直连,40.081
T21,378.981,climb,直连,39.874
T21,379.98,climb,直连,39.671
T21,380.98,climb,直连,39.473
T21,381.979,climb,直连,39.279
T21,382.979,climb,直连,39.089
T21,383.979,climb,直连,38.904
T21,384.978,climb,直连,38.722
T21,385.978,climb,直连,38.544
T21,386.977,climb,直连,38.37
T21,387.977,climb,直连,38.199
T21,388.977,climb,直连,38.032
T21,389.976,climb,直连,37.867
T21,390.976,climb,直连,37.706
T21,391.975,climb,直连,37.547
T21,392.975,climb,直连,37.392
T21,393.975,climb,直连,37.239
T21,394.974,climb,直连,37.089
T21,395.974,climb,直连,36.941
T21,396.973,climb,直连,36.796
T21,397.973,climb,直连,36.653
T21,398.973,climb,直连,36.513
T21,399.972,climb,直连,36.375
T21,400.972,climb,直连,36.238
T21,401.971,climb,直连,36.104
T21,402.971,climb,直连,35.973
T21,403.971,climb,直连,35.843
T21,404.97,climb,直连,35.714
T21,405.97,climb,直连,35.588
T21,406.969,climb,直连,35.464
T21,407.969,climb,直连,35.341
T21,408.969,climb,直连,35.22
T21,409.968,climb,直连,35.101
T21,410.968,climb,直连,34.983
T21,411.967,climb,直连,34.867
T21,412.967,climb,直连,34.753
T21,413.967,climb,直连,34.64
T21,414.966,climb,直连,34.528
T21,415.966,climb,直连,34.418
T21,416.965,climb,直连,34.309
T21,417.965,climb,直连,34.202
T21,418.965,climb,直连,34.096
T21,419.964,climb,直连,33.991
T21,420.964,climb,直连,33.887
T21,421.963,climb,直连,33.785
T21,422.963,climb,直连,33.683
T21,423.963,climb,直连,33.583
T21,424.962,climb,直连,33.485
T21,425.962,climb,直连,33.387
T21,426.961,climb,直连,33.29
T21,427.961,climb,直连,33.194
T21,428.961,climb,直连,33.1
T21,429.96,climb,直连,33.006
T21,430.96,climb,直连,32.914
T21,431.959,climb,直连,32.822
T21,432.959,climb,直连,32.732
T21,433.959,climb,直连,32.642
T21,434.958,climb,直连,32.553
T21,435.958,climb,直连,32.465
T21,436.958,climb,直连,32.378
T21,437.957,climb,直连,32.292
T21,438.957,climb,直连,32.207
T21,439.956,climb,直连,32.122
T21,440.956,climb,直连,32.039
T21,441.956,climb,直连,31.956
T21,442.955,climb,直连,31.874
T21,443.955,climb,直连,31.792
T21,444.954,climb,直连,31.712
T21,445.954,climb,直连,31.632
T21,446.954,climb,直连,31.553
T21,447.953,climb,直连,31.475
T21,448.953,climb,直连,31.397
T21,449.952,climb,直连,31.32
T21,450.952,climb,直连,31.244
T21,451.952,climb,直连,31.168
T21,452.951,climb,直连,31.093
T21,453.951,climb,直连,31.019
T21,454.95,climb,直连,30.945
T21,454.95,cruise,直连,30.945
T21,455.95,cruise,直连,30.94
T21,456.949,cruise,直连,30.925
T21,457.949,cruise,直连,30.9
T21,458.949,cruise,直连,30.866
T21,459.948,cruise,直连,30.822
T21,460.948,cruise,直连,30.77
T21,461.947,cruise,直连,30.708
T21,462.947,cruise,直连,30.638
T21,463.946,cruise,直连,30.56
T21,464.946,cruise,直连,30.475
T21,465.945,cruise,直连,30.382
T21,466.945,cruise,直连,30.283
T21,467.944,cruise,直连,30.178
T21,468.944,cruise,直连,30.067
T21,469.944,cruise,直连,29.951
T21,470.943,cruise,直连,29.83
T21,471.943,cruise,直连,29.705
T21,472.942,cruise,直连,29.577
T21,473.942,cruise,直连,29.445
T21,474.941,cruise,直连,29.31
T21,475.941,cruise,直连,29.172
T21,476.94,cruise,直连,29.033
T21,477.94,cruise,直连,28.891
T21,478.939,cruise,直连,28.748
T21,479.939,cruise,直连,28.604
T21,480.938,cruise,直连,28.459
T21,481.938,cruise,直连,28.313
T21,482.938,cruise,直连,28.166
T21,483.937,cruise,直连,28.02
T21,484.937,cruise,直连,27.873
T21,485.936,cruise,直连,27.726
T21,486.936,cruise,直连,27.58
T21,487.935,cruise,直连,27.433
T21,488.935,cruise,直连,27.288
T21,489.934,cruise,直连,27.143
T21,490.934,cruise,直连,26.998
T21,491.933,cruise,直连,26.855
T21,492.933,cruise,直连,26.712
T21,493.933,cruise,直连,26.57
T21,494.932,cruise,直连,26.429
T21,495.932,cruise,直连,26.289
T21,496.931,cruise,直连,26.15
T21,497.931,cruise,直连,26.013
T21,498.93,cruise,直连,25.876
T21,499.93,cruise,直连,25.741
T21,500.929,cruise,直连,25.607
T21,501.929,cruise,直连,25.474
T21,502.928,cruise,直连,25.342
T21,503.928,cruise,直连,25.211
T21,504.928,cruise,直连,25.082
T21,505.927,cruise,直连,24.954
T21,506.927,cruise,直连,24.827
T21,507.926,cruise,直连,24.702
T21,508.926,cruise,直连,24.577
T21,509.925,cruise,直连,24.454
T21,510.925,cruise,直连,24.332
T21,511.924,cruise,直连,24.212
T21,512.924,cruise,直连,24.092
T21,513.923,cruise,直连,23.974
T21,514.923,cruise,直连,23.857
T21,515.923,cruise,直连,23.741
T21,516.922,cruise,直连,23.626
T21,517.922,cruise,直连,23.513
T21,518.921,cruise,直连,23.4
T21,519.921,cruise,直连,23.289
T21,520.92,cruise,直连,23.179
T21,521.92,cruise,直连,23.07
T21,522.919,cruise,直连,22.962
T21,523.919,cruise,直连,22.855
T21,524.918,cruise,直连,22.749
T21,525.918,cruise,直连,22.644
T21,526.917,cruise,直连,22.541
T21,527.917,cruise,直连,22.438
T21,528.917,cruise,直连,22.336
T21,529.916,cruise,直连,22.236
T21,530.916,cruise,直连,22.136
T21,531.915,cruise,直连,22.037
T21,532.915,cruise,直连,21.939
T21,533.914,cruise,直连,21.842
T21,534.914,cruise,直连,21.746
T21,535.913,cruise,直连,21.651
T21,536.913,cruise,直连,21.557
T21,537.912,cruise,直连,21.464
T21,538.912,cruise,直连,21.371
T21,539.912,cruise,直连,21.28
T21,540.911,cruise,直连,21.189
T21,541.911,cruise,直连,21.099
T21,542.91,cruise,直连,21.01
T21,543.91,cruise,直连,20.922
T21,544.909,cruise,直连,20.834
T21,545.909,cruise,直连,20.748
T21,546.908,cruise,直连,20.662
T21,547.908,cruise,直连,20.577
T21,548.907,cruise,直连,20.492
T21,549.907,cruise,直连,20.408
T21,550.907,cruise,直连,20.325
T21,551.906,cruise,直连,20.243
T21,552.906,cruise,直连,20.162
T21,553.905,cruise,直连,20.081
T21,554.905,cruise,直连,20.0
T21,555.904,cruise,直连,19.921
T21,556.904,cruise,直连,19.842
T21,557.903,cruise,直连,19.764
T21,558.903,cruise,直连,19.686
T21,559.902,cruise,直连,19.609
T21,560.902,cruise,直连,19.533
T21,561.901,cruise,直连,19.457
T21,562.901,cruise,直连,19.382
T21,563.901,cruise,直连,19.308
T21,564.9,cruise,直连,19.234
T21,565.9,cruise,直连,19.16
T21,566.899,cruise,直连,19.088
T21,567.899,cruise,直连,19.015
T21,568.898,cruise,直连,18.944
T21,569.898,cruise,直连,18.873
T21,570.897,cruise,直连,18.802
T21,571.897,cruise,直连,18.732
T21,572.896,cruise,直连,18.662
T21,573.896,cruise,直连,18.593
T21,574.896,cruise,直连,18.525
T21,575.895,cruise,直连,18.457
T21,576.895,cruise,直连,18.389
T21,577.894,cruise,直连,18.322
T21,578.894,cruise,直连,18.256
T21,579.893,cruise,直连,18.19
T21,580.893,cruise,直连,18.124
T21,581.892,cruise,直连,18.059
T21,582.892,cruise,直连,17.995
T21,583.891,cruise,直连,17.93
T21,584.891,cruise,直连,17.867
T21,585.891,cruise,直连,17.803
T21,586.89,cruise,直连,17.741
T21,587.89,cruise,直连,17.678
T21,588.889,cruise,直连,17.616
T21,589.889,cruise,直连,17.554
T21,590.888,cruise,直连,17.493
T21,591.888,cruise,直连,17.432
T21,592.887,cruise,直连,17.372
T21,593.887,cruise,直连,17.312
T21,594.886,cruise,直连,17.253
T21,595.886,cruise,直连,17.193
T21,596.886,cruise,直连,17.135
T21,597.885,cruise,直连,17.076
T21,598.885,cruise,直连,17.018
T21,599.884,cruise,直连,16.96
T21,600.884,cruise,直连,16.903
T21,601.883,cruise,直连,16.846
T21,602.883,cruise,直连,16.789
T21,603.882,cruise,直连,16.733
T21,604.882,cruise,直连,16.677
T21,605.881,cruise,直连,16.622
T21,606.881,cruise,直连,16.566
T21,607.88,cruise,直连,16.512
T21,608.88,cruise,直连,16.457
T21,609.88,cruise,直连,16.403
T21,610.879,cruise,直连,16.349
T21,611.879,cruise,直连,16.295
T21,612.878,cruise,直连,16.242
T21,613.878,cruise,直连,16.189
T21,614.877,cruise,直连,16.136
T21,615.877,cruise,直连,16.084
T21,616.876,cruise,直连,16.032
T21,617.876,cruise,直连,15.98
T21,618.875,cruise,直连,15.929
T21,619.875,cruise,直连,15.878
T21,620.875,cruise,直连,15.827
T21,621.874,cruise,直连,15.776
T21,622.874,cruise,直连,15.726
T21,623.873,cruise,直连,15.676
T21,624.873,cruise,直连,15.626
T21,625.872,cruise,直连,15.577
T21,626.872,cruise,直连,15.528
T21,627.871,cruise,直连,15.479
T21,628.871,cruise,直连,15.43
T21,629.87,cruise,直连,15.382
T21,630.87,cruise,直连,15.334
T21,631.87,cruise,直连,15.286
T21,632.869,cruise,直连,15.238
T21,633.869,cruise,直连,15.191
T21,634.868,cruise,直连,15.144
T21,635.868,cruise,直连,15.097
T21,636.867,cruise,直连,15.05
T21,637.867,cruise,直连,15.004
T21,638.866,cruise,直连,14.958
T21,639.866,cruise,直连,14.912
T21,640.865,cruise,直连,14.866
T21,641.865,cruise,直连,14.821
T21,642.864,cruise,直连,14.775
T21,643.864,cruise,直连,14.731
T21,644.864,cruise,直连,14.686
T21,645.863,cruise,直连,14.641
T21,646.863,cruise,直连,14.597
T21,647.862,cruise,直连,14.553
T21,648.862,cruise,直连,14.509
T21,649.861,cruise,直连,14.465
T21,650.861,cruise,直连,14.422
T21,651.86,cruise,直连,14.379
T21,652.86,cruise,直连,14.336
T21,653.859,cruise,直连,14.293
T21,654.859,cruise,直连,14.25
T21,655.859,cruise,直连,14.208
T21,656.858,cruise,直连,14.166
T21,657.858,cruise,直连,14.124
T21,658.857,cruise,直连,14.082
T21,659.857,cruise,直连,14.04
T21,660.856,cruise,直连,13.999
T21,661.856,cruise,直连,13.958
T21,662.855,cruise,直连,13.917
T21,663.855,cruise,直连,13.876
T21,664.854,cruise,直连,13.835
T21,665.854,cruise,直连,13.795
T21,666.854,cruise,直连,13.754
T21,667.853,cruise,直连,13.714
T21,668.853,cruise,直连,13.674
T21,669.852,cruise,直连,13.635
T21,670.852,cruise,直连,13.595
T21,671.851,cruise,直连,13.556
T21,672.851,cruise,直连,13.517
T21,673.85,cruise,直连,13.477
T21,674.85,cruise,直连,13.439
T21,675.849,cruise,直连,13.4
T21,676.849,cruise,直连,13.361
T21,677.849,cruise,直连,13.323
T21,678.848,cruise,直连,13.285
T21,679.848,cruise,直连,13.247
T21,680.847,cruise,直连,13.209
T21,681.847,cruise,直连,13.171
T21,682.846,cruise,直连,13.134
T21,683.846,cruise,直连,13.096
T21,684.845,cruise,直连,13.059
T21,685.845,cruise,直连,13.022
T21,686.844,cruise,直连,12.985
T21,687.844,cruise,直连,12.948
T21,688.843,cruise,直连,12.912
T21,689.843,cruise,直连,12.875
T21,690.843,cruise,直连,12.839
T21,691.842,cruise,直连,12.803
T21,692.842,cruise,直连,12.767
T21,693.841,cruise,直连,12.731
T21,694.841,cruise,直连,12.695
T21,695.84,cruise,直连,12.66
T21,696.84,cruise,直连,12.624
T21,697.839,cruise,直连,12.589
T21,698.839,cruise,直连,12.554
T21,699.838,cruise,直连,12.519
T21,700.838,cruise,直连,12.484
T21,701.838,cruise,直连,12.449
T21,702.837,cruise,直连,12.415
T21,703.837,cruise,直连,12.38
T21,704.836,cruise,直连,12.346
T21,705.836,cruise,直连,12.312
T21,706.835,cruise,直连,12.277
T21,707.835,cruise,直连,12.244
T21,708.834,cruise,直连,12.21
T21,709.834,cruise,直连,12.176
T21,710.833,cruise,直连,12.143
T21,711.833,cruise,直连,12.109
T21,712.833,cruise,直连,12.076
T21,713.832,cruise,直连,12.043
T21,714.832,cruise,直连,12.01
T21,715.831,cruise,直连,11.977
T21,716.831,cruise,直连,11.944
T21,717.83,cruise,直连,11.911
T21,718.83,cruise,直连,11.879
T21,719.829,cruise,直连,11.846
T21,720.829,cruise,直连,11.814
T21,721.828,cruise,直连,11.782
T21,722.828,cruise,直连,11.75
T21,723.827,cruise,直连,11.718
T21,724.827,cruise,直连,11.686
T21,725.827,cruise,直连,11.654
T21,726.826,cruise,直连,11.623
T21,727.826,cruise,直连,11.591
T21,728.825,cruise,直连,11.56
T21,729.825,cruise,直连,11.528
T21,730.824,cruise,直连,11.497
T21,731.824,cruise,直连,11.466
T21,732.823,cruise,直连,11.435
T21,733.823,cruise,直连,11.404
T21,734.822,cruise,直连,11.374
T21,735.822,cruise,直连,11.343
T21,736.822,cruise,直连,11.312
T21,737.821,cruise,直连,11.282
T21,738.821,cruise,直连,11.252
T21,739.82,cruise,直连,11.222
T21,740.82,cruise,直连,11.191
T21,741.819,cruise,直连,11.161
T21,742.819,cruise,直连,11.132
T21,743.818,cruise,直连,11.102
T21,744.818,cruise,直连,11.072
T21,745.817,cruise,直连,11.042
T21,746.817,cruise,直连,11.013
T21,747.817,cruise,直连,10.984
T21,748.816,cruise,直连,10.954
T21,749.816,cruise,直连,10.925
T21,750.815,cruise,直连,10.896
T21,751.815,cruise,直连,10.867
T21,752.814,cruise,直连,10.838
T21,753.814,cruise,直连,10.809
T21,754.813,cruise,直连,10.781
T21,755.813,cruise,直连,10.752
T21,756.812,cruise,直连,10.723
T21,757.812,cruise,直连,10.695
T21,758.812,cruise,直连,10.667
T21,759.811,cruise,直连,10.638
T21,760.811,cruise,直连,10.61
T21,761.81,cruise,直连,10.582
T21,762.81,cruise,直连,10.554
T21,763.809,cruise,直连,10.526
T21,764.809,cruise,直连,10.498
T21,765.808,cruise,直连,10.471
T21,766.808,cruise,直连,10.443
T21,767.807,cruise,直连,10.416
T21,768.807,cruise,直连,10.388
T21,769.806,cruise,直连,10.361
T21,770.806,cruise,直连,10.333
T21,771.806,cruise,直连,10.306
T21,772.805,cruise,直连,10.279
T21,773.805,cruise,直连,10.252
T21,774.804,cruise,直连,10.225
T21,775.804,cruise,直连,10.198
T21,776.803,cruise,直连,10.171
T21,777.803,cruise,直连,10.145
T21,778.802,cruise,直连,10.118
T21,779.802,cruise,直连,0.092
T21,780.801,cruise,直连,0.065
T21,781.801,cruise,直连,0.039
T21,782.801,cruise,直连,10.012
T21,783.8,cruise,中继,7.303
T21,784.8,cruise,中继,7.313
T21,785.799,cruise,中继,7.322
T21,786.799,cruise,中继,7.331
T21,787.798,cruise,中继,7.34
T21,788.798,cruise,中继,7.349
T21,789.797,cruise,中继,7.358
T21,790.797,cruise,中继,7.367
T21,791.796,cruise,中继,7.375
T21,792.796,cruise,中继,7.384
T21,793.796,cruise,中继,7.392
T21,794.795,cruise,中继,7.4
T21,795.795,cruise,中继,7.408
T21,796.794,cruise,中继,7.416
T21,797.794,cruise,中继,7.423
T21,798.793,cruise,中继,7.43
T21,799.793,cruise,中继,7.438
T21,800.792,cruise,中继,7.445
T21,801.792,cruise,中继,7.452
T21,802.791,cruise,中继,7.458
T21,803.791,cruise,中继,7.465
T21,804.79,cruise,中继,7.471
T21,805.79,cruise,中继,7.478
T21,806.79,cruise,中继,7.484
T21,807.789,cruise,中继,7.49
T21,808.789,cruise,中继,7.495
T21,809.788,cruise,中继,7.501
T21,810.788,cruise,中继,7.506
T21,811.787,cruise,中继,7.511
T21,812.787,cruise,中继,7.516
T21,813.786,cruise,中继,7.521
T21,814.786,cruise,中继,7.526
T21,815.785,cruise,中继,7.531
T21,816.785,cruise,中继,7.535
T21,817.785,cruise,中继,7.539
T21,818.784,cruise,中继,7.543
T21,819.784,cruise,中继,7.547
T21,820.783,cruise,中继,7.55
T21,821.783,cruise,中继,7.554
T21,822.782,cruise,中继,7.557
T21,823.782,cruise,中继,7.56
T21,824.781,cruise,中继,7.563
T21,825.781,cruise,中继,7.566
T21,826.78,cruise,中继,7.568
T21,827.78,cruise,中继,7.571
T21,828.78,cruise,中继,7.573
T21,829.779,cruise,中继,7.575
T21,830.779,cruise,中继,7.577
T21,831.778,cruise,中继,7.578
T21,832.778,cruise,中继,7.58
T21,832.778,descent,中继,7.58
T21,833.772,descent,中继,7.579
T21,834.765,descent,中继,7.578
T21,835.759,descent,中继,7.577
T21,836.753,descent,中继,7.576
T21,837.747,descent,中继,7.575
T21,838.741,descent,中继,7.574
T21,839.735,descent,中继,7.572
T21,840.729,descent,中继,7.571
T21,841.723,descent,中继,7.57
T21,842.716,descent,中继,7.569
T21,843.71,descent,中继,7.568
T21,844.704,descent,中继,7.567
T21,845.698,descent,中继,7.566
T21,846.692,descent,中继,7.565
T21,847.686,descent,中继,7.563
T21,848.68,descent,中继,7.562
T21,849.674,descent,中继,7.561
T21,850.668,descent,中继,7.56
T21,851.661,descent,中继,7.559
T21,852.655,descent,中继,7.558
T21,853.649,descent,中继,7.556
T21,854.643,descent,中继,7.555
T21,855.637,descent,中继,7.554
T21,856.631,descent,中继,7.553
T21,857.625,descent,中继,7.551
T21,858.619,descent,中继,7.55
T21,859.612,descent,中继,7.549
T21,860.606,descent,中继,7.548
T21,861.6,descent,中继,7.546
T21,862.594,descent,中继,7.545
T21,863.588,descent,中继,7.544
T21,864.582,descent,中继,7.543
T21,865.576,descent,中继,7.541
T21,866.57,descent,中继,7.54
T21,867.563,descent,中继,7.539
T21,868.557,descent,中继,7.537
T21,869.551,descent,中继,7.536
T21,870.545,descent,中继,7.535
T21,871.539,descent,中继,7.534
T21,872.533,descent,中继,7.532
T21,873.527,descent,中继,7.531
T21,874.521,descent,中继,7.529
T21,875.514,descent,中继,7.528
T21,876.508,descent,中继,7.527
T21,877.502,descent,中继,7.525
T21,878.496,descent,中继,7.524
T21,879.49,descent,中继,7.523
T21,880.484,descent,中继,7.521
T21,881.478,descent,中继,7.52
T21,882.472,descent,中继,7.518
T21,883.465,descent,中继,7.517
T21,884.459,descent,中继,7.516
T21,885.453,descent,中继,7.514
T21,886.447,descent,中继,7.513
T21,887.441,descent,中继,7.511
T21,888.435,descent,中继,7.51
T21,889.429,descent,中继,7.508
T21,890.423,descent,中继,7.507
T21,891.417,descent,中继,7.505
T21,892.41,descent,中继,7.504
T21,893.404,descent,中继,7.502
T21,894.398,descent,中继,7.501
T21,894.398,handover,中继,7.501
T21,1074.398,handover,中继,7.501
T21,1074.398,climb,中继,7.501
T21,1075.386,climb,中继,7.503
T21,1076.373,climb,中继,7.504
T21,1077.361,climb,中继,7.506
T21,1078.348,climb,中继,7.508
T21,1079.336,climb,中继,7.51
T21,1080.323,climb,中继,7.511
T21,1081.311,climb,中继,7.513
T21,1082.298,climb,中继,7.515
T21,1083.286,climb,中继,7.517
T21,1084.273,climb,中继,7.518
T21,1085.261,climb,中继,7.52
T21,1086.248,climb,中继,7.522
T21,1087.236,climb,中继,7.523
T21,1088.223,climb,中继,7.525
T21,1089.211,climb,中继,7.527
T21,1090.198,climb,中继,7.528
T21,1091.186,climb,中继,7.53
T21,1092.173,climb,中继,7.531
T21,1093.161,climb,中继,7.533
T21,1094.148,climb,中继,7.535
T21,1095.136,climb,中继,7.536
T21,1096.123,climb,中继,7.538
T21,1097.111,climb,中继,7.539
T21,1098.098,climb,中继,7.541
T21,1099.086,climb,中继,7.542
T21,1100.073,climb,中继,7.544
T21,1101.061,climb,中继,7.545
T21,1102.048,climb,中继,7.547
T21,1103.036,climb,中继,7.548
T21,1104.023,climb,中继,7.55
T21,1105.011,climb,中继,7.551
T21,1105.998,climb,中继,7.553
T21,1106.986,climb,中继,7.554
T21,1107.973,climb,中继,7.556
T21,1108.961,climb,中继,7.557
T21,1109.948,climb,中继,7.559
T21,1110.936,climb,中继,7.56
T21,1111.923,climb,中继,7.561
T21,1112.911,climb,中继,7.563
T21,1113.898,climb,中继,7.564
T21,1114.886,climb,中继,7.566
T21,1115.873,climb,中继,7.567
T21,1116.861,climb,中继,7.568
T21,1117.848,climb,中继,7.57
T21,1118.836,climb,中继,7.571
T21,1119.823,climb,中继,7.572
T21,1120.811,climb,中继,7.574
T21,1121.798,climb,中继,7.575
T21,1122.786,climb,中继,7.576
T21,1123.773,climb,中继,7.577
T21,1124.761,climb,中继,7.579
T21,1125.749,climb,中继,7.58
T21,1125.749,cruise,中继,7.58
T21,1126.748,cruise,中继,7.578
T21,1127.748,cruise,中继,7.577
T21,1128.747,cruise,中继,7.575
T21,1129.747,cruise,中继,7.573
T21,1130.746,cruise,中继,7.571
T21,1131.746,cruise,中继,7.568
T21,1132.745,cruise,中继,7.566
T21,1133.745,cruise,中继,7.563
T21,1134.744,cruise,中继,7.56
T21,1135.744,cruise,中继,7.557
T21,1136.743,cruise,中继,7.554
T21,1137.743,cruise,中继,7.55
T21,1138.743,cruise,中继,7.547
T21,1139.742,cruise,中继,7.543
T21,1140.742,cruise,中继,7.539
T21,1141.741,cruise,中继,7.535
T21,1142.741,cruise,中继,7.531
T21,1143.74,cruise,中继,7.526
T21,1144.74,cruise,中继,7.521
T21,1145.739,cruise,中继,7.516
T21,1146.739,cruise,中继,7.511
T21,1147.738,cruise,中继,7.506
T21,1148.738,cruise,中继,7.501
T21,1149.738,cruise,中继,7.495
T21,1150.737,cruise,中继,7.49
T21,1151.737,cruise,中继,7.484
T21,1152.736,cruise,中继,7.478
T21,1153.736,cruise,中继,7.471
T21,1154.735,cruise,中继,7.465
T21,1155.735,cruise,中继,7.458
T21,1156.734,cruise,中继,7.452
T21,1157.734,cruise,中继,7.445
T21,1158.733,cruise,中继,7.438
T21,1159.733,cruise,中继,7.43
T21,1160.733,cruise,中继,7.423
T21,1161.732,cruise,中继,7.416
T21,1162.732,cruise,中继,7.408
T21,1163.731,cruise,中继,7.4
T21,1164.731,cruise,中继,7.392
T21,1165.73,cruise,中继,7.384
T21,1166.73,cruise,中继,7.375
T21,1167.729,cruise,中继,7.367
T21,1168.729,cruise,中继,7.358
T21,1169.728,cruise,中继,7.349
T21,1170.728,cruise,中继,7.34
T21,1171.727,cruise,中继,7.331
T21,1172.727,cruise,中继,7.322
T21,1173.727,cruise,中继,7.313
T21,1174.726,cruise,中继,7.303
T21,1175.726,cruise,直连,10.012
T21,1176.725,cruise,直连,0.039
T21,1177.725,cruise,直连,0.065
T21,1178.724,cruise,直连,0.092
T21,1179.724,cruise,直连,10.118
T21,1180.723,cruise,直连,10.145
T21,1181.723,cruise,直连,10.171
T21,1182.722,cruise,直连,10.198
T21,1183.722,cruise,直连,10.225
T21,1184.722,cruise,直连,10.252
T21,1185.721,cruise,直连,10.279
T21,1186.721,cruise,直连,10.306
T21,1187.72,cruise,直连,10.333
T21,1188.72,cruise,直连,10.361
T21,1189.719,cruise,直连,10.388
T21,1190.719,cruise,直连,10.416
T21,1191.718,cruise,直连,10.443
T21,1192.718,cruise,直连,10.471
T21,1193.717,cruise,直连,10.498
T21,1194.717,cruise,直连,10.526
T21,1195.717,cruise,直连,10.554
T21,1196.716,cruise,直连,10.582
T21,1197.716,cruise,直连,10.61
T21,1198.715,cruise,直连,10.638
T21,1199.715,cruise,直连,10.667
T21,1200.714,cruise,直连,10.695
T21,1201.714,cruise,直连,10.723
T21,1202.713,cruise,直连,10.752
T21,1203.713,cruise,直连,10.781
T21,1204.712,cruise,直连,10.809
T21,1205.712,cruise,直连,10.838
T21,1206.712,cruise,直连,10.867
T21,1207.711,cruise,直连,10.896
T21,1208.711,cruise,直连,10.925
T21,1209.71,cruise,直连,10.954
T21,1210.71,cruise,直连,10.984
T21,1211.709,cruise,直连,11.013
T21,1212.709,cruise,直连,11.042
T21,1213.708,cruise,直连,11.072
T21,1214.708,cruise,直连,11.102
T21,1215.707,cruise,直连,11.132
T21,1216.707,cruise,直连,11.161
T21,1217.706,cruise,直连,11.191
T21,1218.706,cruise,直连,11.222
T21,1219.706,cruise,直连,11.252
T21,1220.705,cruise,直连,11.282
T21,1221.705,cruise,直连,11.312
T21,1222.704,cruise,直连,11.343
T21,1223.704,cruise,直连,11.374
T21,1224.703,cruise,直连,11.404
T21,1225.703,cruise,直连,11.435
T21,1226.702,cruise,直连,11.466
T21,1227.702,cruise,直连,11.497
T21,1228.701,cruise,直连,11.528
T21,1229.701,cruise,直连,11.56
T21,1230.701,cruise,直连,11.591
T21,1231.7,cruise,直连,11.623
T21,1232.7,cruise,直连,11.654
T21,1233.699,cruise,直连,11.686
T21,1234.699,cruise,直连,11.718
T21,1235.698,cruise,直连,11.75
T21,1236.698,cruise,直连,11.782
T21,1237.697,cruise,直连,11.814
T21,1238.697,cruise,直连,11.846
T21,1239.696,cruise,直连,11.879
T21,1240.696,cruise,直连,11.911
T21,1241.696,cruise,直连,11.944
T21,1242.695,cruise,直连,11.977
T21,1243.695,cruise,直连,12.01
T21,1244.694,cruise,直连,12.043
T21,1245.694,cruise,直连,12.076
T21,1246.693,cruise,直连,12.109
T21,1247.693,cruise,直连,12.143
T21,1248.692,cruise,直连,12.176
T21,1249.692,cruise,直连,12.21
T21,1250.691,cruise,直连,12.244
T21,1251.691,cruise,直连,12.277
T21,1252.69,cruise,直连,12.312
T21,1253.69,cruise,直连,12.346
T21,1254.69,cruise,直连,12.38
T21,1255.689,cruise,直连,12.415
T21,1256.689,cruise,直连,12.449
T21,1257.688,cruise,直连,12.484
T21,1258.688,cruise,直连,12.519
T21,1259.687,cruise,直连,12.554
T21,1260.687,cruise,直连,12.589
T21,1261.686,cruise,直连,12.624
T21,1262.686,cruise,直连,12.66
T21,1263.685,cruise,直连,12.695
T21,1264.685,cruise,直连,12.731
T21,1265.685,cruise,直连,12.767
T21,1266.684,cruise,直连,12.803
T21,1267.684,cruise,直连,12.839
T21,1268.683,cruise,直连,12.875
T21,1269.683,cruise,直连,12.912
T21,1270.682,cruise,直连,12.948
T21,1271.682,cruise,直连,12.985
T21,1272.681,cruise,直连,13.022
T21,1273.681,cruise,直连,13.059
T21,1274.68,cruise,直连,13.096
T21,1275.68,cruise,直连,13.134
T21,1276.68,cruise,直连,13.171
T21,1277.679,cruise,直连,13.209
T21,1278.679,cruise,直连,13.247
T21,1279.678,cruise,直连,13.285
T21,1280.678,cruise,直连,13.323
T21,1281.677,cruise,直连,13.361
T21,1282.677,cruise,直连,13.4
T21,1283.676,cruise,直连,13.439
T21,1284.676,cruise,直连,13.477
T21,1285.675,cruise,直连,13.517
T21,1286.675,cruise,直连,13.556
T21,1287.675,cruise,直连,13.595
T21,1288.674,cruise,直连,13.635
T21,1289.674,cruise,直连,13.674
T21,1290.673,cruise,直连,13.714
T21,1291.673,cruise,直连,13.754
T21,1292.672,cruise,直连,13.795
T21,1293.672,cruise,直连,13.835
T21,1294.671,cruise,直连,13.876
T21,1295.671,cruise,直连,13.917
T21,1296.67,cruise,直连,13.958
T21,1297.67,cruise,直连,13.999
T21,1298.669,cruise,直连,14.04
T21,1299.669,cruise,直连,14.082
T21,1300.669,cruise,直连,14.124
T21,1301.668,cruise,直连,14.166
T21,1302.668,cruise,直连,14.208
T21,1303.667,cruise,直连,14.25
T21,1304.667,cruise,直连,14.293
T21,1305.666,cruise,直连,14.336
T21,1306.666,cruise,直连,14.379
T21,1307.665,cruise,直连,14.422
T21,1308.665,cruise,直连,14.465
T21,1309.664,cruise,直连,14.509
T21,1310.664,cruise,直连,14.553
T21,1311.664,cruise,直连,14.597
T21,1312.663,cruise,直连,14.641
T21,1313.663,cruise,直连,14.686
T21,1314.662,cruise,直连,14.731
T21,1315.662,cruise,直连,14.775
T21,1316.661,cruise,直连,14.821
T21,1317.661,cruise,直连,14.866
T21,1318.66,cruise,直连,14.912
T21,1319.66,cruise,直连,14.958
T21,1320.659,cruise,直连,15.004
T21,1321.659,cruise,直连,15.05
T21,1322.659,cruise,直连,15.097
T21,1323.658,cruise,直连,15.144
T21,1324.658,cruise,直连,15.191
T21,1325.657,cruise,直连,15.238
T21,1326.657,cruise,直连,15.286
T21,1327.656,cruise,直连,15.334
T21,1328.656,cruise,直连,15.382
T21,1329.655,cruise,直连,15.43
T21,1330.655,cruise,直连,15.479
T21,1331.654,cruise,直连,15.528
T21,1332.654,cruise,直连,15.577
T21,1333.653,cruise,直连,15.626
T21,1334.653,cruise,直连,15.676
T21,1335.653,cruise,直连,15.726
T21,1336.652,cruise,直连,15.776
T21,1337.652,cruise,直连,15.827
T21,1338.651,cruise,直连,15.878
T21,1339.651,cruise,直连,15.929
T21,1340.65,cruise,直连,15.98
T21,1341.65,cruise,直连,16.032
T21,1342.649,cruise,直连,16.084
T21,1343.649,cruise,直连,16.136
T21,1344.648,cruise,直连,16.189
T21,1345.648,cruise,直连,16.242
T21,1346.648,cruise,直连,16.295
T21,1347.647,cruise,直连,16.349
T21,1348.647,cruise,直连,16.403
T21,1349.646,cruise,直连,16.457
T21,1350.646,cruise,直连,16.512
T21,1351.645,cruise,直连,16.566
T21,1352.645,cruise,直连,16.622
T21,1353.644,cruise,直连,16.677
T21,1354.644,cruise,直连,16.733
T21,1355.643,cruise,直连,16.789
T21,1356.643,cruise,直连,16.846
T21,1357.643,cruise,直连,16.903
T21,1358.642,cruise,直连,16.96
T21,1359.642,cruise,直连,17.018
T21,1360.641,cruise,直连,17.076
T21,1361.641,cruise,直连,17.135
T21,1362.64,cruise,直连,17.193
T21,1363.64,cruise,直连,17.253
T21,1364.639,cruise,直连,17.312
T21,1365.639,cruise,直连,17.372
T21,1366.638,cruise,直连,17.432
T21,1367.638,cruise,直连,17.493
T21,1368.638,cruise,直连,17.554
T21,1369.637,cruise,直连,17.616
T21,1370.637,cruise,直连,17.678
T21,1371.636,cruise,直连,17.741
T21,1372.636,cruise,直连,17.803
T21,1373.635,cruise,直连,17.867
T21,1374.635,cruise,直连,17.93
T21,1375.634,cruise,直连,17.995
T21,1376.634,cruise,直连,18.059
T21,1377.633,cruise,直连,18.124
T21,1378.633,cruise,直连,18.19
T21,1379.632,cruise,直连,18.256
T21,1380.632,cruise,直连,18.322
T21,1381.632,cruise,直连,18.389
T21,1382.631,cruise,直连,18.457
T21,1383.631,cruise,直连,18.525
T21,1384.63,cruise,直连,18.593
T21,1385.63,cruise,直连,18.662
T21,1386.629,cruise,直连,18.732
T21,1387.629,cruise,直连,18.802
T21,1388.628,cruise,直连,18.873
T21,1389.628,cruise,直连,18.944
T21,1390.627,cruise,直连,19.015
T21,1391.627,cruise,直连,19.088
T21,1392.627,cruise,直连,19.16
T21,1393.626,cruise,直连,19.234
T21,1394.626,cruise,直连,19.308
T21,1395.625,cruise,直连,19.382
T21,1396.625,cruise,直连,19.457
T21,1397.624,cruise,直连,19.533
T21,1398.624,cruise,直连,19.609
T21,1399.623,cruise,直连,19.686
T21,1400.623,cruise,直连,19.764
T21,1401.622,cruise,直连,19.842
T21,1402.622,cruise,直连,19.921
T21,1403.622,cruise,直连,20.0
T21,1404.621,cruise,直连,20.081
T21,1405.621,cruise,直连,20.162
T21,1406.62,cruise,直连,20.243
T21,1407.62,cruise,直连,20.325
T21,1408.619,cruise,直连,20.408
T21,1409.619,cruise,直连,20.492
T21,1410.618,cruise,直连,20.577
T21,1411.618,cruise,直连,20.662
T21,1412.617,cruise,直连,20.748
T21,1413.617,cruise,直连,20.834
T21,1414.616,cruise,直连,20.922
T21,1415.616,cruise,直连,21.01
T21,1416.616,cruise,直连,21.099
T21,1417.615,cruise,直连,21.189
T21,1418.615,cruise,直连,21.28
T21,1419.614,cruise,直连,21.371
T21,1420.614,cruise,直连,21.464
T21,1421.613,cruise,直连,21.557
T21,1422.613,cruise,直连,21.651
T21,1423.612,cruise,直连,21.746
T21,1424.612,cruise,直连,21.842
T21,1425.611,cruise,直连,21.939
T21,1426.611,cruise,直连,22.037
T21,1427.611,cruise,直连,22.136
T21,1428.61,cruise,直连,22.236
T21,1429.61,cruise,直连,22.336
T21,1430.609,cruise,直连,22.438
T21,1431.609,cruise,直连,22.541
T21,1432.608,cruise,直连,22.644
T21,1433.608,cruise,直连,22.749
T21,1434.607,cruise,直连,22.855
T21,1435.607,cruise,直连,22.962
T21,1436.606,cruise,直连,23.07
T21,1437.606,cruise,直连,23.179
T21,1438.606,cruise,直连,23.289
T21,1439.605,cruise,直连,23.4
T21,1440.605,cruise,直连,23.513
T21,1441.604,cruise,直连,23.626
T21,1442.604,cruise,直连,23.741
T21,1443.603,cruise,直连,23.857
T21,1444.603,cruise,直连,23.974
T21,1445.602,cruise,直连,24.092
T21,1446.602,cruise,直连,24.212
T21,1447.601,cruise,直连,24.332
T21,1448.601,cruise,直连,24.454
T21,1449.601,cruise,直连,24.577
T21,1450.6,cruise,直连,24.702
T21,1451.6,cruise,直连,24.827
T21,1452.599,cruise,直连,24.954
T21,1453.599,cruise,直连,25.082
T21,1454.598,cruise,直连,25.211
T21,1455.598,cruise,直连,25.342
T21,1456.597,cruise,直连,25.474
T21,1457.597,cruise,直连,25.607
T21,1458.596,cruise,直连,25.741
T21,1459.596,cruise,直连,25.876
T21,1460.595,cruise,直连,26.013
T21,1461.595,cruise,直连,26.15
T21,1462.595,cruise,直连,26.289
T21,1463.594,cruise,直连,26.429
T21,1464.594,cruise,直连,26.57
T21,1465.593,cruise,直连,26.712
T21,1466.593,cruise,直连,26.855
T21,1467.592,cruise,直连,26.998
T21,1468.592,cruise,直连,27.143
T21,1469.591,cruise,直连,27.288
T21,1470.591,cruise,直连,27.433
T21,1471.59,cruise,直连,27.58
T21,1472.59,cruise,直连,27.726
T21,1473.59,cruise,直连,27.873
T21,1474.589,cruise,直连,28.02
T21,1475.589,cruise,直连,28.166
T21,1476.588,cruise,直连,28.313
T21,1477.588,cruise,直连,28.459
T21,1478.587,cruise,直连,28.604
T21,1479.587,cruise,直连,28.748
T21,1480.586,cruise,直连,28.891
T21,1481.586,cruise,直连,29.033
T21,1482.585,cruise,直连,29.172
T21,1483.585,cruise,直连,29.31
T21,1484.585,cruise,直连,29.445
T21,1485.584,cruise,直连,29.577
T21,1486.584,cruise,直连,29.705
T21,1487.583,cruise,直连,29.83
T21,1488.583,cruise,直连,29.951
T21,1489.582,cruise,直连,30.067
T21,1490.582,cruise,直连,30.178
T21,1491.581,cruise,直连,30.283
T21,1492.581,cruise,直连,30.382
T21,1493.58,cruise,直连,30.475
T21,1494.58,cruise,直连,30.56
T21,1495.579,cruise,直连,30.638
T21,1496.579,cruise,直连,30.708
T21,1497.579,cruise,直连,30.77
T21,1498.578,cruise,直连,30.822
T21,1499.578,cruise,直连,30.866
T21,1500.577,cruise,直连,30.9
T21,1501.577,cruise,直连,30.925
T21,1502.576,cruise,直连,30.94
T21,1503.576,cruise,直连,30.945
T21,1503.576,descent,直连,30.945
T21,1504.575,descent,直连,31.006
T21,1505.575,descent,直连,31.068
T21,1506.575,descent,直连,31.13
T21,1507.574,descent,直连,31.193
T21,1508.574,descent,直连,31.256
T21,1509.573,descent,直连,31.32
T21,1510.573,descent,直连,31.384
T21,1511.573,descent,直连,31.449
T21,1512.572,descent,直连,31.514
T21,1513.572,descent,直连,31.579
T21,1514.571,descent,直连,31.645
T21,1515.571,descent,直连,31.712
T21,1516.571,descent,直连,31.779
T21,1517.57,descent,直连,31.846
T21,1518.57,descent,直连,31.915
T21,1519.569,descent,直连,31.983
T21,1520.569,descent,直连,32.052
T21,1521.569,descent,直连,32.122
T21,1522.568,descent,直连,32.193
T21,1523.568,descent,直连,32.263
T21,1524.568,descent,直连,32.335
T21,1525.567,descent,直连,32.407
T21,1526.567,descent,直连,32.48
T21,1527.566,descent,直连,32.553
T21,1528.566,descent,直连,32.627
T21,1529.566,descent,直连,32.702
T21,1530.565,descent,直连,32.777
T21,1531.565,descent,直连,32.853
T21,1532.564,descent,直连,32.929
T21,1533.564,descent,直连,33.006
T21,1534.564,descent,直连,33.084
T21,1535.563,descent,直连,33.163
T21,1536.563,descent,直连,33.242
T21,1537.562,descent,直连,33.322
T21,1538.562,descent,直连,33.403
T21,1539.562,descent,直连,33.485
T21,1540.561,descent,直连,33.567
T21,1541.561,descent,直连,33.65
T21,1542.56,descent,直连,33.734
T21,1543.56,descent,直连,33.819
T21,1544.56,descent,直连,33.904
T21,1545.559,descent,直连,33.991
T21,1546.559,descent,直连,34.078
T21,1547.558,descent,直连,34.166
T21,1548.558,descent,直连,34.255
T21,1549.558,descent,直连,34.345
T21,1550.557,descent,直连,34.436
T21,1551.557,descent,直连,34.528
T21,1552.556,descent,直连,34.621
T21,1553.556,descent,直连,34.715
T21,1554.556,descent,直连,34.81
T21,1555.555,descent,直连,34.906
T21,1556.555,descent,直连,35.003
T21,1557.554,descent,直连,35.101
T21,1558.554,descent,直连,35.2
T21,1559.554,descent,直连,35.301
T21,1560.553,descent,直连,35.402
T21,1561.553,descent,直连,35.505
T21,1562.552,descent,直连,35.609
T21,1563.552,descent,直连,35.714
T21,1564.552,descent,直连,35.821
T21,1565.551,descent,直连,35.929
T21,1566.551,descent,直连,36.038
T21,1567.55,descent,直连,36.149
T21,1568.55,descent,直连,36.261
T21,1569.55,descent,直连,36.375
T21,1570.549,descent,直连,36.49
T21,1571.549,descent,直连,36.606
T21,1572.548,descent,直连,36.724
T21,1573.548,descent,直连,36.844
T21,1574.548,descent,直连,36.966
T21,1575.547,descent,直连,37.089
T21,1576.547,descent,直连,37.214
T21,1577.546,descent,直连,37.341
T21,1578.546,descent,直连,37.469
T21,1579.546,descent,直连,37.6
T21,1580.545,descent,直连,37.733
T21,1581.545,descent,直连,37.867
T21,1582.544,descent,直连,38.004
T21,1583.544,descent,直连,38.143
T21,1584.544,descent,直连,38.284
T21,1585.543,descent,直连,38.428
T21,1586.543,descent,直连,38.574
T21,1587.542,descent,直连,38.722
T21,1588.542,descent,直连,38.873
T21,1589.542,descent,直连,39.027
T21,1590.541,descent,直连,39.184
T21,1591.541,descent,直连,39.343
T21,1592.541,descent,直连,39.505
T21,1593.54,descent,直连,39.671
T21,1594.54,descent,直连,39.84
T21,1595.539,descent,直连,40.012
T21,1596.539,descent,直连,40.187
T21,1597.539,descent,直连,40.366
T21,1598.538,descent,直连,40.549
T21,1599.538,descent,直连,40.736
T21,1600.537,descent,直连,40.927
T21,1601.537,descent,直连,41.122
T21,1602.537,descent,直连,41.322
T21,1603.536,descent,直连,41.526
T21,1604.536,descent,直连,41.735
T21,1605.535,descent,直连,41.95
T21,1606.535,descent,直连,42.17
T21,1607.535,descent,直连,42.395
T21,1608.534,descent,直连,42.627
T21,1609.534,descent,直连,42.865
T21,1610.533,descent,直连,43.11
T21,1611.533,descent,直连,43.362
T21,1612.533,descent,直连,43.621
T21,1613.532,descent,直连,43.888
T21,1614.532,descent,直连,44.164
T21,1615.531,descent,直连,44.449
T21,1616.531,descent,直连,44.743
T21,1617.531,descent,直连,45.048
T21,1618.53,descent,直连,45.364
T21,1619.53,descent,直连,45.692
T21,1620.529,descent,直连,46.033
T21,1621.529,descent,直连,46.387
T21,1622.529,descent,直连,46.757
T21,1623.528,descent,直连,47.143
T21,1624.528,descent,直连,47.547
T21,1625.527,descent,直连,47.971
T21,1626.527,descent,直连,48.417
T21,1627.527,descent,直连,48.887
T21,1628.526,descent,直连,49.383
T21,1629.526,descent,直连,49.91
T21,1630.525,descent,直连,50.47
T21,1631.525,descent,直连,51.07
T21,1632.525,descent,直连,51.714
T21,1633.524,descent,直连,52.409
T21,1634.524,descent,直连,53.165
T21,1635.523,descent,直连,53.993
T21,1636.523,descent,直连,54.909
T21,1637.523,descent,直连,55.932
T21,1638.522,descent,直连,57.092
T21,1639.522,descent,直连,58.432
T21,1640.521,descent,直连,60.017
T21,1641.521,descent,直连,61.956
T21,1642.521,descent,直连,64.457
T21,1643.52,descent,直连,67.984
T21,1644.52,descent,直连,74.018
T21,1645.519,descent,直连,123.948
T21,1646.519,descent,直连,73.963
T21,1647.519,descent,直连,67.956
T21,1648.518,descent,直连,64.439
T21,1649.518,descent,直连,61.942
T21,1650.517,descent,直连,60.006
T21,1651.517,descent,直连,58.423
T21,1652.517,descent,直连,57.085
T21,1653.516,descent,直连,45.925
T22,2012.5,climb,直连,45.925
T22,2013.5,climb,直连,57.336
T22,2014.499,climb,直连,59.022
T22,2015.499,climb,直连,61.115
T22,2016.498,climb,直连,63.879
T22,2017.498,climb,直连,67.956
T22,2018.498,climb,直连,75.894
T22,2019.497,climb,直连,82.019
T22,2020.497,climb,直连,69.925
T22,2021.496,climb,直连,65.057
T22,2022.496,climb,直连,61.956
T22,2023.496,climb,直连,59.676
T22,2024.495,climb,直连,57.871
T22,2025.495,climb,直连,56.378
T22,2026.494,climb,直连,55.104
T22,2027.494,climb,直连,53.993
T22,2028.494,climb,直连,53.009
T22,2029.493,climb,直连,52.124
T22,2030.493,climb,直连,51.322
T22,2031.492,climb,直连,50.587
T22,2032.492,climb,直连,49.91
T22,2033.492,climb,直连,49.281
T22,2034.491,climb,直连,48.696
T22,2035.491,climb,直连,48.147
T22,2036.49,climb,直连,47.63
T22,2037.49,climb,直连,47.143
T22,2038.49,climb,直连,46.682
T22,2039.489,climb,直连,46.244
T22,2040.489,climb,直连,45.827
T22,2041.488,climb,直连,45.429
T22,2042.488,climb,直连,45.048
T22,2043.488,climb,直连,44.684
T22,2044.487,climb,直连,44.334
T22,2045.487,climb,直连,43.998
T22,2046.486,climb,直连,43.674
T22,2047.486,climb,直连,43.362
T22,2048.486,climb,直连,43.06
T22,2049.485,climb,直连,42.769
T22,2050.485,climb,直连,42.487
T22,2051.485,climb,直连,42.215
T22,2052.484,climb,直连,41.95
T22,2053.484,climb,直连,41.693
T22,2054.483,climb,直连,41.444
T22,2055.483,climb,直连,41.201
T22,2056.483,climb,直连,40.965
T22,2057.482,climb,直连,40.736
T22,2058.482,climb,直连,40.512
T22,2059.481,climb,直连,40.294
T22,2060.481,climb,直连,40.081
T22,2061.481,climb,直连,39.874
T22,2062.48,climb,直连,39.671
T22,2063.48,climb,直连,39.473
T22,2064.479,climb,直连,39.279
T22,2065.479,climb,直连,39.089
T22,2066.479,climb,直连,38.904
T22,2067.478,climb,直连,38.722
T22,2068.478,climb,直连,38.544
T22,2069.477,climb,直连,38.37
T22,2070.477,climb,直连,38.199
T22,2071.477,climb,直连,38.032
T22,2072.476,climb,直连,37.867
T22,2073.476,climb,直连,37.706
T22,2074.475,climb,直连,37.547
T22,2075.475,climb,直连,37.392
T22,2076.475,climb,直连,37.239
T22,2077.474,climb,直连,37.089
T22,2078.474,climb,直连,36.941
T22,2079.473,climb,直连,36.796
T22,2080.473,climb,直连,36.653
T22,2081.473,climb,直连,36.513
T22,2082.472,climb,直连,36.375
T22,2083.472,climb,直连,36.238
T22,2084.471,climb,直连,36.104
T22,2085.471,climb,直连,35.973
T22,2086.471,climb,直连,35.843
T22,2087.47,climb,直连,35.714
T22,2088.47,climb,直连,35.588
T22,2089.469,climb,直连,35.464
T22,2090.469,climb,直连,35.341
T22,2091.469,climb,直连,35.22
T22,2092.468,climb,直连,35.101
T22,2093.468,climb,直连,34.983
T22,2094.467,climb,直连,34.867
T22,2095.467,climb,直连,34.753
T22,2096.467,climb,直连,34.64
T22,2097.466,climb,直连,34.528
T22,2098.466,climb,直连,34.418
T22,2099.465,climb,直连,34.309
T22,2100.465,climb,直连,34.202
T22,2101.465,climb,直连,34.096
T22,2102.464,climb,直连,33.991
T22,2103.464,climb,直连,33.887
T22,2104.463,climb,直连,33.785
T22,2105.463,climb,直连,33.683
T22,2106.463,climb,直连,33.583
T22,2107.462,climb,直连,33.485
T22,2108.462,climb,直连,33.387
T22,2109.461,climb,直连,33.29
T22,2110.461,climb,直连,33.194
T22,2111.461,climb,直连,33.1
T22,2112.46,climb,直连,33.006
T22,2113.46,climb,直连,32.914
T22,2114.459,climb,直连,32.822
T22,2115.459,climb,直连,32.732
T22,2116.459,climb,直连,32.642
T22,2117.458,climb,直连,32.553
T22,2118.458,climb,直连,32.465
T22,2119.458,climb,直连,32.378
T22,2120.457,climb,直连,32.292
T22,2121.457,climb,直连,32.207
T22,2122.456,climb,直连,32.122
T22,2123.456,climb,直连,32.039
T22,2124.456,climb,直连,31.956
T22,2125.455,climb,直连,31.874
T22,2126.455,climb,直连,31.792
T22,2127.454,climb,直连,31.712
T22,2128.454,climb,直连,31.632
T22,2129.454,climb,直连,31.553
T22,2130.453,climb,直连,31.475
T22,2131.453,climb,直连,31.397
T22,2132.452,climb,直连,31.32
T22,2133.452,climb,直连,31.244
T22,2134.452,climb,直连,31.168
T22,2135.451,climb,直连,31.093
T22,2136.451,climb,直连,31.019
T22,2137.45,climb,直连,30.945
T22,2137.45,cruise,直连,30.945
T22,2138.45,cruise,直连,30.94
T22,2139.449,cruise,直连,30.925
T22,2140.449,cruise,直连,30.9
T22,2141.449,cruise,直连,30.866
T22,2142.448,cruise,直连,30.822
T22,2143.448,cruise,直连,30.77
T22,2144.447,cruise,直连,30.708
T22,2145.447,cruise,直连,30.638
T22,2146.446,cruise,直连,30.56
T22,2147.446,cruise,直连,30.475
T22,2148.445,cruise,直连,30.382
T22,2149.445,cruise,直连,30.283
T22,2150.444,cruise,直连,30.178
T22,2151.444,cruise,直连,30.067
T22,2152.444,cruise,直连,29.951
T22,2153.443,cruise,直连,29.83
T22,2154.443,cruise,直连,29.705
T22,2155.442,cruise,直连,29.577
T22,2156.442,cruise,直连,29.445
T22,2157.441,cruise,直连,29.31
T22,2158.441,cruise,直连,29.172
T22,2159.44,cruise,直连,29.033
T22,2160.44,cruise,直连,28.891
T22,2161.439,cruise,直连,28.748
T22,2162.439,cruise,直连,28.604
T22,2163.438,cruise,直连,28.459
T22,2164.438,cruise,直连,28.313
T22,2165.438,cruise,直连,28.166
T22,2166.437,cruise,直连,28.02
T22,2167.437,cruise,直连,27.873
T22,2168.436,cruise,直连,27.726
T22,2169.436,cruise,直连,27.58
T22,2170.435,cruise,直连,27.433
T22,2171.435,cruise,直连,27.288
T22,2172.434,cruise,直连,27.143
T22,2173.434,cruise,直连,26.998
T22,2174.433,cruise,直连,26.855
T22,2175.433,cruise,直连,26.712
T22,2176.433,cruise,直连,26.57
T22,2177.432,cruise,直连,26.429
T22,2178.432,cruise,直连,26.289
T22,2179.431,cruise,直连,26.15
T22,2180.431,cruise,直连,26.013
T22,2181.43,cruise,直连,25.876
T22,2182.43,cruise,直连,25.741
T22,2183.429,cruise,直连,25.607
T22,2184.429,cruise,直连,25.474
T22,2185.428,cruise,直连,25.342
T22,2186.428,cruise,直连,25.211
T22,2187.428,cruise,直连,25.082
T22,2188.427,cruise,直连,24.954
T22,2189.427,cruise,直连,24.827
T22,2190.426,cruise,直连,24.702
T22,2191.426,cruise,直连,24.577
T22,2192.425,cruise,直连,24.454
T22,2193.425,cruise,直连,24.332
T22,2194.424,cruise,直连,24.212
T22,2195.424,cruise,直连,24.092
T22,2196.423,cruise,直连,23.974
T22,2197.423,cruise,直连,23.857
T22,2198.423,cruise,直连,23.741
T22,2199.422,cruise,直连,23.626
T22,2200.422,cruise,直连,23.513
T22,2201.421,cruise,直连,23.4
T22,2202.421,cruise,直连,23.289
T22,2203.42,cruise,直连,23.179
T22,2204.42,cruise,直连,23.07
T22,2205.419,cruise,直连,22.962
T22,2206.419,cruise,直连,22.855
T22,2207.418,cruise,直连,22.749
T22,2208.418,cruise,直连,22.644
T22,2209.417,cruise,直连,22.541
T22,2210.417,cruise,直连,22.438
T22,2211.417,cruise,直连,22.336
T22,2212.416,cruise,直连,22.236
T22,2213.416,cruise,直连,22.136
T22,2214.415,cruise,直连,22.037
T22,2215.415,cruise,直连,21.939
T22,2216.414,cruise,直连,21.842
T22,2217.414,cruise,直连,21.746
T22,2218.413,cruise,直连,21.651
T22,2219.413,cruise,直连,21.557
T22,2220.412,cruise,直连,21.464
T22,2221.412,cruise,直连,21.371
T22,2222.412,cruise,直连,21.28
T22,2223.411,cruise,直连,21.189
T22,2224.411,cruise,直连,21.099
T22,2225.41,cruise,直连,21.01
T22,2226.41,cruise,直连,20.922
T22,2227.409,cruise,直连,20.834
T22,2228.409,cruise,直连,20.748
T22,2229.408,cruise,直连,20.662
T22,2230.408,cruise,直连,20.577
T22,2231.407,cruise,直连,20.492
T22,2232.407,cruise,直连,20.408
T22,2233.407,cruise,直连,20.325
T22,2234.406,cruise,直连,20.243
T22,2235.406,cruise,直连,20.162
T22,2236.405,cruise,直连,20.081
T22,2237.405,cruise,直连,20.0
T22,2238.404,cruise,直连,19.921
T22,2239.404,cruise,直连,19.842
T22,2240.403,cruise,直连,19.764
T22,2241.403,cruise,直连,19.686
T22,2242.402,cruise,直连,19.609
T22,2243.402,cruise,直连,19.533
T22,2244.401,cruise,直连,19.457
T22,2245.401,cruise,直连,19.382
T22,2246.401,cruise,直连,19.308
T22,2247.4,cruise,直连,19.234
T22,2248.4,cruise,直连,19.16
T22,2249.399,cruise,直连,19.088
T22,2250.399,cruise,直连,19.015
T22,2251.398,cruise,直连,18.944
T22,2252.398,cruise,直连,18.873
T22,2253.397,cruise,直连,18.802
T22,2254.397,cruise,直连,18.732
T22,2255.396,cruise,直连,18.662
T22,2256.396,cruise,直连,18.593
T22,2257.396,cruise,直连,18.525
T22,2258.395,cruise,直连,18.457
T22,2259.395,cruise,直连,18.389
T22,2260.394,cruise,直连,18.322
T22,2261.394,cruise,直连,18.256
T22,2262.393,cruise,直连,18.19
T22,2263.393,cruise,直连,18.124
T22,2264.392,cruise,直连,18.059
T22,2265.392,cruise,直连,17.995
T22,2266.391,cruise,直连,17.93
T22,2267.391,cruise,直连,17.867
T22,2268.391,cruise,直连,17.803
T22,2269.39,cruise,直连,17.741
T22,2270.39,cruise,直连,17.678
T22,2271.389,cruise,直连,17.616
T22,2272.389,cruise,直连,17.554
T22,2273.388,cruise,直连,17.493
T22,2274.388,cruise,直连,17.432
T22,2275.387,cruise,直连,17.372
T22,2276.387,cruise,直连,17.312
T22,2277.386,cruise,直连,17.253
T22,2278.386,cruise,直连,17.193
T22,2279.386,cruise,直连,17.135
T22,2280.385,cruise,直连,17.076
T22,2281.385,cruise,直连,17.018
T22,2282.384,cruise,直连,16.96
T22,2283.384,cruise,直连,16.903
T22,2284.383,cruise,直连,16.846
T22,2285.383,cruise,直连,16.789
T22,2286.382,cruise,直连,16.733
T22,2287.382,cruise,直连,16.677
T22,2288.381,cruise,直连,16.622
T22,2289.381,cruise,直连,16.566
T22,2290.38,cruise,直连,16.512
T22,2291.38,cruise,直连,16.457
T22,2292.38,cruise,直连,16.403
T22,2293.379,cruise,直连,16.349
T22,2294.379,cruise,直连,16.295
T22,2295.378,cruise,直连,16.242
T22,2296.378,cruise,直连,16.189
T22,2297.377,cruise,直连,16.136
T22,2298.377,cruise,直连,16.084
T22,2299.376,cruise,直连,16.032
T22,2300.376,cruise,直连,15.98
T22,2301.375,cruise,直连,15.929
T22,2302.375,cruise,直连,15.878
T22,2303.375,cruise,直连,15.827
T22,2304.374,cruise,直连,15.776
T22,2305.374,cruise,直连,15.726
T22,2306.373,cruise,直连,15.676
T22,2307.373,cruise,直连,15.626
T22,2308.372,cruise,直连,15.577
T22,2309.372,cruise,直连,15.528
T22,2310.371,cruise,直连,15.479
T22,2311.371,cruise,直连,15.43
T22,2312.37,cruise,直连,15.382
T22,2313.37,cruise,直连,15.334
T22,2314.37,cruise,直连,15.286
T22,2315.369,cruise,直连,15.238
T22,2316.369,cruise,直连,15.191
T22,2317.368,cruise,直连,15.144
T22,2318.368,cruise,直连,15.097
T22,2319.367,cruise,直连,15.05
T22,2320.367,cruise,直连,15.004
T22,2321.366,cruise,直连,14.958
T22,2322.366,cruise,直连,14.912
T22,2323.365,cruise,直连,14.866
T22,2324.365,cruise,直连,14.821
T22,2325.364,cruise,直连,14.775
T22,2326.364,cruise,直连,14.731
T22,2327.364,cruise,直连,14.686
T22,2328.363,cruise,直连,14.641
T22,2329.363,cruise,直连,14.597
T22,2330.362,cruise,直连,14.553
T22,2331.362,cruise,直连,14.509
T22,2332.361,cruise,直连,14.465
T22,2333.361,cruise,直连,14.422
T22,2334.36,cruise,直连,14.379
T22,2335.36,cruise,直连,14.336
T22,2336.359,cruise,直连,14.293
T22,2337.359,cruise,直连,14.25
T22,2338.359,cruise,直连,14.208
T22,2339.358,cruise,直连,14.166
T22,2340.358,cruise,直连,14.124
T22,2341.357,cruise,直连,14.082
T22,2342.357,cruise,直连,14.04
T22,2343.356,cruise,直连,13.999
T22,2344.356,cruise,直连,13.958
T22,2345.355,cruise,直连,13.917
T22,2346.355,cruise,直连,13.876
T22,2347.354,cruise,直连,13.835
T22,2348.354,cruise,直连,13.795
T22,2349.354,cruise,直连,13.754
T22,2350.353,cruise,直连,13.714
T22,2351.353,cruise,直连,13.674
T22,2352.352,cruise,直连,13.635
T22,2353.352,cruise,直连,13.595
T22,2354.351,cruise,直连,13.556
T22,2355.351,cruise,直连,13.517
T22,2356.35,cruise,直连,13.477
T22,2357.35,cruise,直连,13.439
T22,2358.349,cruise,直连,13.4
T22,2359.349,cruise,直连,13.361
T22,2360.349,cruise,直连,13.323
T22,2361.348,cruise,直连,13.285
T22,2362.348,cruise,直连,13.247
T22,2363.347,cruise,直连,13.209
T22,2364.347,cruise,直连,13.171
T22,2365.346,cruise,直连,13.134
T22,2366.346,cruise,直连,13.096
T22,2367.345,cruise,直连,13.059
T22,2368.345,cruise,直连,13.022
T22,2369.344,cruise,直连,12.985
T22,2370.344,cruise,直连,12.948
T22,2371.343,cruise,直连,12.912
T22,2372.343,cruise,直连,12.875
T22,2373.343,cruise,直连,12.839
T22,2374.342,cruise,直连,12.803
T22,2375.342,cruise,直连,12.767
T22,2376.341,cruise,直连,12.731
T22,2377.341,cruise,直连,12.695
T22,2378.34,cruise,直连,12.66
T22,2379.34,cruise,直连,12.624
T22,2380.339,cruise,直连,12.589
T22,2381.339,cruise,直连,12.554
T22,2382.338,cruise,直连,12.519
T22,2383.338,cruise,直连,12.484
T22,2384.338,cruise,直连,12.449
T22,2385.337,cruise,直连,12.415
T22,2386.337,cruise,直连,12.38
T22,2387.336,cruise,直连,12.346
T22,2388.336,cruise,直连,12.312
T22,2389.335,cruise,直连,12.277
T22,2390.335,cruise,直连,12.244
T22,2391.334,cruise,直连,12.21
T22,2392.334,cruise,直连,12.176
T22,2393.333,cruise,直连,12.143
T22,2394.333,cruise,直连,12.109
T22,2395.333,cruise,直连,12.076
T22,2396.332,cruise,直连,12.043
T22,2397.332,cruise,直连,12.01
T22,2398.331,cruise,直连,11.977
T22,2399.331,cruise,直连,11.944
T22,2400.33,cruise,直连,11.911
T22,2401.33,cruise,直连,11.879
T22,2402.329,cruise,直连,11.846
T22,2403.329,cruise,直连,11.814
T22,2404.328,cruise,直连,11.782
T22,2405.328,cruise,直连,11.75
T22,2406.327,cruise,直连,11.718
T22,2407.327,cruise,直连,11.686
T22,2408.327,cruise,直连,11.654
T22,2409.326,cruise,直连,11.623
T22,2410.326,cruise,直连,11.591
T22,2411.325,cruise,直连,11.56
T22,2412.325,cruise,直连,11.528
T22,2413.324,cruise,直连,11.497
T22,2414.324,cruise,直连,11.466
T22,2415.323,cruise,直连,11.435
T22,2416.323,cruise,直连,11.404
T22,2417.322,cruise,直连,11.374
T22,2418.322,cruise,直连,11.343
T22,2419.322,cruise,直连,11.312
T22,2420.321,cruise,直连,11.282
T22,2421.321,cruise,直连,11.252
T22,2422.32,cruise,直连,11.222
T22,2423.32,cruise,直连,11.191
T22,2424.319,cruise,直连,11.161
T22,2425.319,cruise,直连,11.132
T22,2426.318,cruise,直连,11.102
T22,2427.318,cruise,直连,11.072
T22,2428.317,cruise,直连,11.042
T22,2429.317,cruise,直连,11.013
T22,2430.317,cruise,直连,10.984
T22,2431.316,cruise,直连,10.954
T22,2432.316,cruise,直连,10.925
T22,2433.315,cruise,直连,10.896
T22,2434.315,cruise,直连,10.867
T22,2435.314,cruise,直连,10.838
T22,2436.314,cruise,直连,10.809
T22,2437.313,cruise,直连,10.781
T22,2438.313,cruise,直连,10.752
T22,2439.312,cruise,直连,10.723
T22,2440.312,cruise,直连,10.695
T22,2441.312,cruise,直连,10.667
T22,2442.311,cruise,直连,10.638
T22,2443.311,cruise,直连,10.61
T22,2444.31,cruise,直连,10.582
T22,2445.31,cruise,直连,10.554
T22,2446.309,cruise,直连,10.526
T22,2447.309,cruise,直连,10.498
T22,2448.308,cruise,直连,10.471
T22,2449.308,cruise,直连,10.443
T22,2450.307,cruise,直连,10.416
T22,2451.307,cruise,直连,10.388
T22,2452.306,cruise,直连,10.361
T22,2453.306,cruise,直连,10.333
T22,2454.306,cruise,直连,10.306
T22,2455.305,cruise,直连,10.279
T22,2456.305,cruise,直连,10.252
T22,2457.304,cruise,直连,10.225
T22,2458.304,cruise,直连,10.198
T22,2459.303,cruise,直连,10.171
T22,2460.303,cruise,直连,10.145
T22,2461.302,cruise,直连,10.118
T22,2462.302,cruise,直连,0.092
T22,2463.301,cruise,直连,0.065
T22,2464.301,cruise,直连,0.039
T22,2465.301,cruise,直连,10.012
T22,2466.3,cruise,中继,7.303
T22,2467.3,cruise,中继,7.313
T22,2468.299,cruise,中继,7.322
T22,2469.299,cruise,中继,7.331
T22,2470.298,cruise,中继,7.34
T22,2471.298,cruise,中继,7.349
T22,2472.297,cruise,中继,7.358
T22,2473.297,cruise,中继,7.367
T22,2474.296,cruise,中继,7.375
T22,2475.296,cruise,中继,7.384
T22,2476.296,cruise,中继,7.392
T22,2477.295,cruise,中继,7.4
T22,2478.295,cruise,中继,7.408
T22,2479.294,cruise,中继,7.416
T22,2480.294,cruise,中继,7.423
T22,2481.293,cruise,中继,7.43
T22,2482.293,cruise,中继,7.438
T22,2483.292,cruise,中继,7.445
T22,2484.292,cruise,中继,7.452
T22,2485.291,cruise,中继,7.458
T22,2486.291,cruise,中继,7.465
T22,2487.29,cruise,中继,7.471
T22,2488.29,cruise,中继,7.478
T22,2489.29,cruise,中继,7.484
T22,2490.289,cruise,中继,7.49
T22,2491.289,cruise,中继,7.495
T22,2492.288,cruise,中继,7.501
T22,2493.288,cruise,中继,7.506
T22,2494.287,cruise,中继,7.511
T22,2495.287,cruise,中继,7.516
T22,2496.286,cruise,中继,7.521
T22,2497.286,cruise,中继,7.526
T22,2498.285,cruise,中继,7.531
T22,2499.285,cruise,中继,7.535
T22,2500.285,cruise,中继,7.539
T22,2501.284,cruise,中继,7.543
T22,2502.284,cruise,中继,7.547
T22,2503.283,cruise,中继,7.55
T22,2504.283,cruise,中继,7.554
T22,2505.282,cruise,中继,7.557
T22,2506.282,cruise,中继,7.56
T22,2507.281,cruise,中继,7.563
T22,2508.281,cruise,中继,7.566
T22,2509.28,cruise,中继,7.568
T22,2510.28,cruise,中继,7.571
T22,2511.28,cruise,中继,7.573
T22,2512.279,cruise,中继,7.575
T22,2513.279,cruise,中继,7.577
T22,2514.278,cruise,中继,7.578
T22,2515.278,cruise,中继,7.58
T22,2515.278,descent,中继,7.58
T22,2516.272,descent,中继,7.579
T22,2517.265,descent,中继,7.578
T22,2518.259,descent,中继,7.577
T22,2519.253,descent,中继,7.576
T22,2520.247,descent,中继,7.575
T22,2521.241,descent,中继,7.574
T22,2522.235,descent,中继,7.572
T22,2523.229,descent,中继,7.571
T22,2524.223,descent,中继,7.57
T22,2525.216,descent,中继,7.569
T22,2526.21,descent,中继,7.568
T22,2527.204,descent,中继,7.567
T22,2528.198,descent,中继,7.566
T22,2529.192,descent,中继,7.565
T22,2530.186,descent,中继,7.563
T22,2531.18,descent,中继,7.562
T22,2532.174,descent,中继,7.561
T22,2533.168,descent,中继,7.56
T22,2534.161,descent,中继,7.559
T22,2535.155,descent,中继,7.558
T22,2536.149,descent,中继,7.556
T22,2537.143,descent,中继,7.555
T22,2538.137,descent,中继,7.554
T22,2539.131,descent,中继,7.553
T22,2540.125,descent,中继,7.551
T22,2541.119,descent,中继,7.55
T22,2542.112,descent,中继,7.549
T22,2543.106,descent,中继,7.548
T22,2544.1,descent,中继,7.546
T22,2545.094,descent,中继,7.545
T22,2546.088,descent,中继,7.544
T22,2547.082,descent,中继,7.543
T22,2548.076,descent,中继,7.541
T22,2549.07,descent,中继,7.54
T22,2550.063,descent,中继,7.539
T22,2551.057,descent,中继,7.537
T22,2552.051,descent,中继,7.536
T22,2553.045,descent,中继,7.535
T22,2554.039,descent,中继,7.534
T22,2555.033,descent,中继,7.532
T22,2556.027,descent,中继,7.531
T22,2557.021,descent,中继,7.529
T22,2558.014,descent,中继,7.528
T22,2559.008,descent,中继,7.527
T22,2560.002,descent,中继,7.525
T22,2560.996,descent,中继,7.524
T22,2561.99,descent,中继,7.523
T22,2562.984,descent,中继,7.521
T22,2563.978,descent,中继,7.52
T22,2564.972,descent,中继,7.518
T22,2565.965,descent,中继,7.517
T22,2566.959,descent,中继,7.516
T22,2567.953,descent,中继,7.514
T22,2568.947,descent,中继,7.513
T22,2569.941,descent,中继,7.511
T22,2570.935,descent,中继,7.51
T22,2571.929,descent,中继,7.508
T22,2572.923,descent,中继,7.507
T22,2573.917,descent,中继,7.505
T22,2574.91,descent,中继,7.504
T22,2575.904,descent,中继,7.502
T22,2576.898,descent,中继,7.501
T22,2576.898,handover,中继,7.501
T22,2786.898,handover,中继,7.501
T22,2786.898,climb,中继,7.501
T22,2787.886,climb,中继,7.503
T22,2788.873,climb,中继,7.504
T22,2789.861,climb,中继,7.506
T22,2790.848,climb,中继,7.508
T22,2791.836,climb,中继,7.51
T22,2792.823,climb,中继,7.511
T22,2793.811,climb,中继,7.513
T22,2794.798,climb,中继,7.515
T22,2795.786,climb,中继,7.517
T22,2796.773,climb,中继,7.518
T22,2797.761,climb,中继,7.52
T22,2798.748,climb,中继,7.522
T22,2799.736,climb,中继,7.523
T22,2800.723,climb,中继,7.525
T22,2801.711,climb,中继,7.527
T22,2802.698,climb,中继,7.528
T22,2803.686,climb,中继,7.53
T22,2804.673,climb,中继,7.531
T22,2805.661,climb,中继,7.533
T22,2806.648,climb,中继,7.535
T22,2807.636,climb,中继,7.536
T22,2808.623,climb,中继,7.538
T22,2809.611,climb,中继,7.539
T22,2810.598,climb,中继,7.541
T22,2811.586,climb,中继,7.542
T22,2812.573,climb,中继,7.544
T22,2813.561,climb,中继,7.545
T22,2814.548,climb,中继,7.547
T22,2815.536,climb,中继,7.548
T22,2816.523,climb,中继,7.55
T22,2817.511,climb,中继,7.551
T22,2818.498,climb,中继,7.553
T22,2819.486,climb,中继,7.554
T22,2820.473,climb,中继,7.556
T22,2821.461,climb,中继,7.557
T22,2822.448,climb,中继,7.559
T22,2823.436,climb,中继,7.56
T22,2824.423,climb,中继,7.561
T22,2825.411,climb,中继,7.563
T22,2826.398,climb,中继,7.564
T22,2827.386,climb,中继,7.566
T22,2828.373,climb,中继,7.567
T22,2829.361,climb,中继,7.568
T22,2830.348,climb,中继,7.57
T22,2831.336,climb,中继,7.571
T22,2832.323,climb,中继,7.572
T22,2833.311,climb,中继,7.574
T22,2834.298,climb,中继,7.575
T22,2835.286,climb,中继,7.576
T22,2836.273,climb,中继,7.577
T22,2837.261,climb,中继,7.579
T22,2838.249,climb,中继,7.58
T22,2838.249,cruise,中继,7.58
T22,2839.248,cruise,中继,7.578
T22,2840.248,cruise,中继,7.577
T22,2841.247,cruise,中继,7.575
T22,2842.247,cruise,中继,7.573
T22,2843.246,cruise,中继,7.571
T22,2844.246,cruise,中继,7.568
T22,2845.245,cruise,中继,7.566
T22,2846.245,cruise,中继,7.563
T22,2847.244,cruise,中继,7.56
T22,2848.244,cruise,中继,7.557
T22,2849.243,cruise,中继,7.554
T22,2850.243,cruise,中继,7.55
T22,2851.243,cruise,中继,7.547
T22,2852.242,cruise,中继,7.543
T22,2853.242,cruise,中继,7.539
T22,2854.241,cruise,中继,7.535
T22,2855.241,cruise,中继,7.531
T22,2856.24,cruise,中继,7.526
T22,2857.24,cruise,中继,7.521
T22,2858.239,cruise,中继,7.516
T22,2859.239,cruise,中继,7.511
T22,2860.238,cruise,中继,7.506
T22,2861.238,cruise,中继,7.501
T22,2862.238,cruise,中继,7.495
T22,2863.237,cruise,中继,7.49
T22,2864.237,cruise,中继,7.484
T22,2865.236,cruise,中继,7.478
T22,2866.236,cruise,中继,7.471
T22,2867.235,cruise,中继,7.465
T22,2868.235,cruise,中继,7.458
T22,2869.234,cruise,中继,7.452
T22,2870.234,cruise,中继,7.445
T22,2871.233,cruise,中继,7.438
T22,2872.233,cruise,中继,7.43
T22,2873.233,cruise,中继,7.423
T22,2874.232,cruise,中继,7.416
T22,2875.232,cruise,中继,7.408
T22,2876.231,cruise,中继,7.4
T22,2877.231,cruise,中继,7.392
T22,2878.23,cruise,中继,7.384
T22,2879.23,cruise,中继,7.375
T22,2880.229,cruise,中继,7.367
T22,2881.229,cruise,中继,7.358
T22,2882.228,cruise,中继,7.349
T22,2883.228,cruise,中继,7.34
T22,2884.227,cruise,中继,7.331
T22,2885.227,cruise,中继,7.322
T22,2886.227,cruise,中继,7.313
T22,2887.226,cruise,中继,7.303
T22,2888.226,cruise,直连,10.012
T22,2889.225,cruise,直连,0.039
T22,2890.225,cruise,直连,0.065
T22,2891.224,cruise,直连,0.092
T22,2892.224,cruise,直连,10.118
T22,2893.223,cruise,直连,10.145
T22,2894.223,cruise,直连,10.171
T22,2895.222,cruise,直连,10.198
T22,2896.222,cruise,直连,10.225
T22,2897.222,cruise,直连,10.252
T22,2898.221,cruise,直连,10.279
T22,2899.221,cruise,直连,10.306
T22,2900.22,cruise,直连,10.333
T22,2901.22,cruise,直连,10.361
T22,2902.219,cruise,直连,10.388
T22,2903.219,cruise,直连,10.416
T22,2904.218,cruise,直连,10.443
T22,2905.218,cruise,直连,10.471
T22,2906.217,cruise,直连,10.498
T22,2907.217,cruise,直连,10.526
T22,2908.217,cruise,直连,10.554
T22,2909.216,cruise,直连,10.582
T22,2910.216,cruise,直连,10.61
T22,2911.215,cruise,直连,10.638
T22,2912.215,cruise,直连,10.667
T22,2913.214,cruise,直连,10.695
T22,2914.214,cruise,直连,10.723
T22,2915.213,cruise,直连,10.752
T22,2916.213,cruise,直连,10.781
T22,2917.212,cruise,直连,10.809
T22,2918.212,cruise,直连,10.838
T22,2919.212,cruise,直连,10.867
T22,2920.211,cruise,直连,10.896
T22,2921.211,cruise,直连,10.925
T22,2922.21,cruise,直连,10.954
T22,2923.21,cruise,直连,10.984
T22,2924.209,cruise,直连,11.013
T22,2925.209,cruise,直连,11.042
T22,2926.208,cruise,直连,11.072
T22,2927.208,cruise,直连,11.102
T22,2928.207,cruise,直连,11.132
T22,2929.207,cruise,直连,11.161
T22,2930.206,cruise,直连,11.191
T22,2931.206,cruise,直连,11.222
T22,2932.206,cruise,直连,11.252
T22,2933.205,cruise,直连,11.282
T22,2934.205,cruise,直连,11.312
T22,2935.204,cruise,直连,11.343
T22,2936.204,cruise,直连,11.374
T22,2937.203,cruise,直连,11.404
T22,2938.203,cruise,直连,11.435
T22,2939.202,cruise,直连,11.466
T22,2940.202,cruise,直连,11.497
T22,2941.201,cruise,直连,11.528
T22,2942.201,cruise,直连,11.56
T22,2943.201,cruise,直连,11.591
T22,2944.2,cruise,直连,11.623
T22,2945.2,cruise,直连,11.654
T22,2946.199,cruise,直连,11.686
T22,2947.199,cruise,直连,11.718
T22,2948.198,cruise,直连,11.75
T22,2949.198,cruise,直连,11.782
T22,2950.197,cruise,直连,11.814
T22,2951.197,cruise,直连,11.846
T22,2952.196,cruise,直连,11.879
T22,2953.196,cruise,直连,11.911
T22,2954.196,cruise,直连,11.944
T22,2955.195,cruise,直连,11.977
T22,2956.195,cruise,直连,12.01
T22,2957.194,cruise,直连,12.043
T22,2958.194,cruise,直连,12.076
T22,2959.193,cruise,直连,12.109
T22,2960.193,cruise,直连,12.143
T22,2961.192,cruise,直连,12.176
T22,2962.192,cruise,直连,12.21
T22,2963.191,cruise,直连,12.244
T22,2964.191,cruise,直连,12.277
T22,2965.19,cruise,直连,12.312
T22,2966.19,cruise,直连,12.346
T22,2967.19,cruise,直连,12.38
T22,2968.189,cruise,直连,12.415
T22,2969.189,cruise,直连,12.449
T22,2970.188,cruise,直连,12.484
T22,2971.188,cruise,直连,12.519
T22,2972.187,cruise,直连,12.554
T22,2973.187,cruise,直连,12.589
T22,2974.186,cruise,直连,12.624
T22,2975.186,cruise,直连,12.66
T22,2976.185,cruise,直连,12.695
T22,2977.185,cruise,直连,12.731
T22,2978.185,cruise,直连,12.767
T22,2979.184,cruise,直连,12.803
T22,2980.184,cruise,直连,12.839
T22,2981.183,cruise,直连,12.875
T22,2982.183,cruise,直连,12.912
T22,2983.182,cruise,直连,12.948
T22,2984.182,cruise,直连,12.985
T22,2985.181,cruise,直连,13.022
T22,2986.181,cruise,直连,13.059
T22,2987.18,cruise,直连,13.096
T22,2988.18,cruise,直连,13.134
T22,2989.18,cruise,直连,13.171
T22,2990.179,cruise,直连,13.209
T22,2991.179,cruise,直连,13.247
T22,2992.178,cruise,直连,13.285
T22,2993.178,cruise,直连,13.323
T22,2994.177,cruise,直连,13.361
T22,2995.177,cruise,直连,13.4
T22,2996.176,cruise,直连,13.439
T22,2997.176,cruise,直连,13.477
T22,2998.175,cruise,直连,13.517
T22,2999.175,cruise,直连,13.556
T22,3000.175,cruise,直连,13.595
T22,3001.174,cruise,直连,13.635
T22,3002.174,cruise,直连,13.674
T22,3003.173,cruise,直连,13.714
T22,3004.173,cruise,直连,13.754
T22,3005.172,cruise,直连,13.795
T22,3006.172,cruise,直连,13.835
T22,3007.171,cruise,直连,13.876
T22,3008.171,cruise,直连,13.917
T22,3009.17,cruise,直连,13.958
T22,3010.17,cruise,直连,13.999
T22,3011.169,cruise,直连,14.04
T22,3012.169,cruise,直连,14.082
T22,3013.169,cruise,直连,14.124
T22,3014.168,cruise,直连,14.166
T22,3015.168,cruise,直连,14.208
T22,3016.167,cruise,直连,14.25
T22,3017.167,cruise,直连,14.293
T22,3018.166,cruise,直连,14.336
T22,3019.166,cruise,直连,14.379
T22,3020.165,cruise,直连,14.422
T22,3021.165,cruise,直连,14.465
T22,3022.164,cruise,直连,14.509
T22,3023.164,cruise,直连,14.553
T22,3024.164,cruise,直连,14.597
T22,3025.163,cruise,直连,14.641
T22,3026.163,cruise,直连,14.686
T22,3027.162,cruise,直连,14.731
T22,3028.162,cruise,直连,14.775
T22,3029.161,cruise,直连,14.821
T22,3030.161,cruise,直连,14.866
T22,3031.16,cruise,直连,14.912
T22,3032.16,cruise,直连,14.958
T22,3033.159,cruise,直连,15.004
T22,3034.159,cruise,直连,15.05
T22,3035.159,cruise,直连,15.097
T22,3036.158,cruise,直连,15.144
T22,3037.158,cruise,直连,15.191
T22,3038.157,cruise,直连,15.238
T22,3039.157,cruise,直连,15.286
T22,3040.156,cruise,直连,15.334
T22,3041.156,cruise,直连,15.382
T22,3042.155,cruise,直连,15.43
T22,3043.155,cruise,直连,15.479
T22,3044.154,cruise,直连,15.528
T22,3045.154,cruise,直连,15.577
T22,3046.153,cruise,直连,15.626
T22,3047.153,cruise,直连,15.676
T22,3048.153,cruise,直连,15.726
T22,3049.152,cruise,直连,15.776
T22,3050.152,cruise,直连,15.827
T22,3051.151,cruise,直连,15.878
T22,3052.151,cruise,直连,15.929
T22,3053.15,cruise,直连,15.98
T22,3054.15,cruise,直连,16.032
T22,3055.149,cruise,直连,16.084
T22,3056.149,cruise,直连,16.136
T22,3057.148,cruise,直连,16.189
T22,3058.148,cruise,直连,16.242
T22,3059.148,cruise,直连,16.295
T22,3060.147,cruise,直连,16.349
T22,3061.147,cruise,直连,16.403
T22,3062.146,cruise,直连,16.457
T22,3063.146,cruise,直连,16.512
T22,3064.145,cruise,直连,16.566
T22,3065.145,cruise,直连,16.622
T22,3066.144,cruise,直连,16.677
T22,3067.144,cruise,直连,16.733
T22,3068.143,cruise,直连,16.789
T22,3069.143,cruise,直连,16.846
T22,3070.143,cruise,直连,16.903
T22,3071.142,cruise,直连,16.96
T22,3072.142,cruise,直连,17.018
T22,3073.141,cruise,直连,17.076
T22,3074.141,cruise,直连,17.135
T22,3075.14,cruise,直连,17.193
T22,3076.14,cruise,直连,17.253
T22,3077.139,cruise,直连,17.312
T22,3078.139,cruise,直连,17.372
T22,3079.138,cruise,直连,17.432
T22,3080.138,cruise,直连,17.493
T22,3081.138,cruise,直连,17.554
T22,3082.137,cruise,直连,17.616
T22,3083.137,cruise,直连,17.678
T22,3084.136,cruise,直连,17.741
T22,3085.136,cruise,直连,17.803
T22,3086.135,cruise,直连,17.867
T22,3087.135,cruise,直连,17.93
T22,3088.134,cruise,直连,17.995
T22,3089.134,cruise,直连,18.059
T22,3090.133,cruise,直连,18.124
T22,3091.133,cruise,直连,18.19
T22,3092.132,cruise,直连,18.256
T22,3093.132,cruise,直连,18.322
T22,3094.132,cruise,直连,18.389
T22,3095.131,cruise,直连,18.457
T22,3096.131,cruise,直连,18.525
T22,3097.13,cruise,直连,18.593
T22,3098.13,cruise,直连,18.662
T22,3099.129,cruise,直连,18.732
T22,3100.129,cruise,直连,18.802
T22,3101.128,cruise,直连,18.873
T22,3102.128,cruise,直连,18.944
T22,3103.127,cruise,直连,19.015
T22,3104.127,cruise,直连,19.088
T22,3105.127,cruise,直连,19.16
T22,3106.126,cruise,直连,19.234
T22,3107.126,cruise,直连,19.308
T22,3108.125,cruise,直连,19.382
T22,3109.125,cruise,直连,19.457
T22,3110.124,cruise,直连,19.533
T22,3111.124,cruise,直连,19.609
T22,3112.123,cruise,直连,19.686
T22,3113.123,cruise,直连,19.764
T22,3114.122,cruise,直连,19.842
T22,3115.122,cruise,直连,19.921
T22,3116.122,cruise,直连,20.0
T22,3117.121,cruise,直连,20.081
T22,3118.121,cruise,直连,20.162
T22,3119.12,cruise,直连,20.243
T22,3120.12,cruise,直连,20.325
T22,3121.119,cruise,直连,20.408
T22,3122.119,cruise,直连,20.492
T22,3123.118,cruise,直连,20.577
T22,3124.118,cruise,直连,20.662
T22,3125.117,cruise,直连,20.748
T22,3126.117,cruise,直连,20.834
T22,3127.116,cruise,直连,20.922
T22,3128.116,cruise,直连,21.01
T22,3129.116,cruise,直连,21.099
T22,3130.115,cruise,直连,21.189
T22,3131.115,cruise,直连,21.28
T22,3132.114,cruise,直连,21.371
T22,3133.114,cruise,直连,21.464
T22,3134.113,cruise,直连,21.557
T22,3135.113,cruise,直连,21.651
T22,3136.112,cruise,直连,21.746
T22,3137.112,cruise,直连,21.842
T22,3138.111,cruise,直连,21.939
T22,3139.111,cruise,直连,22.037
T22,3140.111,cruise,直连,22.136
T22,3141.11,cruise,直连,22.236
T22,3142.11,cruise,直连,22.336
T22,3143.109,cruise,直连,22.438
T22,3144.109,cruise,直连,22.541
T22,3145.108,cruise,直连,22.644
T22,3146.108,cruise,直连,22.749
T22,3147.107,cruise,直连,22.855
T22,3148.107,cruise,直连,22.962
T22,3149.106,cruise,直连,23.07
T22,3150.106,cruise,直连,23.179
T22,3151.106,cruise,直连,23.289
T22,3152.105,cruise,直连,23.4
T22,3153.105,cruise,直连,23.513
T22,3154.104,cruise,直连,23.626
T22,3155.104,cruise,直连,23.741
T22,3156.103,cruise,直连,23.857
T22,3157.103,cruise,直连,23.974
T22,3158.102,cruise,直连,24.092
T22,3159.102,cruise,直连,24.212
T22,3160.101,cruise,直连,24.332
T22,3161.101,cruise,直连,24.454
T22,3162.101,cruise,直连,24.577
T22,3163.1,cruise,直连,24.702
T22,3164.1,cruise,直连,24.827
T22,3165.099,cruise,直连,24.954
T22,3166.099,cruise,直连,25.082
T22,3167.098,cruise,直连,25.211
T22,3168.098,cruise,直连,25.342
T22,3169.097,cruise,直连,25.474
T22,3170.097,cruise,直连,25.607
T22,3171.096,cruise,直连,25.741
T22,3172.096,cruise,直连,25.876
T22,3173.095,cruise,直连,26.013
T22,3174.095,cruise,直连,26.15
T22,3175.095,cruise,直连,26.289
T22,3176.094,cruise,直连,26.429
T22,3177.094,cruise,直连,26.57
T22,3178.093,cruise,直连,26.712
T22,3179.093,cruise,直连,26.855
T22,3180.092,cruise,直连,26.998
T22,3181.092,cruise,直连,27.143
T22,3182.091,cruise,直连,27.288
T22,3183.091,cruise,直连,27.433
T22,3184.09,cruise,直连,27.58
T22,3185.09,cruise,直连,27.726
T22,3186.09,cruise,直连,27.873
T22,3187.089,cruise,直连,28.02
T22,3188.089,cruise,直连,28.166
T22,3189.088,cruise,直连,28.313
T22,3190.088,cruise,直连,28.459
T22,3191.087,cruise,直连,28.604
T22,3192.087,cruise,直连,28.748
T22,3193.086,cruise,直连,28.891
T22,3194.086,cruise,直连,29.033
T22,3195.085,cruise,直连,29.172
T22,3196.085,cruise,直连,29.31
T22,3197.085,cruise,直连,29.445
T22,3198.084,cruise,直连,29.577
T22,3199.084,cruise,直连,29.705
T22,3200.083,cruise,直连,29.83
T22,3201.083,cruise,直连,29.951
T22,3202.082,cruise,直连,30.067
T22,3203.082,cruise,直连,30.178
T22,3204.081,cruise,直连,30.283
T22,3205.081,cruise,直连,30.382
T22,3206.08,cruise,直连,30.475
T22,3207.08,cruise,直连,30.56
T22,3208.079,cruise,直连,30.638
T22,3209.079,cruise,直连,30.708
T22,3210.079,cruise,直连,30.77
T22,3211.078,cruise,直连,30.822
T22,3212.078,cruise,直连,30.866
T22,3213.077,cruise,直连,30.9
T22,3214.077,cruise,直连,30.925
T22,3215.076,cruise,直连,30.94
T22,3216.076,cruise,直连,30.945
T22,3216.076,descent,直连,30.945
T22,3217.075,descent,直连,31.006
T22,3218.075,descent,直连,31.068
T22,3219.075,descent,直连,31.13
T22,3220.074,descent,直连,31.193
T22,3221.074,descent,直连,31.256
T22,3222.073,descent,直连,31.32
T22,3223.073,descent,直连,31.384
T22,3224.073,descent,直连,31.449
T22,3225.072,descent,直连,31.514
T22,3226.072,descent,直连,31.579
T22,3227.071,descent,直连,31.645
T22,3228.071,descent,直连,31.712
T22,3229.071,descent,直连,31.779
T22,3230.07,descent,直连,31.846
T22,3231.07,descent,直连,31.915
T22,3232.069,descent,直连,31.983
T22,3233.069,descent,直连,32.052
T22,3234.069,descent,直连,32.122
T22,3235.068,descent,直连,32.193
T22,3236.068,descent,直连,32.263
T22,3237.068,descent,直连,32.335
T22,3238.067,descent,直连,32.407
T22,3239.067,descent,直连,32.48
T22,3240.066,descent,直连,32.553
T22,3241.066,descent,直连,32.627
T22,3242.066,descent,直连,32.702
T22,3243.065,descent,直连,32.777
T22,3244.065,descent,直连,32.853
T22,3245.064,descent,直连,32.929
T22,3246.064,descent,直连,33.006
T22,3247.064,descent,直连,33.084
T22,3248.063,descent,直连,33.163
T22,3249.063,descent,直连,33.242
T22,3250.062,descent,直连,33.322
T22,3251.062,descent,直连,33.403
T22,3252.062,descent,直连,33.485
T22,3253.061,descent,直连,33.567
T22,3254.061,descent,直连,33.65
T22,3255.06,descent,直连,33.734
T22,3256.06,descent,直连,33.819
T22,3257.06,descent,直连,33.904
T22,3258.059,descent,直连,33.991
T22,3259.059,descent,直连,34.078
T22,3260.058,descent,直连,34.166
T22,3261.058,descent,直连,34.255
T22,3262.058,descent,直连,34.345
T22,3263.057,descent,直连,34.436
T22,3264.057,descent,直连,34.528
T22,3265.056,descent,直连,34.621
T22,3266.056,descent,直连,34.715
T22,3267.056,descent,直连,34.81
T22,3268.055,descent,直连,34.906
T22,3269.055,descent,直连,35.003
T22,3270.054,descent,直连,35.101
T22,3271.054,descent,直连,35.2
T22,3272.054,descent,直连,35.301
T22,3273.053,descent,直连,35.402
T22,3274.053,descent,直连,35.505
T22,3275.052,descent,直连,35.609
T22,3276.052,descent,直连,35.714
T22,3277.052,descent,直连,35.821
T22,3278.051,descent,直连,35.929
T22,3279.051,descent,直连,36.038
T22,3280.05,descent,直连,36.149
T22,3281.05,descent,直连,36.261
T22,3282.05,descent,直连,36.375
T22,3283.049,descent,直连,36.49
T22,3284.049,descent,直连,36.606
T22,3285.048,descent,直连,36.724
T22,3286.048,descent,直连,36.844
T22,3287.048,descent,直连,36.966
T22,3288.047,descent,直连,37.089
T22,3289.047,descent,直连,37.214
T22,3290.046,descent,直连,37.341
T22,3291.046,descent,直连,37.469
T22,3292.046,descent,直连,37.6
T22,3293.045,descent,直连,37.733
T22,3294.045,descent,直连,37.867
T22,3295.044,descent,直连,38.004
T22,3296.044,descent,直连,38.143
T22,3297.044,descent,直连,38.284
T22,3298.043,descent,直连,38.428
T22,3299.043,descent,直连,38.574
T22,3300.042,descent,直连,38.722
T22,3301.042,descent,直连,38.873
T22,3302.042,descent,直连,39.027
T22,3303.041,descent,直连,39.184
T22,3304.041,descent,直连,39.343
T22,3305.041,descent,直连,39.505
T22,3306.04,descent,直连,39.671
T22,3307.04,descent,直连,39.84
T22,3308.039,descent,直连,40.012
T22,3309.039,descent,直连,40.187
T22,3310.039,descent,直连,40.366
T22,3311.038,descent,直连,40.549
T22,3312.038,descent,直连,40.736
T22,3313.037,descent,直连,40.927
T22,3314.037,descent,直连,41.122
T22,3315.037,descent,直连,41.322
T22,3316.036,descent,直连,41.526
T22,3317.036,descent,直连,41.735
T22,3318.035,descent,直连,41.95
T22,3319.035,descent,直连,42.17
T22,3320.035,descent,直连,42.395
T22,3321.034,descent,直连,42.627
T22,3322.034,descent,直连,42.865
T22,3323.033,descent,直连,43.11
T22,3324.033,descent,直连,43.362
T22,3325.033,descent,直连,43.621
T22,3326.032,descent,直连,43.888
T22,3327.032,descent,直连,44.164
T22,3328.031,descent,直连,44.449
T22,3329.031,descent,直连,44.743
T22,3330.031,descent,直连,45.048
T22,3331.03,descent,直连,45.364
T22,3332.03,descent,直连,45.692
T22,3333.029,descent,直连,46.033
T22,3334.029,descent,直连,46.387
T22,3335.029,descent,直连,46.757
T22,3336.028,descent,直连,47.143
T22,3337.028,descent,直连,47.547
T22,3338.027,descent,直连,47.971
T22,3339.027,descent,直连,48.417
T22,3340.027,descent,直连,48.887
T22,3341.026,descent,直连,49.383
T22,3342.026,descent,直连,49.91
T22,3343.025,descent,直连,50.47
T22,3344.025,descent,直连,51.07
T22,3345.025,descent,直连,51.714
T22,3346.024,descent,直连,52.409
T22,3347.024,descent,直连,53.165
T22,3348.023,descent,直连,53.993
T22,3349.023,descent,直连,54.909
T22,3350.023,descent,直连,55.932
T22,3351.022,descent,直连,57.092
T22,3352.022,descent,直连,58.432
T22,3353.021,descent,直连,60.017
T22,3354.021,descent,直连,61.956
T22,3355.021,descent,直连,64.457
T22,3356.02,descent,直连,67.984
T22,3357.02,descent,直连,74.018
T22,3358.019,descent,直连,123.948
T22,3359.019,descent,直连,73.963
T22,3360.019,descent,直连,67.956
T22,3361.018,descent,直连,64.439
T22,3362.018,descent,直连,61.942
T22,3363.017,descent,直连,60.006
T22,3364.017,descent,直连,58.423
T22,3365.017,descent,直连,57.085
T22,3366.016,descent,直连,45.925
T23,1962.7,climb,直连,45.925
T23,1963.7,climb,直连,57.336
T23,1964.699,climb,直连,59.022
T23,1965.699,climb,直连,61.115
T23,1966.698,climb,直连,63.879
T23,1967.698,climb,直连,67.956
T23,1968.698,climb,直连,75.894
T23,1969.697,climb,直连,82.019
T23,1970.697,climb,直连,69.925
T23,1971.696,climb,直连,65.057
T23,1972.696,climb,直连,61.956
T23,1973.696,climb,直连,59.676
T23,1974.695,climb,直连,57.871
T23,1975.695,climb,直连,56.378
T23,1976.694,climb,直连,55.104
T23,1977.694,climb,直连,53.993
T23,1978.694,climb,直连,53.009
T23,1979.693,climb,直连,52.124
T23,1980.693,climb,直连,51.322
T23,1981.692,climb,直连,50.587
T23,1982.692,climb,直连,49.91
T23,1983.692,climb,直连,49.281
T23,1984.691,climb,直连,48.696
T23,1985.691,climb,直连,48.147
T23,1986.69,climb,直连,47.63
T23,1987.69,climb,直连,47.143
T23,1988.69,climb,直连,46.682
T23,1989.689,climb,直连,46.244
T23,1990.689,climb,直连,45.827
T23,1991.688,climb,直连,45.429
T23,1992.688,climb,直连,45.048
T23,1993.688,climb,直连,44.684
T23,1994.687,climb,直连,44.334
T23,1995.687,climb,直连,43.998
T23,1996.686,climb,直连,43.674
T23,1997.686,climb,直连,43.362
T23,1998.686,climb,直连,43.06
T23,1999.685,climb,直连,42.769
T23,2000.685,climb,直连,42.487
T23,2001.685,climb,直连,42.215
T23,2002.684,climb,直连,41.95
T23,2003.684,climb,直连,41.693
T23,2004.683,climb,直连,41.444
T23,2005.683,climb,直连,41.201
T23,2006.683,climb,直连,40.965
T23,2007.682,climb,直连,40.736
T23,2008.682,climb,直连,40.512
T23,2009.681,climb,直连,40.294
T23,2010.681,climb,直连,40.081
T23,2011.681,climb,直连,39.874
T23,2012.68,climb,直连,39.671
T23,2013.68,climb,直连,39.473
T23,2014.679,climb,直连,39.279
T23,2015.679,climb,直连,39.089
T23,2016.679,climb,直连,38.904
T23,2017.678,climb,直连,38.722
T23,2018.678,climb,直连,38.544
T23,2019.677,climb,直连,38.37
T23,2020.677,climb,直连,38.199
T23,2021.677,climb,直连,38.032
T23,2022.676,climb,直连,37.867
T23,2023.676,climb,直连,37.706
T23,2024.675,climb,直连,37.547
T23,2025.675,climb,直连,37.392
T23,2026.675,climb,直连,37.239
T23,2027.674,climb,直连,37.089
T23,2028.674,climb,直连,36.941
T23,2029.673,climb,直连,36.796
T23,2030.673,climb,直连,36.653
T23,2031.673,climb,直连,36.513
T23,2032.672,climb,直连,36.375
T23,2033.672,climb,直连,36.238
T23,2034.671,climb,直连,36.104
T23,2035.671,climb,直连,35.973
T23,2036.671,climb,直连,35.843
T23,2037.67,climb,直连,35.714
T23,2038.67,climb,直连,35.588
T23,2039.669,climb,直连,35.464
T23,2040.669,climb,直连,35.341
T23,2041.669,climb,直连,35.22
T23,2042.668,climb,直连,35.101
T23,2043.668,climb,直连,34.983
T23,2044.667,climb,直连,34.867
T23,2045.667,climb,直连,34.753
T23,2046.667,climb,直连,34.64
T23,2047.666,climb,直连,34.528
T23,2048.666,climb,直连,34.418
T23,2049.665,climb,直连,34.309
T23,2050.665,climb,直连,34.202
T23,2051.665,climb,直连,34.096
T23,2052.664,climb,直连,33.991
T23,2053.664,climb,直连,33.887
T23,2054.663,climb,直连,33.785
T23,2055.663,climb,直连,33.683
T23,2056.663,climb,直连,33.583
T23,2057.662,climb,直连,33.485
T23,2058.662,climb,直连,33.387
T23,2059.661,climb,直连,33.29
T23,2060.661,climb,直连,33.194
T23,2061.661,climb,直连,33.1
T23,2062.66,climb,直连,33.006
T23,2063.66,climb,直连,32.914
T23,2064.659,climb,直连,32.822
T23,2065.659,climb,直连,32.732
T23,2066.659,climb,直连,32.642
T23,2067.658,climb,直连,32.553
T23,2068.658,climb,直连,32.465
T23,2069.658,climb,直连,32.378
T23,2070.657,climb,直连,32.292
T23,2071.657,climb,直连,32.207
T23,2072.656,climb,直连,32.122
T23,2073.656,climb,直连,32.039
T23,2074.656,climb,直连,31.956
T23,2075.655,climb,直连,31.874
T23,2076.655,climb,直连,31.792
T23,2077.654,climb,直连,31.712
T23,2078.654,climb,直连,31.632
T23,2079.654,climb,直连,31.553
T23,2080.653,climb,直连,31.475
T23,2081.653,climb,直连,31.397
T23,2082.652,climb,直连,31.32
T23,2083.652,climb,直连,31.244
T23,2084.652,climb,直连,31.168
T23,2085.651,climb,直连,31.093
T23,2086.651,climb,直连,31.019
T23,2087.65,climb,直连,30.945
T23,2087.65,cruise,直连,30.945
T23,2088.65,cruise,直连,30.94
T23,2089.649,cruise,直连,30.925
T23,2090.649,cruise,直连,30.9
T23,2091.649,cruise,直连,30.866
T23,2092.648,cruise,直连,30.822
T23,2093.648,cruise,直连,30.77
T23,2094.647,cruise,直连,30.708
T23,2095.647,cruise,直连,30.638
T23,2096.646,cruise,直连,30.56
T23,2097.646,cruise,直连,30.475
T23,2098.645,cruise,直连,30.382
T23,2099.645,cruise,直连,30.283
T23,2100.644,cruise,直连,30.178
T23,2101.644,cruise,直连,30.067
T23,2102.644,cruise,直连,29.951
T23,2103.643,cruise,直连,29.83
T23,2104.643,cruise,直连,29.705
T23,2105.642,cruise,直连,29.577
T23,2106.642,cruise,直连,29.445
T23,2107.641,cruise,直连,29.31
T23,2108.641,cruise,直连,29.172
T23,2109.64,cruise,直连,29.033
T23,2110.64,cruise,直连,28.891
T23,2111.639,cruise,直连,28.748
T23,2112.639,cruise,直连,28.604
T23,2113.638,cruise,直连,28.459
T23,2114.638,cruise,直连,28.313
T23,2115.638,cruise,直连,28.166
T23,2116.637,cruise,直连,28.02
T23,2117.637,cruise,直连,27.873
T23,2118.636,cruise,直连,27.726
T23,2119.636,cruise,直连,27.58
T23,2120.635,cruise,直连,27.433
T23,2121.635,cruise,直连,27.288
T23,2122.634,cruise,直连,27.143
T23,2123.634,cruise,直连,26.998
T23,2124.633,cruise,直连,26.855
T23,2125.633,cruise,直连,26.712
T23,2126.633,cruise,直连,26.57
T23,2127.632,cruise,直连,26.429
T23,2128.632,cruise,直连,26.289
T23,2129.631,cruise,直连,26.15
T23,2130.631,cruise,直连,26.013
T23,2131.63,cruise,直连,25.876
T23,2132.63,cruise,直连,25.741
T23,2133.629,cruise,直连,25.607
T23,2134.629,cruise,直连,25.474
T23,2135.628,cruise,直连,25.342
T23,2136.628,cruise,直连,25.211
T23,2137.628,cruise,直连,25.082
T23,2138.627,cruise,直连,24.954
T23,2139.627,cruise,直连,24.827
T23,2140.626,cruise,直连,24.702
T23,2141.626,cruise,直连,24.577
T23,2142.625,cruise,直连,24.454
T23,2143.625,cruise,直连,24.332
T23,2144.624,cruise,直连,24.212
T23,2145.624,cruise,直连,24.092
T23,2146.623,cruise,直连,23.974
T23,2147.623,cruise,直连,23.857
T23,2148.623,cruise,直连,23.741
T23,2149.622,cruise,直连,23.626
T23,2150.622,cruise,直连,23.513
T23,2151.621,cruise,直连,23.4
T23,2152.621,cruise,直连,23.289
T23,2153.62,cruise,直连,23.179
T23,2154.62,cruise,直连,23.07
T23,2155.619,cruise,直连,22.962
T23,2156.619,cruise,直连,22.855
T23,2157.618,cruise,直连,22.749
T23,2158.618,cruise,直连,22.644
T23,2159.617,cruise,直连,22.541
T23,2160.617,cruise,直连,22.438
T23,2161.617,cruise,直连,22.336
T23,2162.616,cruise,直连,22.236
T23,2163.616,cruise,直连,22.136
T23,2164.615,cruise,直连,22.037
T23,2165.615,cruise,直连,21.939
T23,2166.614,cruise,直连,21.842
T23,2167.614,cruise,直连,21.746
T23,2168.613,cruise,直连,21.651
T23,2169.613,cruise,直连,21.557
T23,2170.612,cruise,直连,21.464
T23,2171.612,cruise,直连,21.371
T23,2172.612,cruise,直连,21.28
T23,2173.611,cruise,直连,21.189
T23,2174.611,cruise,直连,21.099
T23,2175.61,cruise,直连,21.01
T23,2176.61,cruise,直连,20.922
T23,2177.609,cruise,直连,20.834
T23,2178.609,cruise,直连,20.748
T23,2179.608,cruise,直连,20.662
T23,2180.608,cruise,直连,20.577
T23,2181.607,cruise,直连,20.492
T23,2182.607,cruise,直连,20.408
T23,2183.607,cruise,直连,20.325
T23,2184.606,cruise,直连,20.243
T23,2185.606,cruise,直连,20.162
T23,2186.605,cruise,直连,20.081
T23,2187.605,cruise,直连,20.0
T23,2188.604,cruise,直连,19.921
T23,2189.604,cruise,直连,19.842
T23,2190.603,cruise,直连,19.764
T23,2191.603,cruise,直连,19.686
T23,2192.602,cruise,直连,19.609
T23,2193.602,cruise,直连,19.533
T23,2194.601,cruise,直连,19.457
T23,2195.601,cruise,直连,19.382
T23,2196.601,cruise,直连,19.308
T23,2197.6,cruise,直连,19.234
T23,2198.6,cruise,直连,19.16
T23,2199.599,cruise,直连,19.088
T23,2200.599,cruise,直连,19.015
T23,2201.598,cruise,直连,18.944
T23,2202.598,cruise,直连,18.873
T23,2203.597,cruise,直连,18.802
T23,2204.597,cruise,直连,18.732
T23,2205.596,cruise,直连,18.662
T23,2206.596,cruise,直连,18.593
T23,2207.596,cruise,直连,18.525
T23,2208.595,cruise,直连,18.457
T23,2209.595,cruise,直连,18.389
T23,2210.594,cruise,直连,18.322
T23,2211.594,cruise,直连,18.256
T23,2212.593,cruise,直连,18.19
T23,2213.593,cruise,直连,18.124
T23,2214.592,cruise,直连,18.059
T23,2215.592,cruise,直连,17.995
T23,2216.591,cruise,直连,17.93
T23,2217.591,cruise,直连,17.867
T23,2218.591,cruise,直连,17.803
T23,2219.59,cruise,直连,17.741
T23,2220.59,cruise,直连,17.678
T23,2221.589,cruise,直连,17.616
T23,2222.589,cruise,直连,17.554
T23,2223.588,cruise,直连,17.493
T23,2224.588,cruise,直连,17.432
T23,2225.587,cruise,直连,17.372
T23,2226.587,cruise,直连,17.312
T23,2227.586,cruise,直连,17.253
T23,2228.586,cruise,直连,17.193
T23,2229.586,cruise,直连,17.135
T23,2230.585,cruise,直连,17.076
T23,2231.585,cruise,直连,17.018
T23,2232.584,cruise,直连,16.96
T23,2233.584,cruise,直连,16.903
T23,2234.583,cruise,直连,16.846
T23,2235.583,cruise,直连,16.789
T23,2236.582,cruise,直连,16.733
T23,2237.582,cruise,直连,16.677
T23,2238.581,cruise,直连,16.622
T23,2239.581,cruise,直连,16.566
T23,2240.58,cruise,直连,16.512
T23,2241.58,cruise,直连,16.457
T23,2242.58,cruise,直连,16.403
T23,2243.579,cruise,直连,16.349
T23,2244.579,cruise,直连,16.295
T23,2245.578,cruise,直连,16.242
T23,2246.578,cruise,直连,16.189
T23,2247.577,cruise,直连,16.136
T23,2248.577,cruise,直连,16.084
T23,2249.576,cruise,直连,16.032
T23,2250.576,cruise,直连,15.98
T23,2251.575,cruise,直连,15.929
T23,2252.575,cruise,直连,15.878
T23,2253.575,cruise,直连,15.827
T23,2254.574,cruise,直连,15.776
T23,2255.574,cruise,直连,15.726
T23,2256.573,cruise,直连,15.676
T23,2257.573,cruise,直连,15.626
T23,2258.572,cruise,直连,15.577
T23,2259.572,cruise,直连,15.528
T23,2260.571,cruise,直连,15.479
T23,2261.571,cruise,直连,15.43
T23,2262.57,cruise,直连,15.382
T23,2263.57,cruise,直连,15.334
T23,2264.57,cruise,直连,15.286
T23,2265.569,cruise,直连,15.238
T23,2266.569,cruise,直连,15.191
T23,2267.568,cruise,直连,15.144
T23,2268.568,cruise,直连,15.097
T23,2269.567,cruise,直连,15.05
T23,2270.567,cruise,直连,15.004
T23,2271.566,cruise,直连,14.958
T23,2272.566,cruise,直连,14.912
T23,2273.565,cruise,直连,14.866
T23,2274.565,cruise,直连,14.821
T23,2275.564,cruise,直连,14.775
T23,2276.564,cruise,直连,14.731
T23,2277.564,cruise,直连,14.686
T23,2278.563,cruise,直连,14.641
T23,2279.563,cruise,直连,14.597
T23,2280.562,cruise,直连,14.553
T23,2281.562,cruise,直连,14.509
T23,2282.561,cruise,直连,14.465
T23,2283.561,cruise,直连,14.422
T23,2284.56,cruise,直连,14.379
T23,2285.56,cruise,直连,14.336
T23,2286.559,cruise,直连,14.293
T23,2287.559,cruise,直连,14.25
T23,2288.559,cruise,直连,14.208
T23,2289.558,cruise,直连,14.166
T23,2290.558,cruise,直连,14.124
T23,2291.557,cruise,直连,14.082
T23,2292.557,cruise,直连,14.04
T23,2293.556,cruise,直连,13.999
T23,2294.556,cruise,直连,13.958
T23,2295.555,cruise,直连,13.917
T23,2296.555,cruise,直连,13.876
T23,2297.554,cruise,直连,13.835
T23,2298.554,cruise,直连,13.795
T23,2299.554,cruise,直连,13.754
T23,2300.553,cruise,直连,13.714
T23,2301.553,cruise,直连,13.674
T23,2302.552,cruise,直连,13.635
T23,2303.552,cruise,直连,13.595
T23,2304.551,cruise,直连,13.556
T23,2305.551,cruise,直连,13.517
T23,2306.55,cruise,直连,13.477
T23,2307.55,cruise,直连,13.439
T23,2308.549,cruise,直连,13.4
T23,2309.549,cruise,直连,13.361
T23,2310.549,cruise,直连,13.323
T23,2311.548,cruise,直连,13.285
T23,2312.548,cruise,直连,13.247
T23,2313.547,cruise,直连,13.209
T23,2314.547,cruise,直连,13.171
T23,2315.546,cruise,直连,13.134
T23,2316.546,cruise,直连,13.096
T23,2317.545,cruise,直连,13.059
T23,2318.545,cruise,直连,13.022
T23,2319.544,cruise,直连,12.985
T23,2320.544,cruise,直连,12.948
T23,2321.543,cruise,直连,12.912
T23,2322.543,cruise,直连,12.875
T23,2323.543,cruise,直连,12.839
T23,2324.542,cruise,直连,12.803
T23,2325.542,cruise,直连,12.767
T23,2326.541,cruise,直连,12.731
T23,2327.541,cruise,直连,12.695
T23,2328.54,cruise,直连,12.66
T23,2329.54,cruise,直连,12.624
T23,2330.539,cruise,直连,12.589
T23,2331.539,cruise,直连,12.554
T23,2332.538,cruise,直连,12.519
T23,2333.538,cruise,直连,12.484
T23,2334.538,cruise,直连,12.449
T23,2335.537,cruise,直连,12.415
T23,2336.537,cruise,直连,12.38
T23,2337.536,cruise,直连,12.346
T23,2338.536,cruise,直连,12.312
T23,2339.535,cruise,直连,12.277
T23,2340.535,cruise,直连,12.244
T23,2341.534,cruise,直连,12.21
T23,2342.534,cruise,直连,12.176
T23,2343.533,cruise,直连,12.143
T23,2344.533,cruise,直连,12.109
T23,2345.533,cruise,直连,12.076
T23,2346.532,cruise,直连,12.043
T23,2347.532,cruise,直连,12.01
T23,2348.531,cruise,直连,11.977
T23,2349.531,cruise,直连,11.944
T23,2350.53,cruise,直连,11.911
T23,2351.53,cruise,直连,11.879
T23,2352.529,cruise,直连,11.846
T23,2353.529,cruise,直连,11.814
T23,2354.528,cruise,直连,11.782
T23,2355.528,cruise,直连,11.75
T23,2356.527,cruise,直连,11.718
T23,2357.527,cruise,直连,11.686
T23,2358.527,cruise,直连,11.654
T23,2359.526,cruise,直连,11.623
T23,2360.526,cruise,直连,11.591
T23,2361.525,cruise,直连,11.56
T23,2362.525,cruise,直连,11.528
T23,2363.524,cruise,直连,11.497
T23,2364.524,cruise,直连,11.466
T23,2365.523,cruise,直连,11.435
T23,2366.523,cruise,直连,11.404
T23,2367.522,cruise,直连,11.374
T23,2368.522,cruise,直连,11.343
T23,2369.522,cruise,直连,11.312
T23,2370.521,cruise,直连,11.282
T23,2371.521,cruise,直连,11.252
T23,2372.52,cruise,直连,11.222
T23,2373.52,cruise,直连,11.191
T23,2374.519,cruise,直连,11.161
T23,2375.519,cruise,直连,11.132
T23,2376.518,cruise,直连,11.102
T23,2377.518,cruise,直连,11.072
T23,2378.517,cruise,直连,11.042
T23,2379.517,cruise,直连,11.013
T23,2380.517,cruise,直连,10.984
T23,2381.516,cruise,直连,10.954
T23,2382.516,cruise,直连,10.925
T23,2383.515,cruise,直连,10.896
T23,2384.515,cruise,直连,10.867
T23,2385.514,cruise,直连,10.838
T23,2386.514,cruise,直连,10.809
T23,2387.513,cruise,直连,10.781
T23,2388.513,cruise,直连,10.752
T23,2389.512,cruise,直连,10.723
T23,2390.512,cruise,直连,10.695
T23,2391.512,cruise,直连,10.667
T23,2392.511,cruise,直连,10.638
T23,2393.511,cruise,直连,10.61
T23,2394.51,cruise,直连,10.582
T23,2395.51,cruise,直连,10.554
T23,2396.509,cruise,直连,10.526
T23,2397.509,cruise,直连,10.498
T23,2398.508,cruise,直连,10.471
T23,2399.508,cruise,直连,10.443
T23,2400.507,cruise,直连,10.416
T23,2401.507,cruise,直连,10.388
T23,2402.506,cruise,直连,10.361
T23,2403.506,cruise,直连,10.333
T23,2404.506,cruise,直连,10.306
T23,2405.505,cruise,直连,10.279
T23,2406.505,cruise,直连,10.252
T23,2407.504,cruise,直连,10.225
T23,2408.504,cruise,直连,10.198
T23,2409.503,cruise,直连,10.171
T23,2410.503,cruise,直连,10.145
T23,2411.502,cruise,直连,10.118
T23,2412.502,cruise,直连,0.092
T23,2413.501,cruise,直连,0.065
T23,2414.501,cruise,直连,0.039
T23,2415.501,cruise,直连,10.012
T23,2416.5,cruise,中继,7.303
T23,2417.5,cruise,中继,7.313
T23,2418.499,cruise,中继,7.322
T23,2419.499,cruise,中继,7.331
T23,2420.498,cruise,中继,7.34
T23,2421.498,cruise,中继,7.349
T23,2422.497,cruise,中继,7.358
T23,2423.497,cruise,中继,7.367
T23,2424.496,cruise,中继,7.375
T23,2425.496,cruise,中继,7.384
T23,2426.496,cruise,中继,7.392
T23,2427.495,cruise,中继,7.4
T23,2428.495,cruise,中继,7.408
T23,2429.494,cruise,中继,7.416
T23,2430.494,cruise,中继,7.423
T23,2431.493,cruise,中继,7.43
T23,2432.493,cruise,中继,7.438
T23,2433.492,cruise,中继,7.445
T23,2434.492,cruise,中继,7.452
T23,2435.491,cruise,中继,7.458
T23,2436.491,cruise,中继,7.465
T23,2437.49,cruise,中继,7.471
T23,2438.49,cruise,中继,7.478
T23,2439.49,cruise,中继,7.484
T23,2440.489,cruise,中继,7.49
T23,2441.489,cruise,中继,7.495
T23,2442.488,cruise,中继,7.501
T23,2443.488,cruise,中继,7.506
T23,2444.487,cruise,中继,7.511
T23,2445.487,cruise,中继,7.516
T23,2446.486,cruise,中继,7.521
T23,2447.486,cruise,中继,7.526
T23,2448.485,cruise,中继,7.531
T23,2449.485,cruise,中继,7.535
T23,2450.485,cruise,中继,7.539
T23,2451.484,cruise,中继,7.543
T23,2452.484,cruise,中继,7.547
T23,2453.483,cruise,中继,7.55
T23,2454.483,cruise,中继,7.554
T23,2455.482,cruise,中继,7.557
T23,2456.482,cruise,中继,7.56
T23,2457.481,cruise,中继,7.563
T23,2458.481,cruise,中继,7.566
T23,2459.48,cruise,中继,7.568
T23,2460.48,cruise,中继,7.571
T23,2461.48,cruise,中继,7.573
T23,2462.479,cruise,中继,7.575
T23,2463.479,cruise,中继,7.577
T23,2464.478,cruise,中继,7.578
T23,2465.478,cruise,中继,7.58
T23,2465.478,descent,中继,7.58
T23,2466.472,descent,中继,7.579
T23,2467.465,descent,中继,7.578
T23,2468.459,descent,中继,7.577
T23,2469.453,descent,中继,7.576
T23,2470.447,descent,中继,7.575
T23,2471.441,descent,中继,7.574
T23,2472.435,descent,中继,7.572
T23,2473.429,descent,中继,7.571
T23,2474.423,descent,中继,7.57
T23,2475.416,descent,中继,7.569
T23,2476.41,descent,中继,7.568
T23,2477.404,descent,中继,7.567
T23,2478.398,descent,中继,7.566
T23,2479.392,descent,中继,7.565
T23,2480.386,descent,中继,7.563
T23,2481.38,descent,中继,7.562
T23,2482.374,descent,中继,7.561
T23,2483.368,descent,中继,7.56
T23,2484.361,descent,中继,7.559
T23,2485.355,descent,中继,7.558
T23,2486.349,descent,中继,7.556
T23,2487.343,descent,中继,7.555
T23,2488.337,descent,中继,7.554
T23,2489.331,descent,中继,7.553
T23,2490.325,descent,中继,7.551
T23,2491.319,descent,中继,7.55
T23,2492.312,descent,中继,7.549
T23,2493.306,descent,中继,7.548
T23,2494.3,descent,中继,7.546
T23,2495.294,descent,中继,7.545
T23,2496.288,descent,中继,7.544
T23,2497.282,descent,中继,7.543
T23,2498.276,descent,中继,7.541
T23,2499.27,descent,中继,7.54
T23,2500.263,descent,中继,7.539
T23,2501.257,descent,中继,7.537
T23,2502.251,descent,中继,7.536
T23,2503.245,descent,中继,7.535
T23,2504.239,descent,中继,7.534
T23,2505.233,descent,中继,7.532
T23,2506.227,descent,中继,7.531
T23,2507.221,descent,中继,7.529
T23,2508.214,descent,中继,7.528
T23,2509.208,descent,中继,7.527
T23,2510.202,descent,中继,7.525
T23,2511.196,descent,中继,7.524
T23,2512.19,descent,中继,7.523
T23,2513.184,descent,中继,7.521
T23,2514.178,descent,中继,7.52
T23,2515.172,descent,中继,7.518
T23,2516.165,descent,中继,7.517
T23,2517.159,descent,中继,7.516
T23,2518.153,descent,中继,7.514
T23,2519.147,descent,中继,7.513
T23,2520.141,descent,中继,7.511
T23,2521.135,descent,中继,7.51
T23,2522.129,descent,中继,7.508
T23,2523.123,descent,中继,7.507
T23,2524.117,descent,中继,7.505
T23,2525.11,descent,中继,7.504
T23,2526.104,descent,中继,7.502
T23,2527.098,descent,中继,7.501
T23,2527.098,handover,中继,7.501
T23,2737.098,handover,中继,7.501
T23,2737.098,climb,中继,7.501
T23,2738.086,climb,中继,7.503
T23,2739.073,climb,中继,7.504
T23,2740.061,climb,中继,7.506
T23,2741.048,climb,中继,7.508
T23,2742.036,climb,中继,7.51
T23,2743.023,climb,中继,7.511
T23,2744.011,climb,中继,7.513
T23,2744.998,climb,中继,7.515
T23,2745.986,climb,中继,7.517
T23,2746.973,climb,中继,7.518
T23,2747.961,climb,中继,7.52
T23,2748.948,climb,中继,7.522
T23,2749.936,climb,中继,7.523
T23,2750.923,climb,中继,7.525
T23,2751.911,climb,中继,7.527
T23,2752.898,climb,中继,7.528
T23,2753.886,climb,中继,7.53
T23,2754.873,climb,中继,7.531
T23,2755.861,climb,中继,7.533
T23,2756.848,climb,中继,7.535
T23,2757.836,climb,中继,7.536
T23,2758.823,climb,中继,7.538
T23,2759.811,climb,中继,7.539
T23,2760.798,climb,中继,7.541
T23,2761.786,climb,中继,7.542
T23,2762.773,climb,中继,7.544
T23,2763.761,climb,中继,7.545
T23,2764.748,climb,中继,7.547
T23,2765.736,climb,中继,7.548
T23,2766.723,climb,中继,7.55
T23,2767.711,climb,中继,7.551
T23,2768.698,climb,中继,7.553
T23,2769.686,climb,中继,7.554
T23,2770.673,climb,中继,7.556
T23,2771.661,climb,中继,7.557
T23,2772.648,climb,中继,7.559
T23,2773.636,climb,中继,7.56
T23,2774.623,climb,中继,7.561
T23,2775.611,climb,中继,7.563
T23,2776.598,climb,中继,7.564
T23,2777.586,climb,中继,7.566
T23,2778.573,climb,中继,7.567
T23,2779.561,climb,中继,7.568
T23,2780.548,climb,中继,7.57
T23,2781.536,climb,中继,7.571
T23,2782.523,climb,中继,7.572
T23,2783.511,climb,中继,7.574
T23,2784.498,climb,中继,7.575
T23,2785.486,climb,中继,7.576
T23,2786.473,climb,中继,7.577
T23,2787.461,climb,中继,7.579
T23,2788.449,climb,中继,7.58
T23,2788.449,cruise,中继,7.58
T23,2789.448,cruise,中继,7.578
T23,2790.448,cruise,中继,7.577
T23,2791.447,cruise,中继,7.575
T23,2792.447,cruise,中继,7.573
T23,2793.446,cruise,中继,7.571
T23,2794.446,cruise,中继,7.568
T23,2795.445,cruise,中继,7.566
T23,2796.445,cruise,中继,7.563
T23,2797.444,cruise,中继,7.56
T23,2798.444,cruise,中继,7.557
T23,2799.443,cruise,中继,7.554
T23,2800.443,cruise,中继,7.55
T23,2801.443,cruise,中继,7.547
T23,2802.442,cruise,中继,7.543
T23,2803.442,cruise,中继,7.539
T23,2804.441,cruise,中继,7.535
T23,2805.441,cruise,中继,7.531
T23,2806.44,cruise,中继,7.526
T23,2807.44,cruise,中继,7.521
T23,2808.439,cruise,中继,7.516
T23,2809.439,cruise,中继,7.511
T23,2810.438,cruise,中继,7.506
T23,2811.438,cruise,中继,7.501
T23,2812.438,cruise,中继,7.495
T23,2813.437,cruise,中继,7.49
T23,2814.437,cruise,中继,7.484
T23,2815.436,cruise,中继,7.478
T23,2816.436,cruise,中继,7.471
T23,2817.435,cruise,中继,7.465
T23,2818.435,cruise,中继,7.458
T23,2819.434,cruise,中继,7.452
T23,2820.434,cruise,中继,7.445
T23,2821.433,cruise,中继,7.438
T23,2822.433,cruise,中继,7.43
T23,2823.433,cruise,中继,7.423
T23,2824.432,cruise,中继,7.416
T23,2825.432,cruise,中继,7.408
T23,2826.431,cruise,中继,7.4
T23,2827.431,cruise,中继,7.392
T23,2828.43,cruise,中继,7.384
T23,2829.43,cruise,中继,7.375
T23,2830.429,cruise,中继,7.367
T23,2831.429,cruise,中继,7.358
T23,2832.428,cruise,中继,7.349
T23,2833.428,cruise,中继,7.34
T23,2834.427,cruise,中继,7.331
T23,2835.427,cruise,中继,7.322
T23,2836.427,cruise,中继,7.313
T23,2837.426,cruise,中继,7.303
T23,2838.426,cruise,直连,10.012
T23,2839.425,cruise,直连,0.039
T23,2840.425,cruise,直连,0.065
T23,2841.424,cruise,直连,0.092
T23,2842.424,cruise,直连,10.118
T23,2843.423,cruise,直连,10.145
T23,2844.423,cruise,直连,10.171
T23,2845.422,cruise,直连,10.198
T23,2846.422,cruise,直连,10.225
T23,2847.422,cruise,直连,10.252
T23,2848.421,cruise,直连,10.279
T23,2849.421,cruise,直连,10.306
T23,2850.42,cruise,直连,10.333
T23,2851.42,cruise,直连,10.361
T23,2852.419,cruise,直连,10.388
T23,2853.419,cruise,直连,10.416
T23,2854.418,cruise,直连,10.443
T23,2855.418,cruise,直连,10.471
T23,2856.417,cruise,直连,10.498
T23,2857.417,cruise,直连,10.526
T23,2858.417,cruise,直连,10.554
T23,2859.416,cruise,直连,10.582
T23,2860.416,cruise,直连,10.61
T23,2861.415,cruise,直连,10.638
T23,2862.415,cruise,直连,10.667
T23,2863.414,cruise,直连,10.695
T23,2864.414,cruise,直连,10.723
T23,2865.413,cruise,直连,10.752
T23,2866.413,cruise,直连,10.781
T23,2867.412,cruise,直连,10.809
T23,2868.412,cruise,直连,10.838
T23,2869.412,cruise,直连,10.867
T23,2870.411,cruise,直连,10.896
T23,2871.411,cruise,直连,10.925
T23,2872.41,cruise,直连,10.954
T23,2873.41,cruise,直连,10.984
T23,2874.409,cruise,直连,11.013
T23,2875.409,cruise,直连,11.042
T23,2876.408,cruise,直连,11.072
T23,2877.408,cruise,直连,11.102
T23,2878.407,cruise,直连,11.132
T23,2879.407,cruise,直连,11.161
T23,2880.406,cruise,直连,11.191
T23,2881.406,cruise,直连,11.222
T23,2882.406,cruise,直连,11.252
T23,2883.405,cruise,直连,11.282
T23,2884.405,cruise,直连,11.312
T23,2885.404,cruise,直连,11.343
T23,2886.404,cruise,直连,11.374
T23,2887.403,cruise,直连,11.404
T23,2888.403,cruise,直连,11.435
T23,2889.402,cruise,直连,11.466
T23,2890.402,cruise,直连,11.497
T23,2891.401,cruise,直连,11.528
T23,2892.401,cruise,直连,11.56
T23,2893.401,cruise,直连,11.591
T23,2894.4,cruise,直连,11.623
T23,2895.4,cruise,直连,11.654
T23,2896.399,cruise,直连,11.686
T23,2897.399,cruise,直连,11.718
T23,2898.398,cruise,直连,11.75
T23,2899.398,cruise,直连,11.782
T23,2900.397,cruise,直连,11.814
T23,2901.397,cruise,直连,11.846
T23,2902.396,cruise,直连,11.879
T23,2903.396,cruise,直连,11.911
T23,2904.396,cruise,直连,11.944
T23,2905.395,cruise,直连,11.977
T23,2906.395,cruise,直连,12.01
T23,2907.394,cruise,直连,12.043
T23,2908.394,cruise,直连,12.076
T23,2909.393,cruise,直连,12.109
T23,2910.393,cruise,直连,12.143
T23,2911.392,cruise,直连,12.176
T23,2912.392,cruise,直连,12.21
T23,2913.391,cruise,直连,12.244
T23,2914.391,cruise,直连,12.277
T23,2915.39,cruise,直连,12.312
T23,2916.39,cruise,直连,12.346
T23,2917.39,cruise,直连,12.38
T23,2918.389,cruise,直连,12.415
T23,2919.389,cruise,直连,12.449
T23,2920.388,cruise,直连,12.484
T23,2921.388,cruise,直连,12.519
T23,2922.387,cruise,直连,12.554
T23,2923.387,cruise,直连,12.589
T23,2924.386,cruise,直连,12.624
T23,2925.386,cruise,直连,12.66
T23,2926.385,cruise,直连,12.695
T23,2927.385,cruise,直连,12.731
T23,2928.385,cruise,直连,12.767
T23,2929.384,cruise,直连,12.803
T23,2930.384,cruise,直连,12.839
T23,2931.383,cruise,直连,12.875
T23,2932.383,cruise,直连,12.912
T23,2933.382,cruise,直连,12.948
T23,2934.382,cruise,直连,12.985
T23,2935.381,cruise,直连,13.022
T23,2936.381,cruise,直连,13.059
T23,2937.38,cruise,直连,13.096
T23,2938.38,cruise,直连,13.134
T23,2939.38,cruise,直连,13.171
T23,2940.379,cruise,直连,13.209
T23,2941.379,cruise,直连,13.247
T23,2942.378,cruise,直连,13.285
T23,2943.378,cruise,直连,13.323
T23,2944.377,cruise,直连,13.361
T23,2945.377,cruise,直连,13.4
T23,2946.376,cruise,直连,13.439
T23,2947.376,cruise,直连,13.477
T23,2948.375,cruise,直连,13.517
T23,2949.375,cruise,直连,13.556
T23,2950.375,cruise,直连,13.595
T23,2951.374,cruise,直连,13.635
T23,2952.374,cruise,直连,13.674
T23,2953.373,cruise,直连,13.714
T23,2954.373,cruise,直连,13.754
T23,2955.372,cruise,直连,13.795
T23,2956.372,cruise,直连,13.835
T23,2957.371,cruise,直连,13.876
T23,2958.371,cruise,直连,13.917
T23,2959.37,cruise,直连,13.958
T23,2960.37,cruise,直连,13.999
T23,2961.369,cruise,直连,14.04
T23,2962.369,cruise,直连,14.082
T23,2963.369,cruise,直连,14.124
T23,2964.368,cruise,直连,14.166
T23,2965.368,cruise,直连,14.208
T23,2966.367,cruise,直连,14.25
T23,2967.367,cruise,直连,14.293
T23,2968.366,cruise,直连,14.336
T23,2969.366,cruise,直连,14.379
T23,2970.365,cruise,直连,14.422
T23,2971.365,cruise,直连,14.465
T23,2972.364,cruise,直连,14.509
T23,2973.364,cruise,直连,14.553
T23,2974.364,cruise,直连,14.597
T23,2975.363,cruise,直连,14.641
T23,2976.363,cruise,直连,14.686
T23,2977.362,cruise,直连,14.731
T23,2978.362,cruise,直连,14.775
T23,2979.361,cruise,直连,14.821
T23,2980.361,cruise,直连,14.866
T23,2981.36,cruise,直连,14.912
T23,2982.36,cruise,直连,14.958
T23,2983.359,cruise,直连,15.004
T23,2984.359,cruise,直连,15.05
T23,2985.359,cruise,直连,15.097
T23,2986.358,cruise,直连,15.144
T23,2987.358,cruise,直连,15.191
T23,2988.357,cruise,直连,15.238
T23,2989.357,cruise,直连,15.286
T23,2990.356,cruise,直连,15.334
T23,2991.356,cruise,直连,15.382
T23,2992.355,cruise,直连,15.43
T23,2993.355,cruise,直连,15.479
T23,2994.354,cruise,直连,15.528
T23,2995.354,cruise,直连,15.577
T23,2996.353,cruise,直连,15.626
T23,2997.353,cruise,直连,15.676
T23,2998.353,cruise,直连,15.726
T23,2999.352,cruise,直连,15.776
T23,3000.352,cruise,直连,15.827
T23,3001.351,cruise,直连,15.878
T23,3002.351,cruise,直连,15.929
T23,3003.35,cruise,直连,15.98
T23,3004.35,cruise,直连,16.032
T23,3005.349,cruise,直连,16.084
T23,3006.349,cruise,直连,16.136
T23,3007.348,cruise,直连,16.189
T23,3008.348,cruise,直连,16.242
T23,3009.348,cruise,直连,16.295
T23,3010.347,cruise,直连,16.349
T23,3011.347,cruise,直连,16.403
T23,3012.346,cruise,直连,16.457
T23,3013.346,cruise,直连,16.512
T23,3014.345,cruise,直连,16.566
T23,3015.345,cruise,直连,16.622
T23,3016.344,cruise,直连,16.677
T23,3017.344,cruise,直连,16.733
T23,3018.343,cruise,直连,16.789
T23,3019.343,cruise,直连,16.846
T23,3020.343,cruise,直连,16.903
T23,3021.342,cruise,直连,16.96
T23,3022.342,cruise,直连,17.018
T23,3023.341,cruise,直连,17.076
T23,3024.341,cruise,直连,17.135
T23,3025.34,cruise,直连,17.193
T23,3026.34,cruise,直连,17.253
T23,3027.339,cruise,直连,17.312
T23,3028.339,cruise,直连,17.372
T23,3029.338,cruise,直连,17.432
T23,3030.338,cruise,直连,17.493
T23,3031.338,cruise,直连,17.554
T23,3032.337,cruise,直连,17.616
T23,3033.337,cruise,直连,17.678
T23,3034.336,cruise,直连,17.741
T23,3035.336,cruise,直连,17.803
T23,3036.335,cruise,直连,17.867
T23,3037.335,cruise,直连,17.93
T23,3038.334,cruise,直连,17.995
T23,3039.334,cruise,直连,18.059
T23,3040.333,cruise,直连,18.124
T23,3041.333,cruise,直连,18.19
T23,3042.332,cruise,直连,18.256
T23,3043.332,cruise,直连,18.322
T23,3044.332,cruise,直连,18.389
T23,3045.331,cruise,直连,18.457
T23,3046.331,cruise,直连,18.525
T23,3047.33,cruise,直连,18.593
T23,3048.33,cruise,直连,18.662
T23,3049.329,cruise,直连,18.732
T23,3050.329,cruise,直连,18.802
T23,3051.328,cruise,直连,18.873
T23,3052.328,cruise,直连,18.944
T23,3053.327,cruise,直连,19.015
T23,3054.327,cruise,直连,19.088
T23,3055.327,cruise,直连,19.16
T23,3056.326,cruise,直连,19.234
T23,3057.326,cruise,直连,19.308
T23,3058.325,cruise,直连,19.382
T23,3059.325,cruise,直连,19.457
T23,3060.324,cruise,直连,19.533
T23,3061.324,cruise,直连,19.609
T23,3062.323,cruise,直连,19.686
T23,3063.323,cruise,直连,19.764
T23,3064.322,cruise,直连,19.842
T23,3065.322,cruise,直连,19.921
T23,3066.322,cruise,直连,20.0
T23,3067.321,cruise,直连,20.081
T23,3068.321,cruise,直连,20.162
T23,3069.32,cruise,直连,20.243
T23,3070.32,cruise,直连,20.325
T23,3071.319,cruise,直连,20.408
T23,3072.319,cruise,直连,20.492
T23,3073.318,cruise,直连,20.577
T23,3074.318,cruise,直连,20.662
T23,3075.317,cruise,直连,20.748
T23,3076.317,cruise,直连,20.834
T23,3077.316,cruise,直连,20.922
T23,3078.316,cruise,直连,21.01
T23,3079.316,cruise,直连,21.099
T23,3080.315,cruise,直连,21.189
T23,3081.315,cruise,直连,21.28
T23,3082.314,cruise,直连,21.371
T23,3083.314,cruise,直连,21.464
T23,3084.313,cruise,直连,21.557
T23,3085.313,cruise,直连,21.651
T23,3086.312,cruise,直连,21.746
T23,3087.312,cruise,直连,21.842
T23,3088.311,cruise,直连,21.939
T23,3089.311,cruise,直连,22.037
T23,3090.311,cruise,直连,22.136
T23,3091.31,cruise,直连,22.236
T23,3092.31,cruise,直连,22.336
T23,3093.309,cruise,直连,22.438
T23,3094.309,cruise,直连,22.541
T23,3095.308,cruise,直连,22.644
T23,3096.308,cruise,直连,22.749
T23,3097.307,cruise,直连,22.855
T23,3098.307,cruise,直连,22.962
T23,3099.306,cruise,直连,23.07
T23,3100.306,cruise,直连,23.179
T23,3101.306,cruise,直连,23.289
T23,3102.305,cruise,直连,23.4
T23,3103.305,cruise,直连,23.513
T23,3104.304,cruise,直连,23.626
T23,3105.304,cruise,直连,23.741
T23,3106.303,cruise,直连,23.857
T23,3107.303,cruise,直连,23.974
T23,3108.302,cruise,直连,24.092
T23,3109.302,cruise,直连,24.212
T23,3110.301,cruise,直连,24.332
T23,3111.301,cruise,直连,24.454
T23,3112.301,cruise,直连,24.577
T23,3113.3,cruise,直连,24.702
T23,3114.3,cruise,直连,24.827
T23,3115.299,cruise,直连,24.954
T23,3116.299,cruise,直连,25.082
T23,3117.298,cruise,直连,25.211
T23,3118.298,cruise,直连,25.342
T23,3119.297,cruise,直连,25.474
T23,3120.297,cruise,直连,25.607
T23,3121.296,cruise,直连,25.741
T23,3122.296,cruise,直连,25.876
T23,3123.295,cruise,直连,26.013
T23,3124.295,cruise,直连,26.15
T23,3125.295,cruise,直连,26.289
T23,3126.294,cruise,直连,26.429
T23,3127.294,cruise,直连,26.57
T23,3128.293,cruise,直连,26.712
T23,3129.293,cruise,直连,26.855
T23,3130.292,cruise,直连,26.998
T23,3131.292,cruise,直连,27.143
T23,3132.291,cruise,直连,27.288
T23,3133.291,cruise,直连,27.433
T23,3134.29,cruise,直连,27.58
T23,3135.29,cruise,直连,27.726
T23,3136.29,cruise,直连,27.873
T23,3137.289,cruise,直连,28.02
T23,3138.289,cruise,直连,28.166
T23,3139.288,cruise,直连,28.313
T23,3140.288,cruise,直连,28.459
T23,3141.287,cruise,直连,28.604
T23,3142.287,cruise,直连,28.748
T23,3143.286,cruise,直连,28.891
T23,3144.286,cruise,直连,29.033
T23,3145.285,cruise,直连,29.172
T23,3146.285,cruise,直连,29.31
T23,3147.285,cruise,直连,29.445
T23,3148.284,cruise,直连,29.577
T23,3149.284,cruise,直连,29.705
T23,3150.283,cruise,直连,29.83
T23,3151.283,cruise,直连,29.951
T23,3152.282,cruise,直连,30.067
T23,3153.282,cruise,直连,30.178
T23,3154.281,cruise,直连,30.283
T23,3155.281,cruise,直连,30.382
T23,3156.28,cruise,直连,30.475
T23,3157.28,cruise,直连,30.56
T23,3158.279,cruise,直连,30.638
T23,3159.279,cruise,直连,30.708
T23,3160.279,cruise,直连,30.77
T23,3161.278,cruise,直连,30.822
T23,3162.278,cruise,直连,30.866
T23,3163.277,cruise,直连,30.9
T23,3164.277,cruise,直连,30.925
T23,3165.276,cruise,直连,30.94
T23,3166.276,cruise,直连,30.945
T23,3166.276,descent,直连,30.945
T23,3167.275,descent,直连,31.006
T23,3168.275,descent,直连,31.068
T23,3169.275,descent,直连,31.13
T23,3170.274,descent,直连,31.193
T23,3171.274,descent,直连,31.256
T23,3172.273,descent,直连,31.32
T23,3173.273,descent,直连,31.384
T23,3174.273,descent,直连,31.449
T23,3175.272,descent,直连,31.514
T23,3176.272,descent,直连,31.579
T23,3177.271,descent,直连,31.645
T23,3178.271,descent,直连,31.712
T23,3179.271,descent,直连,31.779
T23,3180.27,descent,直连,31.846
T23,3181.27,descent,直连,31.915
T23,3182.269,descent,直连,31.983
T23,3183.269,descent,直连,32.052
T23,3184.269,descent,直连,32.122
T23,3185.268,descent,直连,32.193
T23,3186.268,descent,直连,32.263
T23,3187.268,descent,直连,32.335
T23,3188.267,descent,直连,32.407
T23,3189.267,descent,直连,32.48
T23,3190.266,descent,直连,32.553
T23,3191.266,descent,直连,32.627
T23,3192.266,descent,直连,32.702
T23,3193.265,descent,直连,32.777
T23,3194.265,descent,直连,32.853
T23,3195.264,descent,直连,32.929
T23,3196.264,descent,直连,33.006
T23,3197.264,descent,直连,33.084
T23,3198.263,descent,直连,33.163
T23,3199.263,descent,直连,33.242
T23,3200.262,descent,直连,33.322
T23,3201.262,descent,直连,33.403
T23,3202.262,descent,直连,33.485
T23,3203.261,descent,直连,33.567
T23,3204.261,descent,直连,33.65
T23,3205.26,descent,直连,33.734
T23,3206.26,descent,直连,33.819
T23,3207.26,descent,直连,33.904
T23,3208.259,descent,直连,33.991
T23,3209.259,descent,直连,34.078
T23,3210.258,descent,直连,34.166
T23,3211.258,descent,直连,34.255
T23,3212.258,descent,直连,34.345
T23,3213.257,descent,直连,34.436
T23,3214.257,descent,直连,34.528
T23,3215.256,descent,直连,34.621
T23,3216.256,descent,直连,34.715
T23,3217.256,descent,直连,34.81
T23,3218.255,descent,直连,34.906
T23,3219.255,descent,直连,35.003
T23,3220.254,descent,直连,35.101
T23,3221.254,descent,直连,35.2
T23,3222.254,descent,直连,35.301
T23,3223.253,descent,直连,35.402
T23,3224.253,descent,直连,35.505
T23,3225.252,descent,直连,35.609
T23,3226.252,descent,直连,35.714
T23,3227.252,descent,直连,35.821
T23,3228.251,descent,直连,35.929
T23,3229.251,descent,直连,36.038
T23,3230.25,descent,直连,36.149
T23,3231.25,descent,直连,36.261
T23,3232.25,descent,直连,36.375
T23,3233.249,descent,直连,36.49
T23,3234.249,descent,直连,36.606
T23,3235.248,descent,直连,36.724
T23,3236.248,descent,直连,36.844
T23,3237.248,descent,直连,36.966
T23,3238.247,descent,直连,37.089
T23,3239.247,descent,直连,37.214
T23,3240.246,descent,直连,37.341
T23,3241.246,descent,直连,37.469
T23,3242.246,descent,直连,37.6
T23,3243.245,descent,直连,37.733
T23,3244.245,descent,直连,37.867
T23,3245.244,descent,直连,38.004
T23,3246.244,descent,直连,38.143
T23,3247.244,descent,直连,38.284
T23,3248.243,descent,直连,38.428
T23,3249.243,descent,直连,38.574
T23,3250.242,descent,直连,38.722
T23,3251.242,descent,直连,38.873
T23,3252.242,descent,直连,39.027
T23,3253.241,descent,直连,39.184
T23,3254.241,descent,直连,39.343
T23,3255.241,descent,直连,39.505
T23,3256.24,descent,直连,39.671
T23,3257.24,descent,直连,39.84
T23,3258.239,descent,直连,40.012
T23,3259.239,descent,直连,40.187
T23,3260.239,descent,直连,40.366
T23,3261.238,descent,直连,40.549
T23,3262.238,descent,直连,40.736
T23,3263.237,descent,直连,40.927
T23,3264.237,descent,直连,41.122
T23,3265.237,descent,直连,41.322
T23,3266.236,descent,直连,41.526
T23,3267.236,descent,直连,41.735
T23,3268.235,descent,直连,41.95
T23,3269.235,descent,直连,42.17
T23,3270.235,descent,直连,42.395
T23,3271.234,descent,直连,42.627
T23,3272.234,descent,直连,42.865
T23,3273.233,descent,直连,43.11
T23,3274.233,descent,直连,43.362
T23,3275.233,descent,直连,43.621
T23,3276.232,descent,直连,43.888
T23,3277.232,descent,直连,44.164
T23,3278.231,descent,直连,44.449
T23,3279.231,descent,直连,44.743
T23,3280.231,descent,直连,45.048
T23,3281.23,descent,直连,45.364
T23,3282.23,descent,直连,45.692
T23,3283.229,descent,直连,46.033
T23,3284.229,descent,直连,46.387
T23,3285.229,descent,直连,46.757
T23,3286.228,descent,直连,47.143
T23,3287.228,descent,直连,47.547
T23,3288.227,descent,直连,47.971
T23,3289.227,descent,直连,48.417
T23,3290.227,descent,直连,48.887
T23,3291.226,descent,直连,49.383
T23,3292.226,descent,直连,49.91
T23,3293.225,descent,直连,50.47
T23,3294.225,descent,直连,51.07
T23,3295.225,descent,直连,51.714
T23,3296.224,descent,直连,52.409
T23,3297.224,descent,直连,53.165
T23,3298.223,descent,直连,53.993
T23,3299.223,descent,直连,54.909
T23,3300.223,descent,直连,55.932
T23,3301.222,descent,直连,57.092
T23,3302.222,descent,直连,58.432
T23,3303.221,descent,直连,60.017
T23,3304.221,descent,直连,61.956
T23,3305.221,descent,直连,64.457
T23,3306.22,descent,直连,67.984
T23,3307.22,descent,直连,74.018
T23,3308.219,descent,直连,123.948
T23,3309.219,descent,直连,73.963
T23,3310.219,descent,直连,67.956
T23,3311.218,descent,直连,64.439
T23,3312.218,descent,直连,61.942
T23,3313.217,descent,直连,60.006
T23,3314.217,descent,直连,58.423
T23,3315.217,descent,直连,57.085
T23,3316.216,descent,直连,45.925
